metric,code,label,iso,country,year,value
gdp_pc_ppp,NY.GDP.PCAP.PP.KD,GDP per capita PPP (const 2021 intl $),ARG,Argentina,2024,26771.9657650571
gdp_pc_ppp,NY.GDP.PCAP.PP.KD,GDP per capita PPP (const 2021 intl $),ARG,Argentina,2023,27230.3968496682
gdp_pc_ppp,NY.GDP.PCAP.PP.KD,GDP per capita PPP (const 2021 intl $),ARG,Argentina,2022,27825.0273492567
gdp_pc_ppp,NY.GDP.PCAP.PP.KD,GDP per capita PPP (const 2021 intl $),ARG,Argentina,2021,26300.274261175
gdp_pc_ppp,NY.GDP.PCAP.PP.KD,GDP per capita PPP (const 2021 intl $),ARG,Argentina,2020,23877.0931404855
gdp_pc_ppp,NY.GDP.PCAP.PP.KD,GDP per capita PPP (const 2021 intl $),ARG,Argentina,2019,26629.5529419501
gdp_pc_ppp,NY.GDP.PCAP.PP.KD,GDP per capita PPP (const 2021 intl $),ARG,Argentina,2018,27367.115094108
gdp_pc_ppp,NY.GDP.PCAP.PP.KD,GDP per capita PPP (const 2021 intl $),ARG,Argentina,2017,28334.904184742
gdp_pc_ppp,NY.GDP.PCAP.PP.KD,GDP per capita PPP (const 2021 intl $),ARG,Argentina,2016,27802.1057201498
gdp_pc_ppp,NY.GDP.PCAP.PP.KD,GDP per capita PPP (const 2021 intl $),ARG,Argentina,2015,28669.2061336796
gdp_pc_ppp,NY.GDP.PCAP.PP.KD,GDP per capita PPP (const 2021 intl $),ARG,Argentina,2014,28200.8152571318
gdp_pc_ppp,NY.GDP.PCAP.PP.KD,GDP per capita PPP (const 2021 intl $),ARG,Argentina,2013,29227.6601818437
gdp_pc_ppp,NY.GDP.PCAP.PP.KD,GDP per capita PPP (const 2021 intl $),ARG,Argentina,2012,28825.9666865361
gdp_pc_ppp,NY.GDP.PCAP.PP.KD,GDP per capita PPP (const 2021 intl $),ARG,Argentina,2011,29425.7593876084
gdp_pc_ppp,NY.GDP.PCAP.PP.KD,GDP per capita PPP (const 2021 intl $),ARG,Argentina,2010,28056.2570212342
gdp_pc_ppp,NY.GDP.PCAP.PP.KD,GDP per capita PPP (const 2021 intl $),ARG,Argentina,2009,25747.1976809995
gdp_pc_ppp,NY.GDP.PCAP.PP.KD,GDP per capita PPP (const 2021 intl $),ARG,Argentina,2008,27658.4853446831
gdp_pc_ppp,NY.GDP.PCAP.PP.KD,GDP per capita PPP (const 2021 intl $),ARG,Argentina,2007,26850.6645932771
gdp_pc_ppp,NY.GDP.PCAP.PP.KD,GDP per capita PPP (const 2021 intl $),ARG,Argentina,2006,24877.2493922296
gdp_pc_ppp,NY.GDP.PCAP.PP.KD,GDP per capita PPP (const 2021 intl $),ARG,Argentina,2005,23262.4075792816
gdp_pc_ppp,NY.GDP.PCAP.PP.KD,GDP per capita PPP (const 2021 intl $),ARG,Argentina,2004,21591.449396517
gdp_pc_ppp,NY.GDP.PCAP.PP.KD,GDP per capita PPP (const 2021 intl $),ARG,Argentina,2003,20005.1385113465
gdp_pc_ppp,NY.GDP.PCAP.PP.KD,GDP per capita PPP (const 2021 intl $),ARG,Argentina,2002,18571.7020471274
gdp_pc_ppp,NY.GDP.PCAP.PP.KD,GDP per capita PPP (const 2021 intl $),ARG,Argentina,2001,21066.4581290433
gdp_pc_ppp,NY.GDP.PCAP.PP.KD,GDP per capita PPP (const 2021 intl $),ARG,Argentina,2000,22281.3814299958
gdp_pc_ppp,NY.GDP.PCAP.PP.KD,GDP per capita PPP (const 2021 intl $),ARG,Argentina,1999,22714.5111302701
gdp_pc_ppp,NY.GDP.PCAP.PP.KD,GDP per capita PPP (const 2021 intl $),ARG,Argentina,1998,23783.1017185449
gdp_pc_ppp,NY.GDP.PCAP.PP.KD,GDP per capita PPP (const 2021 intl $),ARG,Argentina,1997,23172.1583398342
gdp_pc_ppp,NY.GDP.PCAP.PP.KD,GDP per capita PPP (const 2021 intl $),ARG,Argentina,1996,21695.5949515372
gdp_pc_ppp,NY.GDP.PCAP.PP.KD,GDP per capita PPP (const 2021 intl $),ARG,Argentina,1995,20819.4999479903
gdp_pc_ppp,NY.GDP.PCAP.PP.KD,GDP per capita PPP (const 2021 intl $),ARG,Argentina,1994,21711.842788091
gdp_pc_ppp,NY.GDP.PCAP.PP.KD,GDP per capita PPP (const 2021 intl $),ARG,Argentina,1993,20791.3451479504
gdp_pc_ppp,NY.GDP.PCAP.PP.KD,GDP per capita PPP (const 2021 intl $),ARG,Argentina,1992,19476.2840606477
gdp_pc_ppp,NY.GDP.PCAP.PP.KD,GDP per capita PPP (const 2021 intl $),ARG,Argentina,1991,18295.6091996812
gdp_pc_ppp,NY.GDP.PCAP.PP.KD,GDP per capita PPP (const 2021 intl $),ARG,Argentina,1990,17007.2844317191
gdp_pc_ppp,NY.GDP.PCAP.PP.KD,GDP per capita PPP (const 2021 intl $),BGR,Bulgaria,2024,34221.3866940362
gdp_pc_ppp,NY.GDP.PCAP.PP.KD,GDP per capita PPP (const 2021 intl $),BGR,Bulgaria,2023,33073.6803093453
gdp_pc_ppp,NY.GDP.PCAP.PP.KD,GDP per capita PPP (const 2021 intl $),BGR,Bulgaria,2022,32433.6587569626
gdp_pc_ppp,NY.GDP.PCAP.PP.KD,GDP per capita PPP (const 2021 intl $),BGR,Bulgaria,2021,30958.9830238332
gdp_pc_ppp,NY.GDP.PCAP.PP.KD,GDP per capita PPP (const 2021 intl $),BGR,Bulgaria,2020,28521.2062482596
gdp_pc_ppp,NY.GDP.PCAP.PP.KD,GDP per capita PPP (const 2021 intl $),BGR,Bulgaria,2019,29149.921509976
gdp_pc_ppp,NY.GDP.PCAP.PP.KD,GDP per capita PPP (const 2021 intl $),BGR,Bulgaria,2018,27690.893655005
gdp_pc_ppp,NY.GDP.PCAP.PP.KD,GDP per capita PPP (const 2021 intl $),BGR,Bulgaria,2017,26691.758001902
gdp_pc_ppp,NY.GDP.PCAP.PP.KD,GDP per capita PPP (const 2021 intl $),BGR,Bulgaria,2016,25636.7443903478
gdp_pc_ppp,NY.GDP.PCAP.PP.KD,GDP per capita PPP (const 2021 intl $),BGR,Bulgaria,2015,24562.648880929
gdp_pc_ppp,NY.GDP.PCAP.PP.KD,GDP per capita PPP (const 2021 intl $),BGR,Bulgaria,2014,23455.4830019277
gdp_pc_ppp,NY.GDP.PCAP.PP.KD,GDP per capita PPP (const 2021 intl $),BGR,Bulgaria,2013,22954.396399855
gdp_pc_ppp,NY.GDP.PCAP.PP.KD,GDP per capita PPP (const 2021 intl $),BGR,Bulgaria,2012,22618.8104278919
gdp_pc_ppp,NY.GDP.PCAP.PP.KD,GDP per capita PPP (const 2021 intl $),BGR,Bulgaria,2011,22321.033168819
gdp_pc_ppp,NY.GDP.PCAP.PP.KD,GDP per capita PPP (const 2021 intl $),BGR,Bulgaria,2010,21724.2863457596
gdp_pc_ppp,NY.GDP.PCAP.PP.KD,GDP per capita PPP (const 2021 intl $),BGR,Bulgaria,2009,21251.2168646802
gdp_pc_ppp,NY.GDP.PCAP.PP.KD,GDP per capita PPP (const 2021 intl $),BGR,Bulgaria,2008,21845.954719527
gdp_pc_ppp,NY.GDP.PCAP.PP.KD,GDP per capita PPP (const 2021 intl $),BGR,Bulgaria,2007,20440.2525941501
gdp_pc_ppp,NY.GDP.PCAP.PP.KD,GDP per capita PPP (const 2021 intl $),BGR,Bulgaria,2006,19024.543813813
gdp_pc_ppp,NY.GDP.PCAP.PP.KD,GDP per capita PPP (const 2021 intl $),BGR,Bulgaria,2005,17678.0339712293
gdp_pc_ppp,NY.GDP.PCAP.PP.KD,GDP per capita PPP (const 2021 intl $),BGR,Bulgaria,2004,16388.9600145841
gdp_pc_ppp,NY.GDP.PCAP.PP.KD,GDP per capita PPP (const 2021 intl $),BGR,Bulgaria,2003,15271.4839489061
gdp_pc_ppp,NY.GDP.PCAP.PP.KD,GDP per capita PPP (const 2021 intl $),BGR,Bulgaria,2002,14397.001318192
gdp_pc_ppp,NY.GDP.PCAP.PP.KD,GDP per capita PPP (const 2021 intl $),BGR,Bulgaria,2001,13306.5044553959
gdp_pc_ppp,NY.GDP.PCAP.PP.KD,GDP per capita PPP (const 2021 intl $),BGR,Bulgaria,2000,12563.8362285253
gdp_pc_ppp,NY.GDP.PCAP.PP.KD,GDP per capita PPP (const 2021 intl $),BGR,Bulgaria,1999,11953.5983607318
gdp_pc_ppp,NY.GDP.PCAP.PP.KD,GDP per capita PPP (const 2021 intl $),BGR,Bulgaria,1998,12976.2670026785
gdp_pc_ppp,NY.GDP.PCAP.PP.KD,GDP per capita PPP (const 2021 intl $),BGR,Bulgaria,1997,12419.3797738056
gdp_pc_ppp,NY.GDP.PCAP.PP.KD,GDP per capita PPP (const 2021 intl $),BGR,Bulgaria,1996,14372.7715114425
gdp_pc_ppp,NY.GDP.PCAP.PP.KD,GDP per capita PPP (const 2021 intl $),BGR,Bulgaria,1995,13591.3431083214
gdp_pc_ppp,NY.GDP.PCAP.PP.KD,GDP per capita PPP (const 2021 intl $),BGR,Bulgaria,1994,13149.3076944164
gdp_pc_ppp,NY.GDP.PCAP.PP.KD,GDP per capita PPP (const 2021 intl $),BGR,Bulgaria,1993,12870.7386486833
gdp_pc_ppp,NY.GDP.PCAP.PP.KD,GDP per capita PPP (const 2021 intl $),BGR,Bulgaria,1992,12960.3221276617
gdp_pc_ppp,NY.GDP.PCAP.PP.KD,GDP per capita PPP (const 2021 intl $),BGR,Bulgaria,1991,13827.4797929492
gdp_pc_ppp,NY.GDP.PCAP.PP.KD,GDP per capita PPP (const 2021 intl $),BGR,Bulgaria,1990,14954.1346607381
gdp_pc_ppp,NY.GDP.PCAP.PP.KD,GDP per capita PPP (const 2021 intl $),BRA,Brazil,2024,19652.365499171
gdp_pc_ppp,NY.GDP.PCAP.PP.KD,GDP per capita PPP (const 2021 intl $),BRA,Brazil,2023,19079.8122134028
gdp_pc_ppp,NY.GDP.PCAP.PP.KD,GDP per capita PPP (const 2021 intl $),BRA,Brazil,2022,18554.0461828566
gdp_pc_ppp,NY.GDP.PCAP.PP.KD,GDP per capita PPP (const 2021 intl $),BRA,Brazil,2021,18075.7060049068
gdp_pc_ppp,NY.GDP.PCAP.PP.KD,GDP per capita PPP (const 2021 intl $),BRA,Brazil,2020,17327.5157249466
gdp_pc_ppp,NY.GDP.PCAP.PP.KD,GDP per capita PPP (const 2021 intl $),BRA,Brazil,2019,18018.6209151518
gdp_pc_ppp,NY.GDP.PCAP.PP.KD,GDP per capita PPP (const 2021 intl $),BRA,Brazil,2018,17917.7492123359
gdp_pc_ppp,NY.GDP.PCAP.PP.KD,GDP per capita PPP (const 2021 intl $),BRA,Brazil,2017,17724.4799577784
gdp_pc_ppp,NY.GDP.PCAP.PP.KD,GDP per capita PPP (const 2021 intl $),BRA,Brazil,2016,17620.9272434136
gdp_pc_ppp,NY.GDP.PCAP.PP.KD,GDP per capita PPP (const 2021 intl $),BRA,Brazil,2015,18357.0690617991
gdp_pc_ppp,NY.GDP.PCAP.PP.KD,GDP per capita PPP (const 2021 intl $),BRA,Brazil,2014,19183.172744636
gdp_pc_ppp,NY.GDP.PCAP.PP.KD,GDP per capita PPP (const 2021 intl $),BRA,Brazil,2013,19241.5059815726
gdp_pc_ppp,NY.GDP.PCAP.PP.KD,GDP per capita PPP (const 2021 intl $),BRA,Brazil,2012,18832.2195527075
gdp_pc_ppp,NY.GDP.PCAP.PP.KD,GDP per capita PPP (const 2021 intl $),BRA,Brazil,2011,18627.8104529397
gdp_pc_ppp,NY.GDP.PCAP.PP.KD,GDP per capita PPP (const 2021 intl $),BRA,Brazil,2010,18062.1581103659
gdp_pc_ppp,NY.GDP.PCAP.PP.KD,GDP per capita PPP (const 2021 intl $),BRA,Brazil,2009,16939.4407810328
gdp_pc_ppp,NY.GDP.PCAP.PP.KD,GDP per capita PPP (const 2021 intl $),BRA,Brazil,2008,17113.3679822643
gdp_pc_ppp,NY.GDP.PCAP.PP.KD,GDP per capita PPP (const 2021 intl $),BRA,Brazil,2007,16440.583740032
gdp_pc_ppp,NY.GDP.PCAP.PP.KD,GDP per capita PPP (const 2021 intl $),BRA,Brazil,2006,15657.4795716983
gdp_pc_ppp,NY.GDP.PCAP.PP.KD,GDP per capita PPP (const 2021 intl $),BRA,Brazil,2005,15221.0138281541
gdp_pc_ppp,NY.GDP.PCAP.PP.KD,GDP per capita PPP (const 2021 intl $),BRA,Brazil,2004,14911.2609608592
gdp_pc_ppp,NY.GDP.PCAP.PP.KD,GDP per capita PPP (const 2021 intl $),BRA,Brazil,2003,14259.3664089322
gdp_pc_ppp,NY.GDP.PCAP.PP.KD,GDP per capita PPP (const 2021 intl $),BRA,Brazil,2002,14265.9048770292
gdp_pc_ppp,NY.GDP.PCAP.PP.KD,GDP per capita PPP (const 2021 intl $),BRA,Brazil,2001,14016.1313772236
gdp_pc_ppp,NY.GDP.PCAP.PP.KD,GDP per capita PPP (const 2021 intl $),BRA,Brazil,2000,14005.3471874231
gdp_pc_ppp,NY.GDP.PCAP.PP.KD,GDP per capita PPP (const 2021 intl $),BRA,Brazil,1999,13602.4137067874
gdp_pc_ppp,NY.GDP.PCAP.PP.KD,GDP per capita PPP (const 2021 intl $),BRA,Brazil,1998,13737.7026433556
gdp_pc_ppp,NY.GDP.PCAP.PP.KD,GDP per capita PPP (const 2021 intl $),BRA,Brazil,1997,13896.6249901072
gdp_pc_ppp,NY.GDP.PCAP.PP.KD,GDP per capita PPP (const 2021 intl $),BRA,Brazil,1996,13641.6295995961
gdp_pc_ppp,NY.GDP.PCAP.PP.KD,GDP per capita PPP (const 2021 intl $),BRA,Brazil,1995,13550.4393735843
gdp_pc_ppp,NY.GDP.PCAP.PP.KD,GDP per capita PPP (const 2021 intl $),BRA,Brazil,1994,13202.9308011881
gdp_pc_ppp,NY.GDP.PCAP.PP.KD,GDP per capita PPP (const 2021 intl $),BRA,Brazil,1993,12669.4287209749
gdp_pc_ppp,NY.GDP.PCAP.PP.KD,GDP per capita PPP (const 2021 intl $),BRA,Brazil,1992,12271.9788478727
gdp_pc_ppp,NY.GDP.PCAP.PP.KD,GDP per capita PPP (const 2021 intl $),BRA,Brazil,1991,12546.5605005559
gdp_pc_ppp,NY.GDP.PCAP.PP.KD,GDP per capita PPP (const 2021 intl $),BRA,Brazil,1990,12633.2884560597
gdp_pc_ppp,NY.GDP.PCAP.PP.KD,GDP per capita PPP (const 2021 intl $),CHL,Chile,2024,30267.6440919907
gdp_pc_ppp,NY.GDP.PCAP.PP.KD,GDP per capita PPP (const 2021 intl $),CHL,Chile,2023,29600.4188613168
gdp_pc_ppp,NY.GDP.PCAP.PP.KD,GDP per capita PPP (const 2021 intl $),CHL,Chile,2022,29560.4513805785
gdp_pc_ppp,NY.GDP.PCAP.PP.KD,GDP per capita PPP (const 2021 intl $),CHL,Chile,2021,29106.6356522053
gdp_pc_ppp,NY.GDP.PCAP.PP.KD,GDP per capita PPP (const 2021 intl $),CHL,Chile,2020,26258.4038553242
gdp_pc_ppp,NY.GDP.PCAP.PP.KD,GDP per capita PPP (const 2021 intl $),CHL,Chile,2019,28227.9790507594
gdp_pc_ppp,NY.GDP.PCAP.PP.KD,GDP per capita PPP (const 2021 intl $),CHL,Chile,2018,28499.4064000406
gdp_pc_ppp,NY.GDP.PCAP.PP.KD,GDP per capita PPP (const 2021 intl $),CHL,Chile,2017,27899.5979777012
gdp_pc_ppp,NY.GDP.PCAP.PP.KD,GDP per capita PPP (const 2021 intl $),CHL,Chile,2016,27965.3473526831
gdp_pc_ppp,NY.GDP.PCAP.PP.KD,GDP per capita PPP (const 2021 intl $),CHL,Chile,2015,27817.9584848024
gdp_pc_ppp,NY.GDP.PCAP.PP.KD,GDP per capita PPP (const 2021 intl $),CHL,Chile,2014,27511.5610030404
gdp_pc_ppp,NY.GDP.PCAP.PP.KD,GDP per capita PPP (const 2021 intl $),CHL,Chile,2013,27297.8185145366
gdp_pc_ppp,NY.GDP.PCAP.PP.KD,GDP per capita PPP (const 2021 intl $),CHL,Chile,2012,26676.8110154019
gdp_pc_ppp,NY.GDP.PCAP.PP.KD,GDP per capita PPP (const 2021 intl $),CHL,Chile,2011,25372.2741480772
gdp_pc_ppp,NY.GDP.PCAP.PP.KD,GDP per capita PPP (const 2021 intl $),CHL,Chile,2010,24122.4787924386
gdp_pc_ppp,NY.GDP.PCAP.PP.KD,GDP per capita PPP (const 2021 intl $),CHL,Chile,2009,23019.0299454094
gdp_pc_ppp,NY.GDP.PCAP.PP.KD,GDP per capita PPP (const 2021 intl $),CHL,Chile,2008,23515.3473178269
gdp_pc_ppp,NY.GDP.PCAP.PP.KD,GDP per capita PPP (const 2021 intl $),CHL,Chile,2007,22884.2997108846
gdp_pc_ppp,NY.GDP.PCAP.PP.KD,GDP per capita PPP (const 2021 intl $),CHL,Chile,2006,21973.7382914389
gdp_pc_ppp,NY.GDP.PCAP.PP.KD,GDP per capita PPP (const 2021 intl $),CHL,Chile,2005,20923.479756183
gdp_pc_ppp,NY.GDP.PCAP.PP.KD,GDP per capita PPP (const 2021 intl $),CHL,Chile,2004,19966.7093106095
gdp_pc_ppp,NY.GDP.PCAP.PP.KD,GDP per capita PPP (const 2021 intl $),CHL,Chile,2003,18907.3458745755
gdp_pc_ppp,NY.GDP.PCAP.PP.KD,GDP per capita PPP (const 2021 intl $),CHL,Chile,2002,18244.5196827315
gdp_pc_ppp,NY.GDP.PCAP.PP.KD,GDP per capita PPP (const 2021 intl $),CHL,Chile,2001,17874.5313866938
gdp_pc_ppp,NY.GDP.PCAP.PP.KD,GDP per capita PPP (const 2021 intl $),CHL,Chile,2000,17529.4205997692
gdp_pc_ppp,NY.GDP.PCAP.PP.KD,GDP per capita PPP (const 2021 intl $),CHL,Chile,1999,16900.1244018472
gdp_pc_ppp,NY.GDP.PCAP.PP.KD,GDP per capita PPP (const 2021 intl $),CHL,Chile,1998,17161.0335564475
gdp_pc_ppp,NY.GDP.PCAP.PP.KD,GDP per capita PPP (const 2021 intl $),CHL,Chile,1997,16687.855593506
gdp_pc_ppp,NY.GDP.PCAP.PP.KD,GDP per capita PPP (const 2021 intl $),CHL,Chile,1996,15748.4653555533
gdp_pc_ppp,NY.GDP.PCAP.PP.KD,GDP per capita PPP (const 2021 intl $),CHL,Chile,1995,14911.5640742268
gdp_pc_ppp,NY.GDP.PCAP.PP.KD,GDP per capita PPP (const 2021 intl $),CHL,Chile,1994,13849.6261008096
gdp_pc_ppp,NY.GDP.PCAP.PP.KD,GDP per capita PPP (const 2021 intl $),CHL,Chile,1993,13380.4722185057
gdp_pc_ppp,NY.GDP.PCAP.PP.KD,GDP per capita PPP (const 2021 intl $),CHL,Chile,1992,12738.6163157023
gdp_pc_ppp,NY.GDP.PCAP.PP.KD,GDP per capita PPP (const 2021 intl $),CHL,Chile,1991,11610.2783301649
gdp_pc_ppp,NY.GDP.PCAP.PP.KD,GDP per capita PPP (const 2021 intl $),CHL,Chile,1990,10955.2486481454
gdp_pc_ppp,NY.GDP.PCAP.PP.KD,GDP per capita PPP (const 2021 intl $),CHN,China,2024,23841.4769141817
gdp_pc_ppp,NY.GDP.PCAP.PP.KD,GDP per capita PPP (const 2021 intl $),CHN,China,2023,22687.2519534328
gdp_pc_ppp,NY.GDP.PCAP.PP.KD,GDP per capita PPP (const 2021 intl $),CHN,China,2022,21499.3125559757
gdp_pc_ppp,NY.GDP.PCAP.PP.KD,GDP per capita PPP (const 2021 intl $),CHN,China,2021,20843.2978347377
gdp_pc_ppp,NY.GDP.PCAP.PP.KD,GDP per capita PPP (const 2021 intl $),CHN,China,2020,19215.1012491012
gdp_pc_ppp,NY.GDP.PCAP.PP.KD,GDP per capita PPP (const 2021 intl $),CHN,China,2019,18820.5871645645
gdp_pc_ppp,NY.GDP.PCAP.PP.KD,GDP per capita PPP (const 2021 intl $),CHN,China,2018,17807.0490552244
gdp_pc_ppp,NY.GDP.PCAP.PP.KD,GDP per capita PPP (const 2021 intl $),CHN,China,2017,16758.0463976858
gdp_pc_ppp,NY.GDP.PCAP.PP.KD,GDP per capita PPP (const 2021 intl $),CHN,China,2016,15772.8372607502
gdp_pc_ppp,NY.GDP.PCAP.PP.KD,GDP per capita PPP (const 2021 intl $),CHN,China,2015,14857.1088234405
gdp_pc_ppp,NY.GDP.PCAP.PP.KD,GDP per capita PPP (const 2021 intl $),CHN,China,2014,13968.5187785922
gdp_pc_ppp,NY.GDP.PCAP.PP.KD,GDP per capita PPP (const 2021 intl $),CHN,China,2013,13080.8787864744
gdp_pc_ppp,NY.GDP.PCAP.PP.KD,GDP per capita PPP (const 2021 intl $),CHN,China,2012,12217.9343813101
gdp_pc_ppp,NY.GDP.PCAP.PP.KD,GDP per capita PPP (const 2021 intl $),CHN,China,2011,11404.9179835542
gdp_pc_ppp,NY.GDP.PCAP.PP.KD,GDP per capita PPP (const 2021 intl $),CHN,China,2010,10476.1525652407
gdp_pc_ppp,NY.GDP.PCAP.PP.KD,GDP per capita PPP (const 2021 intl $),CHN,China,2009,9518.68128351945
gdp_pc_ppp,NY.GDP.PCAP.PP.KD,GDP per capita PPP (const 2021 intl $),CHN,China,2008,8743.7020031299
gdp_pc_ppp,NY.GDP.PCAP.PP.KD,GDP per capita PPP (const 2021 intl $),CHN,China,2007,8013.78375739131
gdp_pc_ppp,NY.GDP.PCAP.PP.KD,GDP per capita PPP (const 2021 intl $),CHN,China,2006,7057.11131595304
gdp_pc_ppp,NY.GDP.PCAP.PP.KD,GDP per capita PPP (const 2021 intl $),CHN,China,2005,6298.29929808598
gdp_pc_ppp,NY.GDP.PCAP.PP.KD,GDP per capita PPP (const 2021 intl $),CHN,China,2004,5684.3881718733
gdp_pc_ppp,NY.GDP.PCAP.PP.KD,GDP per capita PPP (const 2021 intl $),CHN,China,2003,5191.78118308167
gdp_pc_ppp,NY.GDP.PCAP.PP.KD,GDP per capita PPP (const 2021 intl $),CHN,China,2002,4744.38182475307
gdp_pc_ppp,NY.GDP.PCAP.PP.KD,GDP per capita PPP (const 2021 intl $),CHN,China,2001,4372.43560608339
gdp_pc_ppp,NY.GDP.PCAP.PP.KD,GDP per capita PPP (const 2021 intl $),CHN,China,2000,4065.86707804429
gdp_pc_ppp,NY.GDP.PCAP.PP.KD,GDP per capita PPP (const 2021 intl $),CHN,China,1999,3774.42758274469
gdp_pc_ppp,NY.GDP.PCAP.PP.KD,GDP per capita PPP (const 2021 intl $),CHN,China,1998,3533.69839702638
gdp_pc_ppp,NY.GDP.PCAP.PP.KD,GDP per capita PPP (const 2021 intl $),CHN,China,1997,3305.83025665988
gdp_pc_ppp,NY.GDP.PCAP.PP.KD,GDP per capita PPP (const 2021 intl $),CHN,China,1996,3055.72827655781
gdp_pc_ppp,NY.GDP.PCAP.PP.KD,GDP per capita PPP (const 2021 intl $),CHN,China,1995,2807.88647301744
gdp_pc_ppp,NY.GDP.PCAP.PP.KD,GDP per capita PPP (const 2021 intl $),CHN,China,1994,2556.90688386013
gdp_pc_ppp,NY.GDP.PCAP.PP.KD,GDP per capita PPP (const 2021 intl $),CHN,China,1993,2286.7956394875
gdp_pc_ppp,NY.GDP.PCAP.PP.KD,GDP per capita PPP (const 2021 intl $),CHN,China,1992,2030.47126519674
gdp_pc_ppp,NY.GDP.PCAP.PP.KD,GDP per capita PPP (const 2021 intl $),CHN,China,1991,1798.38257887629
gdp_pc_ppp,NY.GDP.PCAP.PP.KD,GDP per capita PPP (const 2021 intl $),CHN,China,1990,1666.8141224419
gdp_pc_ppp,NY.GDP.PCAP.PP.KD,GDP per capita PPP (const 2021 intl $),COL,Colombia,2024,18481.8374929368
gdp_pc_ppp,NY.GDP.PCAP.PP.KD,GDP per capita PPP (const 2021 intl $),COL,Colombia,2023,18406.6242338491
gdp_pc_ppp,NY.GDP.PCAP.PP.KD,GDP per capita PPP (const 2021 intl $),COL,Colombia,2022,18458.7209460704
gdp_pc_ppp,NY.GDP.PCAP.PP.KD,GDP per capita PPP (const 2021 intl $),COL,Colombia,2021,17383.0901728295
gdp_pc_ppp,NY.GDP.PCAP.PP.KD,GDP per capita PPP (const 2021 intl $),COL,Colombia,2020,15861.4999291295
gdp_pc_ppp,NY.GDP.PCAP.PP.KD,GDP per capita PPP (const 2021 intl $),COL,Colombia,2019,17336.7716030551
gdp_pc_ppp,NY.GDP.PCAP.PP.KD,GDP per capita PPP (const 2021 intl $),COL,Colombia,2018,17104.1313545678
gdp_pc_ppp,NY.GDP.PCAP.PP.KD,GDP per capita PPP (const 2021 intl $),COL,Colombia,2017,16986.0334182842
gdp_pc_ppp,NY.GDP.PCAP.PP.KD,GDP per capita PPP (const 2021 intl $),COL,Colombia,2016,17003.244366485
gdp_pc_ppp,NY.GDP.PCAP.PP.KD,GDP per capita PPP (const 2021 intl $),COL,Colombia,2015,16821.3801400631
gdp_pc_ppp,NY.GDP.PCAP.PP.KD,GDP per capita PPP (const 2021 intl $),COL,Colombia,2014,16480.3631474161
gdp_pc_ppp,NY.GDP.PCAP.PP.KD,GDP per capita PPP (const 2021 intl $),COL,Colombia,2013,15912.2471293239
gdp_pc_ppp,NY.GDP.PCAP.PP.KD,GDP per capita PPP (const 2021 intl $),COL,Colombia,2012,15279.4790008058
gdp_pc_ppp,NY.GDP.PCAP.PP.KD,GDP per capita PPP (const 2021 intl $),COL,Colombia,2011,14852.3699513061
gdp_pc_ppp,NY.GDP.PCAP.PP.KD,GDP per capita PPP (const 2021 intl $),COL,Colombia,2010,14037.0642668639
gdp_pc_ppp,NY.GDP.PCAP.PP.KD,GDP per capita PPP (const 2021 intl $),COL,Colombia,2009,13586.7518430982
gdp_pc_ppp,NY.GDP.PCAP.PP.KD,GDP per capita PPP (const 2021 intl $),COL,Colombia,2008,13591.0609028567
gdp_pc_ppp,NY.GDP.PCAP.PP.KD,GDP per capita PPP (const 2021 intl $),COL,Colombia,2007,13318.3033138168
gdp_pc_ppp,NY.GDP.PCAP.PP.KD,GDP per capita PPP (const 2021 intl $),COL,Colombia,2006,12636.6246577724
gdp_pc_ppp,NY.GDP.PCAP.PP.KD,GDP per capita PPP (const 2021 intl $),COL,Colombia,2005,11999.2549591305
gdp_pc_ppp,NY.GDP.PCAP.PP.KD,GDP per capita PPP (const 2021 intl $),COL,Colombia,2004,11607.9384935105
gdp_pc_ppp,NY.GDP.PCAP.PP.KD,GDP per capita PPP (const 2021 intl $),COL,Colombia,2003,11183.2911819793
gdp_pc_ppp,NY.GDP.PCAP.PP.KD,GDP per capita PPP (const 2021 intl $),COL,Colombia,2002,10925.1485602082
gdp_pc_ppp,NY.GDP.PCAP.PP.KD,GDP per capita PPP (const 2021 intl $),COL,Colombia,2001,10823.4504878807
gdp_pc_ppp,NY.GDP.PCAP.PP.KD,GDP per capita PPP (const 2021 intl $),COL,Colombia,2000,10813.4942250011
gdp_pc_ppp,NY.GDP.PCAP.PP.KD,GDP per capita PPP (const 2021 intl $),COL,Colombia,1999,10679.7092686089
gdp_pc_ppp,NY.GDP.PCAP.PP.KD,GDP per capita PPP (const 2021 intl $),COL,Colombia,1998,11343.8799115733
gdp_pc_ppp,NY.GDP.PCAP.PP.KD,GDP per capita PPP (const 2021 intl $),COL,Colombia,1997,11483.5050125907
gdp_pc_ppp,NY.GDP.PCAP.PP.KD,GDP per capita PPP (const 2021 intl $),COL,Colombia,1996,11303.1308859186
gdp_pc_ppp,NY.GDP.PCAP.PP.KD,GDP per capita PPP (const 2021 intl $),COL,Colombia,1995,11279.0004579347
gdp_pc_ppp,NY.GDP.PCAP.PP.KD,GDP per capita PPP (const 2021 intl $),COL,Colombia,1994,10927.9389491607
gdp_pc_ppp,NY.GDP.PCAP.PP.KD,GDP per capita PPP (const 2021 intl $),COL,Colombia,1993,10533.1149561734
gdp_pc_ppp,NY.GDP.PCAP.PP.KD,GDP per capita PPP (const 2021 intl $),COL,Colombia,1992,10196.4329707468
gdp_pc_ppp,NY.GDP.PCAP.PP.KD,GDP per capita PPP (const 2021 intl $),COL,Colombia,1991,9996.0978604328
gdp_pc_ppp,NY.GDP.PCAP.PP.KD,GDP per capita PPP (const 2021 intl $),COL,Colombia,1990,9998.81069684463
gdp_pc_ppp,NY.GDP.PCAP.PP.KD,GDP per capita PPP (const 2021 intl $),CZE,Czechia,2024,47972.53171792
gdp_pc_ppp,NY.GDP.PCAP.PP.KD,GDP per capita PPP (const 2021 intl $),CZE,Czechia,2023,47558.4106763314
gdp_pc_ppp,NY.GDP.PCAP.PP.KD,GDP per capita PPP (const 2021 intl $),CZE,Czechia,2022,48390.661678675
gdp_pc_ppp,NY.GDP.PCAP.PP.KD,GDP per capita PPP (const 2021 intl $),CZE,Czechia,2021,47796.0337408466
gdp_pc_ppp,NY.GDP.PCAP.PP.KD,GDP per capita PPP (const 2021 intl $),CZE,Czechia,2020,45119.9387309139
gdp_pc_ppp,NY.GDP.PCAP.PP.KD,GDP per capita PPP (const 2021 intl $),CZE,Czechia,2019,47763.6165520254
gdp_pc_ppp,NY.GDP.PCAP.PP.KD,GDP per capita PPP (const 2021 intl $),CZE,Czechia,2018,46301.082036029
gdp_pc_ppp,NY.GDP.PCAP.PP.KD,GDP per capita PPP (const 2021 intl $),CZE,Czechia,2017,45177.5226053634
gdp_pc_ppp,NY.GDP.PCAP.PP.KD,GDP per capita PPP (const 2021 intl $),CZE,Czechia,2016,43069.4659744727
gdp_pc_ppp,NY.GDP.PCAP.PP.KD,GDP per capita PPP (const 2021 intl $),CZE,Czechia,2015,42066.5759800801
gdp_pc_ppp,NY.GDP.PCAP.PP.KD,GDP per capita PPP (const 2021 intl $),CZE,Czechia,2014,40158.0164275735
gdp_pc_ppp,NY.GDP.PCAP.PP.KD,GDP per capita PPP (const 2021 intl $),CZE,Czechia,2013,39317.5535692377
gdp_pc_ppp,NY.GDP.PCAP.PP.KD,GDP per capita PPP (const 2021 intl $),CZE,Czechia,2012,39347.0492956846
gdp_pc_ppp,NY.GDP.PCAP.PP.KD,GDP per capita PPP (const 2021 intl $),CZE,Czechia,2011,39708.1626280195
gdp_pc_ppp,NY.GDP.PCAP.PP.KD,GDP per capita PPP (const 2021 intl $),CZE,Czechia,2010,39097.3886218756
gdp_pc_ppp,NY.GDP.PCAP.PP.KD,GDP per capita PPP (const 2021 intl $),CZE,Czechia,2009,38175.1422773334
gdp_pc_ppp,NY.GDP.PCAP.PP.KD,GDP per capita PPP (const 2021 intl $),CZE,Czechia,2008,40328.3426630095
gdp_pc_ppp,NY.GDP.PCAP.PP.KD,GDP per capita PPP (const 2021 intl $),CZE,Czechia,2007,39629.0061324728
gdp_pc_ppp,NY.GDP.PCAP.PP.KD,GDP per capita PPP (const 2021 intl $),CZE,Czechia,2006,37786.8781740905
gdp_pc_ppp,NY.GDP.PCAP.PP.KD,GDP per capita PPP (const 2021 intl $),CZE,Czechia,2005,35535.7479961511
gdp_pc_ppp,NY.GDP.PCAP.PP.KD,GDP per capita PPP (const 2021 intl $),CZE,Czechia,2004,33452.3408000614
gdp_pc_ppp,NY.GDP.PCAP.PP.KD,GDP per capita PPP (const 2021 intl $),CZE,Czechia,2003,31949.2963145034
gdp_pc_ppp,NY.GDP.PCAP.PP.KD,GDP per capita PPP (const 2021 intl $),CZE,Czechia,2002,30919.5496618702
gdp_pc_ppp,NY.GDP.PCAP.PP.KD,GDP per capita PPP (const 2021 intl $),CZE,Czechia,2001,30399.8730764283
gdp_pc_ppp,NY.GDP.PCAP.PP.KD,GDP per capita PPP (const 2021 intl $),CZE,Czechia,2000,29427.4070011514
gdp_pc_ppp,NY.GDP.PCAP.PP.KD,GDP per capita PPP (const 2021 intl $),CZE,Czechia,1999,28213.4555005997
gdp_pc_ppp,NY.GDP.PCAP.PP.KD,GDP per capita PPP (const 2021 intl $),CZE,Czechia,1998,27801.4387801408
gdp_pc_ppp,NY.GDP.PCAP.PP.KD,GDP per capita PPP (const 2021 intl $),CZE,Czechia,1997,27884.7397585343
gdp_pc_ppp,NY.GDP.PCAP.PP.KD,GDP per capita PPP (const 2021 intl $),CZE,Czechia,1996,28021.6704584336
gdp_pc_ppp,NY.GDP.PCAP.PP.KD,GDP per capita PPP (const 2021 intl $),CZE,Czechia,1995,26869.0197149398
gdp_pc_ppp,NY.GDP.PCAP.PP.KD,GDP per capita PPP (const 2021 intl $),CZE,Czechia,1994,25279.7917961729
gdp_pc_ppp,NY.GDP.PCAP.PP.KD,GDP per capita PPP (const 2021 intl $),CZE,Czechia,1993,24573.9914877529
gdp_pc_ppp,NY.GDP.PCAP.PP.KD,GDP per capita PPP (const 2021 intl $),CZE,Czechia,1992,24584.3299626051
gdp_pc_ppp,NY.GDP.PCAP.PP.KD,GDP per capita PPP (const 2021 intl $),CZE,Czechia,1991,24734.7702062546
gdp_pc_ppp,NY.GDP.PCAP.PP.KD,GDP per capita PPP (const 2021 intl $),CZE,Czechia,1990,27918.1375190566
gdp_pc_ppp,NY.GDP.PCAP.PP.KD,GDP per capita PPP (const 2021 intl $),ECU,Ecuador,2024,13922.4222780744
gdp_pc_ppp,NY.GDP.PCAP.PP.KD,GDP per capita PPP (const 2021 intl $),ECU,Ecuador,2023,14321.1648295611
gdp_pc_ppp,NY.GDP.PCAP.PP.KD,GDP per capita PPP (const 2021 intl $),ECU,Ecuador,2022,14186.6388544625
gdp_pc_ppp,NY.GDP.PCAP.PP.KD,GDP per capita PPP (const 2021 intl $),ECU,Ecuador,2021,13507.4445638375
gdp_pc_ppp,NY.GDP.PCAP.PP.KD,GDP per capita PPP (const 2021 intl $),ECU,Ecuador,2020,12440.3263747814
gdp_pc_ppp,NY.GDP.PCAP.PP.KD,GDP per capita PPP (const 2021 intl $),ECU,Ecuador,2019,13870.4895118068
gdp_pc_ppp,NY.GDP.PCAP.PP.KD,GDP per capita PPP (const 2021 intl $),ECU,Ecuador,2018,14083.5069982304
gdp_pc_ppp,NY.GDP.PCAP.PP.KD,GDP per capita PPP (const 2021 intl $),ECU,Ecuador,2017,14179.1537503305
gdp_pc_ppp,NY.GDP.PCAP.PP.KD,GDP per capita PPP (const 2021 intl $),ECU,Ecuador,2016,13586.5160772568
gdp_pc_ppp,NY.GDP.PCAP.PP.KD,GDP per capita PPP (const 2021 intl $),ECU,Ecuador,2015,13881.5700738105
gdp_pc_ppp,NY.GDP.PCAP.PP.KD,GDP per capita PPP (const 2021 intl $),ECU,Ecuador,2014,14064.7992246727
gdp_pc_ppp,NY.GDP.PCAP.PP.KD,GDP per capita PPP (const 2021 intl $),ECU,Ecuador,2013,13689.1520460125
gdp_pc_ppp,NY.GDP.PCAP.PP.KD,GDP per capita PPP (const 2021 intl $),ECU,Ecuador,2012,12961.0267423765
gdp_pc_ppp,NY.GDP.PCAP.PP.KD,GDP per capita PPP (const 2021 intl $),ECU,Ecuador,2011,12449.0785549218
gdp_pc_ppp,NY.GDP.PCAP.PP.KD,GDP per capita PPP (const 2021 intl $),ECU,Ecuador,2010,11665.6978598204
gdp_pc_ppp,NY.GDP.PCAP.PP.KD,GDP per capita PPP (const 2021 intl $),ECU,Ecuador,2009,11403.5277978831
gdp_pc_ppp,NY.GDP.PCAP.PP.KD,GDP per capita PPP (const 2021 intl $),ECU,Ecuador,2008,11474.5257023541
gdp_pc_ppp,NY.GDP.PCAP.PP.KD,GDP per capita PPP (const 2021 intl $),ECU,Ecuador,2007,10952.8226853948
gdp_pc_ppp,NY.GDP.PCAP.PP.KD,GDP per capita PPP (const 2021 intl $),ECU,Ecuador,2006,10933.4897470283
gdp_pc_ppp,NY.GDP.PCAP.PP.KD,GDP per capita PPP (const 2021 intl $),ECU,Ecuador,2005,10660.2046228939
gdp_pc_ppp,NY.GDP.PCAP.PP.KD,GDP per capita PPP (const 2021 intl $),ECU,Ecuador,2004,10290.6634264766
gdp_pc_ppp,NY.GDP.PCAP.PP.KD,GDP per capita PPP (const 2021 intl $),ECU,Ecuador,2003,9802.81408202125
gdp_pc_ppp,NY.GDP.PCAP.PP.KD,GDP per capita PPP (const 2021 intl $),ECU,Ecuador,2002,9697.55517665978
gdp_pc_ppp,NY.GDP.PCAP.PP.KD,GDP per capita PPP (const 2021 intl $),ECU,Ecuador,2001,9405.11680690106
gdp_pc_ppp,NY.GDP.PCAP.PP.KD,GDP per capita PPP (const 2021 intl $),ECU,Ecuador,2000,9183.05155276919
gdp_pc_ppp,NY.GDP.PCAP.PP.KD,GDP per capita PPP (const 2021 intl $),ECU,Ecuador,1999,9242.96681019585
gdp_pc_ppp,NY.GDP.PCAP.PP.KD,GDP per capita PPP (const 2021 intl $),ECU,Ecuador,1998,9876.7507512592
gdp_pc_ppp,NY.GDP.PCAP.PP.KD,GDP per capita PPP (const 2021 intl $),ECU,Ecuador,1997,9739.26682428016
gdp_pc_ppp,NY.GDP.PCAP.PP.KD,GDP per capita PPP (const 2021 intl $),ECU,Ecuador,1996,9509.27540633173
gdp_pc_ppp,NY.GDP.PCAP.PP.KD,GDP per capita PPP (const 2021 intl $),ECU,Ecuador,1995,9525.17701832407
gdp_pc_ppp,NY.GDP.PCAP.PP.KD,GDP per capita PPP (const 2021 intl $),ECU,Ecuador,1994,9494.17506194696
gdp_pc_ppp,NY.GDP.PCAP.PP.KD,GDP per capita PPP (const 2021 intl $),ECU,Ecuador,1993,9284.31503431235
gdp_pc_ppp,NY.GDP.PCAP.PP.KD,GDP per capita PPP (const 2021 intl $),ECU,Ecuador,1992,9291.3710483042
gdp_pc_ppp,NY.GDP.PCAP.PP.KD,GDP per capita PPP (const 2021 intl $),ECU,Ecuador,1991,9292.61779173762
gdp_pc_ppp,NY.GDP.PCAP.PP.KD,GDP per capita PPP (const 2021 intl $),ECU,Ecuador,1990,9104.81599790272
gdp_pc_ppp,NY.GDP.PCAP.PP.KD,GDP per capita PPP (const 2021 intl $),HUN,Hungary,2024,40747.1986679668
gdp_pc_ppp,NY.GDP.PCAP.PP.KD,GDP per capita PPP (const 2021 intl $),HUN,Hungary,2023,40333.2546888118
gdp_pc_ppp,NY.GDP.PCAP.PP.KD,GDP per capita PPP (const 2021 intl $),HUN,Hungary,2022,40610.9711368238
gdp_pc_ppp,NY.GDP.PCAP.PP.KD,GDP per capita PPP (const 2021 intl $),HUN,Hungary,2021,38887.1909527154
gdp_pc_ppp,NY.GDP.PCAP.PP.KD,GDP per capita PPP (const 2021 intl $),HUN,Hungary,2020,36119.5211735652
gdp_pc_ppp,NY.GDP.PCAP.PP.KD,GDP per capita PPP (const 2021 intl $),HUN,Hungary,2019,37662.67681014
gdp_pc_ppp,NY.GDP.PCAP.PP.KD,GDP per capita PPP (const 2021 intl $),HUN,Hungary,2018,35798.0412754022
gdp_pc_ppp,NY.GDP.PCAP.PP.KD,GDP per capita PPP (const 2021 intl $),HUN,Hungary,2017,33828.714942571
gdp_pc_ppp,NY.GDP.PCAP.PP.KD,GDP per capita PPP (const 2021 intl $),HUN,Hungary,2016,32378.9674983075
gdp_pc_ppp,NY.GDP.PCAP.PP.KD,GDP per capita PPP (const 2021 intl $),HUN,Hungary,2015,31485.5675425634
gdp_pc_ppp,NY.GDP.PCAP.PP.KD,GDP per capita PPP (const 2021 intl $),HUN,Hungary,2014,30264.9492302161
gdp_pc_ppp,NY.GDP.PCAP.PP.KD,GDP per capita PPP (const 2021 intl $),HUN,Hungary,2013,28891.0217544976
gdp_pc_ppp,NY.GDP.PCAP.PP.KD,GDP per capita PPP (const 2021 intl $),HUN,Hungary,2012,28179.656464434
gdp_pc_ppp,NY.GDP.PCAP.PP.KD,GDP per capita PPP (const 2021 intl $),HUN,Hungary,2011,28415.1173442897
gdp_pc_ppp,NY.GDP.PCAP.PP.KD,GDP per capita PPP (const 2021 intl $),HUN,Hungary,2010,27801.833816111
gdp_pc_ppp,NY.GDP.PCAP.PP.KD,GDP per capita PPP (const 2021 intl $),HUN,Hungary,2009,27445.959458479
gdp_pc_ppp,NY.GDP.PCAP.PP.KD,GDP per capita PPP (const 2021 intl $),HUN,Hungary,2008,29384.0070385818
gdp_pc_ppp,NY.GDP.PCAP.PP.KD,GDP per capita PPP (const 2021 intl $),HUN,Hungary,2007,29044.0669021254
gdp_pc_ppp,NY.GDP.PCAP.PP.KD,GDP per capita PPP (const 2021 intl $),HUN,Hungary,2006,28903.0475407078
gdp_pc_ppp,NY.GDP.PCAP.PP.KD,GDP per capita PPP (const 2021 intl $),HUN,Hungary,2005,27765.7886146197
gdp_pc_ppp,NY.GDP.PCAP.PP.KD,GDP per capita PPP (const 2021 intl $),HUN,Hungary,2004,26568.118861864
gdp_pc_ppp,NY.GDP.PCAP.PP.KD,GDP per capita PPP (const 2021 intl $),HUN,Hungary,2003,25255.8711300567
gdp_pc_ppp,NY.GDP.PCAP.PP.KD,GDP per capita PPP (const 2021 intl $),HUN,Hungary,2002,24229.2953575981
gdp_pc_ppp,NY.GDP.PCAP.PP.KD,GDP per capita PPP (const 2021 intl $),HUN,Hungary,2001,23069.2114730987
gdp_pc_ppp,NY.GDP.PCAP.PP.KD,GDP per capita PPP (const 2021 intl $),HUN,Hungary,2000,22117.9204303193
gdp_pc_ppp,NY.GDP.PCAP.PP.KD,GDP per capita PPP (const 2021 intl $),HUN,Hungary,1999,21128.8884639402
gdp_pc_ppp,NY.GDP.PCAP.PP.KD,GDP per capita PPP (const 2021 intl $),HUN,Hungary,1998,20438.3829550506
gdp_pc_ppp,NY.GDP.PCAP.PP.KD,GDP per capita PPP (const 2021 intl $),HUN,Hungary,1997,19635.2949600537
gdp_pc_ppp,NY.GDP.PCAP.PP.KD,GDP per capita PPP (const 2021 intl $),HUN,Hungary,1996,19029.1137284914
gdp_pc_ppp,NY.GDP.PCAP.PP.KD,GDP per capita PPP (const 2021 intl $),HUN,Hungary,1995,18977.2437047366
gdp_pc_ppp,NY.GDP.PCAP.PP.KD,GDP per capita PPP (const 2021 intl $),HUN,Hungary,1994,18672.707236547
gdp_pc_ppp,NY.GDP.PCAP.PP.KD,GDP per capita PPP (const 2021 intl $),HUN,Hungary,1993,18113.3369069655
gdp_pc_ppp,NY.GDP.PCAP.PP.KD,GDP per capita PPP (const 2021 intl $),HUN,Hungary,1992,18197.5305521351
gdp_pc_ppp,NY.GDP.PCAP.PP.KD,GDP per capita PPP (const 2021 intl $),HUN,Hungary,1991,18765.4162504008
gdp_pc_ppp,NY.GDP.PCAP.PP.KD,GDP per capita PPP (const 2021 intl $),HUN,Hungary,1990,21297.0006406829
gdp_pc_ppp,NY.GDP.PCAP.PP.KD,GDP per capita PPP (const 2021 intl $),IDN,Indonesia,2024,14470.7179806578
gdp_pc_ppp,NY.GDP.PCAP.PP.KD,GDP per capita PPP (const 2021 intl $),IDN,Indonesia,2023,13889.9495012858
gdp_pc_ppp,NY.GDP.PCAP.PP.KD,GDP per capita PPP (const 2021 intl $),IDN,Indonesia,2022,13334.2653947637
gdp_pc_ppp,NY.GDP.PCAP.PP.KD,GDP per capita PPP (const 2021 intl $),IDN,Indonesia,2021,12757.0746440204
gdp_pc_ppp,NY.GDP.PCAP.PP.KD,GDP per capita PPP (const 2021 intl $),IDN,Indonesia,2020,12388.5449268131
gdp_pc_ppp,NY.GDP.PCAP.PP.KD,GDP per capita PPP (const 2021 intl $),IDN,Indonesia,2019,12757.7850854842
gdp_pc_ppp,NY.GDP.PCAP.PP.KD,GDP per capita PPP (const 2021 intl $),IDN,Indonesia,2018,12262.2310300771
gdp_pc_ppp,NY.GDP.PCAP.PP.KD,GDP per capita PPP (const 2021 intl $),IDN,Indonesia,2017,11772.5743296107
gdp_pc_ppp,NY.GDP.PCAP.PP.KD,GDP per capita PPP (const 2021 intl $),IDN,Indonesia,2016,11319.6634287738
gdp_pc_ppp,NY.GDP.PCAP.PP.KD,GDP per capita PPP (const 2021 intl $),IDN,Indonesia,2015,10893.6621142169
gdp_pc_ppp,NY.GDP.PCAP.PP.KD,GDP per capita PPP (const 2021 intl $),IDN,Indonesia,2014,10504.3869411088
gdp_pc_ppp,NY.GDP.PCAP.PP.KD,GDP per capita PPP (const 2021 intl $),IDN,Indonesia,2013,10121.8141535043
gdp_pc_ppp,NY.GDP.PCAP.PP.KD,GDP per capita PPP (const 2021 intl $),IDN,Indonesia,2012,9708.61182531081
gdp_pc_ppp,NY.GDP.PCAP.PP.KD,GDP per capita PPP (const 2021 intl $),IDN,Indonesia,2011,9274.96955181702
gdp_pc_ppp,NY.GDP.PCAP.PP.KD,GDP per capita PPP (const 2021 intl $),IDN,Indonesia,2010,8848.22473702066
gdp_pc_ppp,NY.GDP.PCAP.PP.KD,GDP per capita PPP (const 2021 intl $),IDN,Indonesia,2009,8435.4557468629
gdp_pc_ppp,NY.GDP.PCAP.PP.KD,GDP per capita PPP (const 2021 intl $),IDN,Indonesia,2008,8165.06155116624
gdp_pc_ppp,NY.GDP.PCAP.PP.KD,GDP per capita PPP (const 2021 intl $),IDN,Indonesia,2007,7802.46406905954
gdp_pc_ppp,NY.GDP.PCAP.PP.KD,GDP per capita PPP (const 2021 intl $),IDN,Indonesia,2006,7434.48785352221
gdp_pc_ppp,NY.GDP.PCAP.PP.KD,GDP per capita PPP (const 2021 intl $),IDN,Indonesia,2005,7140.8545640704
gdp_pc_ppp,NY.GDP.PCAP.PP.KD,GDP per capita PPP (const 2021 intl $),IDN,Indonesia,2004,6843.54654972364
gdp_pc_ppp,NY.GDP.PCAP.PP.KD,GDP per capita PPP (const 2021 intl $),IDN,Indonesia,2003,6599.09193597034
gdp_pc_ppp,NY.GDP.PCAP.PP.KD,GDP per capita PPP (const 2021 intl $),IDN,Indonesia,2002,6381.94955179996
gdp_pc_ppp,NY.GDP.PCAP.PP.KD,GDP per capita PPP (const 2021 intl $),IDN,Indonesia,2001,6190.51954040991
gdp_pc_ppp,NY.GDP.PCAP.PP.KD,GDP per capita PPP (const 2021 intl $),IDN,Indonesia,2000,6056.38197842165
gdp_pc_ppp,NY.GDP.PCAP.PP.KD,GDP per capita PPP (const 2021 intl $),IDN,Indonesia,1999,5855.65800744994
gdp_pc_ppp,NY.GDP.PCAP.PP.KD,GDP per capita PPP (const 2021 intl $),IDN,Indonesia,1998,5897.68530859207
gdp_pc_ppp,NY.GDP.PCAP.PP.KD,GDP per capita PPP (const 2021 intl $),IDN,Indonesia,1997,6897.00236563331
gdp_pc_ppp,NY.GDP.PCAP.PP.KD,GDP per capita PPP (const 2021 intl $),IDN,Indonesia,1996,6695.40975787395
gdp_pc_ppp,NY.GDP.PCAP.PP.KD,GDP per capita PPP (const 2021 intl $),IDN,Indonesia,1995,6312.93453561158
gdp_pc_ppp,NY.GDP.PCAP.PP.KD,GDP per capita PPP (const 2021 intl $),IDN,Indonesia,1994,5931.23473426762
gdp_pc_ppp,NY.GDP.PCAP.PP.KD,GDP per capita PPP (const 2021 intl $),IDN,Indonesia,1993,5609.15178814269
gdp_pc_ppp,NY.GDP.PCAP.PP.KD,GDP per capita PPP (const 2021 intl $),IDN,Indonesia,1992,5357.3758979759
gdp_pc_ppp,NY.GDP.PCAP.PP.KD,GDP per capita PPP (const 2021 intl $),IDN,Indonesia,1991,5118.46789591815
gdp_pc_ppp,NY.GDP.PCAP.PP.KD,GDP per capita PPP (const 2021 intl $),IDN,Indonesia,1990,4873.05380133263
gdp_pc_ppp,NY.GDP.PCAP.PP.KD,GDP per capita PPP (const 2021 intl $),IND,India,2024,9416.05137044735
gdp_pc_ppp,NY.GDP.PCAP.PP.KD,GDP per capita PPP (const 2021 intl $),IND,India,2023,8870.55027609345
gdp_pc_ppp,NY.GDP.PCAP.PP.KD,GDP per capita PPP (const 2021 intl $),IND,India,2022,8347.38478647086
gdp_pc_ppp,NY.GDP.PCAP.PP.KD,GDP per capita PPP (const 2021 intl $),IND,India,2021,7818.65701757504
gdp_pc_ppp,NY.GDP.PCAP.PP.KD,GDP per capita PPP (const 2021 intl $),IND,India,2020,7186.86447099679
gdp_pc_ppp,NY.GDP.PCAP.PP.KD,GDP per capita PPP (const 2021 intl $),IND,India,2019,7702.17634811957
gdp_pc_ppp,NY.GDP.PCAP.PP.KD,GDP per capita PPP (const 2021 intl $),IND,India,2018,7492.62576755145
gdp_pc_ppp,NY.GDP.PCAP.PP.KD,GDP per capita PPP (const 2021 intl $),IND,India,2017,7116.03659185396
gdp_pc_ppp,NY.GDP.PCAP.PP.KD,GDP per capita PPP (const 2021 intl $),IND,India,2016,6741.14883185347
gdp_pc_ppp,NY.GDP.PCAP.PP.KD,GDP per capita PPP (const 2021 intl $),IND,India,2015,6301.67346968236
gdp_pc_ppp,NY.GDP.PCAP.PP.KD,GDP per capita PPP (const 2021 intl $),IND,India,2014,5905.10618204633
gdp_pc_ppp,NY.GDP.PCAP.PP.KD,GDP per capita PPP (const 2021 intl $),IND,India,2013,5567.49439418718
gdp_pc_ppp,NY.GDP.PCAP.PP.KD,GDP per capita PPP (const 2021 intl $),IND,India,2012,5303.50197767655
gdp_pc_ppp,NY.GDP.PCAP.PP.KD,GDP per capita PPP (const 2021 intl $),IND,India,2011,5098.67458775444
gdp_pc_ppp,NY.GDP.PCAP.PP.KD,GDP per capita PPP (const 2021 intl $),IND,India,2010,4913.87639723705
gdp_pc_ppp,NY.GDP.PCAP.PP.KD,GDP per capita PPP (const 2021 intl $),IND,India,2009,4595.37990753812
gdp_pc_ppp,NY.GDP.PCAP.PP.KD,GDP per capita PPP (const 2021 intl $),IND,India,2008,4322.48378983546
gdp_pc_ppp,NY.GDP.PCAP.PP.KD,GDP per capita PPP (const 2021 intl $),IND,India,2007,4253.82139046739
gdp_pc_ppp,NY.GDP.PCAP.PP.KD,GDP per capita PPP (const 2021 intl $),IND,India,2006,4011.08647585805
gdp_pc_ppp,NY.GDP.PCAP.PP.KD,GDP per capita PPP (const 2021 intl $),IND,India,2005,3770.39653173829
gdp_pc_ppp,NY.GDP.PCAP.PP.KD,GDP per capita PPP (const 2021 intl $),IND,India,2004,3551.04731213773
gdp_pc_ppp,NY.GDP.PCAP.PP.KD,GDP per capita PPP (const 2021 intl $),IND,India,2003,3346.8882902915
gdp_pc_ppp,NY.GDP.PCAP.PP.KD,GDP per capita PPP (const 2021 intl $),IND,India,2002,3157.26903770593
gdp_pc_ppp,NY.GDP.PCAP.PP.KD,GDP per capita PPP (const 2021 intl $),IND,India,2001,3097.16224022342
gdp_pc_ppp,NY.GDP.PCAP.PP.KD,GDP per capita PPP (const 2021 intl $),IND,India,2000,3010.42156148397
gdp_pc_ppp,NY.GDP.PCAP.PP.KD,GDP per capita PPP (const 2021 intl $),IND,India,1999,2954.0688560393
gdp_pc_ppp,NY.GDP.PCAP.PP.KD,GDP per capita PPP (const 2021 intl $),IND,India,1998,2766.110488608
gdp_pc_ppp,NY.GDP.PCAP.PP.KD,GDP per capita PPP (const 2021 intl $),IND,India,1997,2655.92939429507
gdp_pc_ppp,NY.GDP.PCAP.PP.KD,GDP per capita PPP (const 2021 intl $),IND,India,1996,2603.24632974171
gdp_pc_ppp,NY.GDP.PCAP.PP.KD,GDP per capita PPP (const 2021 intl $),IND,India,1995,2469.3516292637
gdp_pc_ppp,NY.GDP.PCAP.PP.KD,GDP per capita PPP (const 2021 intl $),IND,India,1994,2342.15609263829
gdp_pc_ppp,NY.GDP.PCAP.PP.KD,GDP per capita PPP (const 2021 intl $),IND,India,1993,2241.28535932488
gdp_pc_ppp,NY.GDP.PCAP.PP.KD,GDP per capita PPP (const 2021 intl $),IND,India,1992,2185.04046180678
gdp_pc_ppp,NY.GDP.PCAP.PP.KD,GDP per capita PPP (const 2021 intl $),IND,India,1991,2116.06939249228
gdp_pc_ppp,NY.GDP.PCAP.PP.KD,GDP per capita PPP (const 2021 intl $),IND,India,1990,2139.82749174123
gdp_pc_ppp,NY.GDP.PCAP.PP.KD,GDP per capita PPP (const 2021 intl $),KOR,"Korea, Rep.",2024,55070.9386194121
gdp_pc_ppp,NY.GDP.PCAP.PP.KD,GDP per capita PPP (const 2021 intl $),KOR,"Korea, Rep.",2023,54029.3434990785
gdp_pc_ppp,NY.GDP.PCAP.PP.KD,GDP per capita PPP (const 2021 intl $),KOR,"Korea, Rep.",2022,53228.6035655365
gdp_pc_ppp,NY.GDP.PCAP.PP.KD,GDP per capita PPP (const 2021 intl $),KOR,"Korea, Rep.",2021,51718.2518656631
gdp_pc_ppp,NY.GDP.PCAP.PP.KD,GDP per capita PPP (const 2021 intl $),KOR,"Korea, Rep.",2020,49374.0926148025
gdp_pc_ppp,NY.GDP.PCAP.PP.KD,GDP per capita PPP (const 2021 intl $),KOR,"Korea, Rep.",2019,49790.8679884821
gdp_pc_ppp,NY.GDP.PCAP.PP.KD,GDP per capita PPP (const 2021 intl $),KOR,"Korea, Rep.",2018,48834.4471157733
gdp_pc_ppp,NY.GDP.PCAP.PP.KD,GDP per capita PPP (const 2021 intl $),KOR,"Korea, Rep.",2017,47536.7898568851
gdp_pc_ppp,NY.GDP.PCAP.PP.KD,GDP per capita PPP (const 2021 intl $),KOR,"Korea, Rep.",2016,46088.2430785383
gdp_pc_ppp,NY.GDP.PCAP.PP.KD,GDP per capita PPP (const 2021 intl $),KOR,"Korea, Rep.",2015,44849.106767089
gdp_pc_ppp,NY.GDP.PCAP.PP.KD,GDP per capita PPP (const 2021 intl $),KOR,"Korea, Rep.",2014,43806.9250985661
gdp_pc_ppp,NY.GDP.PCAP.PP.KD,GDP per capita PPP (const 2021 intl $),KOR,"Korea, Rep.",2013,42709.9751857887
gdp_pc_ppp,NY.GDP.PCAP.PP.KD,GDP per capita PPP (const 2021 intl $),KOR,"Korea, Rep.",2012,41537.6728611117
gdp_pc_ppp,NY.GDP.PCAP.PP.KD,GDP per capita PPP (const 2021 intl $),KOR,"Korea, Rep.",2011,40719.2273771671
gdp_pc_ppp,NY.GDP.PCAP.PP.KD,GDP per capita PPP (const 2021 intl $),KOR,"Korea, Rep.",2010,39574.0500732947
gdp_pc_ppp,NY.GDP.PCAP.PP.KD,GDP per capita PPP (const 2021 intl $),KOR,"Korea, Rep.",2009,37176.1939270969
gdp_pc_ppp,NY.GDP.PCAP.PP.KD,GDP per capita PPP (const 2021 intl $),KOR,"Korea, Rep.",2008,37064.1518484106
gdp_pc_ppp,NY.GDP.PCAP.PP.KD,GDP per capita PPP (const 2021 intl $),KOR,"Korea, Rep.",2007,36257.3401689702
gdp_pc_ppp,NY.GDP.PCAP.PP.KD,GDP per capita PPP (const 2021 intl $),KOR,"Korea, Rep.",2006,34429.6222013137
gdp_pc_ppp,NY.GDP.PCAP.PP.KD,GDP per capita PPP (const 2021 intl $),KOR,"Korea, Rep.",2005,32886.0472450743
gdp_pc_ppp,NY.GDP.PCAP.PP.KD,GDP per capita PPP (const 2021 intl $),KOR,"Korea, Rep.",2004,31579.5283048867
gdp_pc_ppp,NY.GDP.PCAP.PP.KD,GDP per capita PPP (const 2021 intl $),KOR,"Korea, Rep.",2003,30142.4605585814
gdp_pc_ppp,NY.GDP.PCAP.PP.KD,GDP per capita PPP (const 2021 intl $),KOR,"Korea, Rep.",2002,29395.2766036796
gdp_pc_ppp,NY.GDP.PCAP.PP.KD,GDP per capita PPP (const 2021 intl $),KOR,"Korea, Rep.",2001,27440.6564915847
gdp_pc_ppp,NY.GDP.PCAP.PP.KD,GDP per capita PPP (const 2021 intl $),KOR,"Korea, Rep.",2000,26404.1588575745
gdp_pc_ppp,NY.GDP.PCAP.PP.KD,GDP per capita PPP (const 2021 intl $),KOR,"Korea, Rep.",1999,24382.2508517369
gdp_pc_ppp,NY.GDP.PCAP.PP.KD,GDP per capita PPP (const 2021 intl $),KOR,"Korea, Rep.",1998,22000.3387603516
gdp_pc_ppp,NY.GDP.PCAP.PP.KD,GDP per capita PPP (const 2021 intl $),KOR,"Korea, Rep.",1997,23311.0420901741
gdp_pc_ppp,NY.GDP.PCAP.PP.KD,GDP per capita PPP (const 2021 intl $),KOR,"Korea, Rep.",1996,22139.7963785414
gdp_pc_ppp,NY.GDP.PCAP.PP.KD,GDP per capita PPP (const 2021 intl $),KOR,"Korea, Rep.",1995,20697.8969808345
gdp_pc_ppp,NY.GDP.PCAP.PP.KD,GDP per capita PPP (const 2021 intl $),KOR,"Korea, Rep.",1994,19052.2990926264
gdp_pc_ppp,NY.GDP.PCAP.PP.KD,GDP per capita PPP (const 2021 intl $),KOR,"Korea, Rep.",1993,17595.9036148432
gdp_pc_ppp,NY.GDP.PCAP.PP.KD,GDP per capita PPP (const 2021 intl $),KOR,"Korea, Rep.",1992,16613.4907015983
gdp_pc_ppp,NY.GDP.PCAP.PP.KD,GDP per capita PPP (const 2021 intl $),KOR,"Korea, Rep.",1991,15784.4668669974
gdp_pc_ppp,NY.GDP.PCAP.PP.KD,GDP per capita PPP (const 2021 intl $),KOR,"Korea, Rep.",1990,14377.8839203268
gdp_pc_ppp,NY.GDP.PCAP.PP.KD,GDP per capita PPP (const 2021 intl $),LCN,Latin America & Caribbean,2024,19954.1496595019
gdp_pc_ppp,NY.GDP.PCAP.PP.KD,GDP per capita PPP (const 2021 intl $),LCN,Latin America & Caribbean,2023,19651.7333890663
gdp_pc_ppp,NY.GDP.PCAP.PP.KD,GDP per capita PPP (const 2021 intl $),LCN,Latin America & Caribbean,2022,19355.0766860444
gdp_pc_ppp,NY.GDP.PCAP.PP.KD,GDP per capita PPP (const 2021 intl $),LCN,Latin America & Caribbean,2021,18696.3210341683
gdp_pc_ppp,NY.GDP.PCAP.PP.KD,GDP per capita PPP (const 2021 intl $),LCN,Latin America & Caribbean,2020,17508.6173350597
gdp_pc_ppp,NY.GDP.PCAP.PP.KD,GDP per capita PPP (const 2021 intl $),LCN,Latin America & Caribbean,2019,18883.1868618303
gdp_pc_ppp,NY.GDP.PCAP.PP.KD,GDP per capita PPP (const 2021 intl $),LCN,Latin America & Caribbean,2018,18893.7989523752
gdp_pc_ppp,NY.GDP.PCAP.PP.KD,GDP per capita PPP (const 2021 intl $),LCN,Latin America & Caribbean,2017,18744.6242855123
gdp_pc_ppp,NY.GDP.PCAP.PP.KD,GDP per capita PPP (const 2021 intl $),LCN,Latin America & Caribbean,2016,18550.8729173978
gdp_pc_ppp,NY.GDP.PCAP.PP.KD,GDP per capita PPP (const 2021 intl $),LCN,Latin America & Caribbean,2015,18762.9039878165
gdp_pc_ppp,NY.GDP.PCAP.PP.KD,GDP per capita PPP (const 2021 intl $),LCN,Latin America & Caribbean,2014,18852.4281125219
gdp_pc_ppp,NY.GDP.PCAP.PP.KD,GDP per capita PPP (const 2021 intl $),LCN,Latin America & Caribbean,2013,18766.917591694
gdp_pc_ppp,NY.GDP.PCAP.PP.KD,GDP per capita PPP (const 2021 intl $),LCN,Latin America & Caribbean,2012,18433.7387345819
gdp_pc_ppp,NY.GDP.PCAP.PP.KD,GDP per capita PPP (const 2021 intl $),LCN,Latin America & Caribbean,2011,18150.5882548775
gdp_pc_ppp,NY.GDP.PCAP.PP.KD,GDP per capita PPP (const 2021 intl $),LCN,Latin America & Caribbean,2010,17550.7377870024
gdp_pc_ppp,NY.GDP.PCAP.PP.KD,GDP per capita PPP (const 2021 intl $),LCN,Latin America & Caribbean,2009,16665.1020164418
gdp_pc_ppp,NY.GDP.PCAP.PP.KD,GDP per capita PPP (const 2021 intl $),LCN,Latin America & Caribbean,2008,17242.6454978629
gdp_pc_ppp,NY.GDP.PCAP.PP.KD,GDP per capita PPP (const 2021 intl $),LCN,Latin America & Caribbean,2007,16820.2801252913
gdp_pc_ppp,NY.GDP.PCAP.PP.KD,GDP per capita PPP (const 2021 intl $),LCN,Latin America & Caribbean,2006,16172.0518023451
gdp_pc_ppp,NY.GDP.PCAP.PP.KD,GDP per capita PPP (const 2021 intl $),LCN,Latin America & Caribbean,2005,15565.1750239356
gdp_pc_ppp,NY.GDP.PCAP.PP.KD,GDP per capita PPP (const 2021 intl $),LCN,Latin America & Caribbean,2004,15159.8546462837
gdp_pc_ppp,NY.GDP.PCAP.PP.KD,GDP per capita PPP (const 2021 intl $),LCN,Latin America & Caribbean,2003,14567.691251088
gdp_pc_ppp,NY.GDP.PCAP.PP.KD,GDP per capita PPP (const 2021 intl $),LCN,Latin America & Caribbean,2002,14398.1472983889
gdp_pc_ppp,NY.GDP.PCAP.PP.KD,GDP per capita PPP (const 2021 intl $),LCN,Latin America & Caribbean,2001,14517.4981001165
gdp_pc_ppp,NY.GDP.PCAP.PP.KD,GDP per capita PPP (const 2021 intl $),LCN,Latin America & Caribbean,2000,14662.98009358
gdp_pc_ppp,NY.GDP.PCAP.PP.KD,GDP per capita PPP (const 2021 intl $),LCN,Latin America & Caribbean,1999,14363.687175835
gdp_pc_ppp,NY.GDP.PCAP.PP.KD,GDP per capita PPP (const 2021 intl $),LCN,Latin America & Caribbean,1998,14501.2773704622
gdp_pc_ppp,NY.GDP.PCAP.PP.KD,GDP per capita PPP (const 2021 intl $),LCN,Latin America & Caribbean,1997,14298.0230325412
gdp_pc_ppp,NY.GDP.PCAP.PP.KD,GDP per capita PPP (const 2021 intl $),LCN,Latin America & Caribbean,1996,13773.1725950955
gdp_pc_ppp,NY.GDP.PCAP.PP.KD,GDP per capita PPP (const 2021 intl $),LCN,Latin America & Caribbean,1995,13463.6944120733
gdp_pc_ppp,NY.GDP.PCAP.PP.KD,GDP per capita PPP (const 2021 intl $),LCN,Latin America & Caribbean,1994,13570.0746408401
gdp_pc_ppp,NY.GDP.PCAP.PP.KD,GDP per capita PPP (const 2021 intl $),LCN,Latin America & Caribbean,1993,13103.0483830762
gdp_pc_ppp,NY.GDP.PCAP.PP.KD,GDP per capita PPP (const 2021 intl $),LCN,Latin America & Caribbean,1992,12734.9200437577
gdp_pc_ppp,NY.GDP.PCAP.PP.KD,GDP per capita PPP (const 2021 intl $),LCN,Latin America & Caribbean,1991,12603.5714249853
gdp_pc_ppp,NY.GDP.PCAP.PP.KD,GDP per capita PPP (const 2021 intl $),LCN,Latin America & Caribbean,1990,12425.5780914071
gdp_pc_ppp,NY.GDP.PCAP.PP.KD,GDP per capita PPP (const 2021 intl $),MEX,Mexico,2024,21970.3520412926
gdp_pc_ppp,NY.GDP.PCAP.PP.KD,GDP per capita PPP (const 2021 intl $),MEX,Mexico,2023,21864.9236104145
gdp_pc_ppp,NY.GDP.PCAP.PP.KD,GDP per capita PPP (const 2021 intl $),MEX,Mexico,2022,21391.8573698845
gdp_pc_ppp,NY.GDP.PCAP.PP.KD,GDP per capita PPP (const 2021 intl $),MEX,Mexico,2021,20782.5877440905
gdp_pc_ppp,NY.GDP.PCAP.PP.KD,GDP per capita PPP (const 2021 intl $),MEX,Mexico,2020,19728.4817827455
gdp_pc_ppp,NY.GDP.PCAP.PP.KD,GDP per capita PPP (const 2021 intl $),MEX,Mexico,2019,21704.185952748
gdp_pc_ppp,NY.GDP.PCAP.PP.KD,GDP per capita PPP (const 2021 intl $),MEX,Mexico,2018,21997.7730219494
gdp_pc_ppp,NY.GDP.PCAP.PP.KD,GDP per capita PPP (const 2021 intl $),MEX,Mexico,2017,21777.5225127275
gdp_pc_ppp,NY.GDP.PCAP.PP.KD,GDP per capita PPP (const 2021 intl $),MEX,Mexico,2016,21578.263354126
gdp_pc_ppp,NY.GDP.PCAP.PP.KD,GDP per capita PPP (const 2021 intl $),MEX,Mexico,2015,21408.9283216195
gdp_pc_ppp,NY.GDP.PCAP.PP.KD,GDP per capita PPP (const 2021 intl $),MEX,Mexico,2014,21069.7661653886
gdp_pc_ppp,NY.GDP.PCAP.PP.KD,GDP per capita PPP (const 2021 intl $),MEX,Mexico,2013,20805.3480406564
gdp_pc_ppp,NY.GDP.PCAP.PP.KD,GDP per capita PPP (const 2021 intl $),MEX,Mexico,2012,20898.935720908
gdp_pc_ppp,NY.GDP.PCAP.PP.KD,GDP per capita PPP (const 2021 intl $),MEX,Mexico,2011,20457.6001677783
gdp_pc_ppp,NY.GDP.PCAP.PP.KD,GDP per capita PPP (const 2021 intl $),MEX,Mexico,2010,20058.3854882301
gdp_pc_ppp,NY.GDP.PCAP.PP.KD,GDP per capita PPP (const 2021 intl $),MEX,Mexico,2009,19385.5437251877
gdp_pc_ppp,NY.GDP.PCAP.PP.KD,GDP per capita PPP (const 2021 intl $),MEX,Mexico,2008,20992.5602662364
gdp_pc_ppp,NY.GDP.PCAP.PP.KD,GDP per capita PPP (const 2021 intl $),MEX,Mexico,2007,21102.2688338349
gdp_pc_ppp,NY.GDP.PCAP.PP.KD,GDP per capita PPP (const 2021 intl $),MEX,Mexico,2006,20965.8256087044
gdp_pc_ppp,NY.GDP.PCAP.PP.KD,GDP per capita PPP (const 2021 intl $),MEX,Mexico,2005,20277.2552852007
gdp_pc_ppp,NY.GDP.PCAP.PP.KD,GDP per capita PPP (const 2021 intl $),MEX,Mexico,2004,20127.2242902968
gdp_pc_ppp,NY.GDP.PCAP.PP.KD,GDP per capita PPP (const 2021 intl $),MEX,Mexico,2003,19701.4633898714
gdp_pc_ppp,NY.GDP.PCAP.PP.KD,GDP per capita PPP (const 2021 intl $),MEX,Mexico,2002,19744.7933675609
gdp_pc_ppp,NY.GDP.PCAP.PP.KD,GDP per capita PPP (const 2021 intl $),MEX,Mexico,2001,20078.2183931307
gdp_pc_ppp,NY.GDP.PCAP.PP.KD,GDP per capita PPP (const 2021 intl $),MEX,Mexico,2000,20470.4937669158
gdp_pc_ppp,NY.GDP.PCAP.PP.KD,GDP per capita PPP (const 2021 intl $),MEX,Mexico,1999,19793.2852863293
gdp_pc_ppp,NY.GDP.PCAP.PP.KD,GDP per capita PPP (const 2021 intl $),MEX,Mexico,1998,19573.0654561328
gdp_pc_ppp,NY.GDP.PCAP.PP.KD,GDP per capita PPP (const 2021 intl $),MEX,Mexico,1997,18737.6426464292
gdp_pc_ppp,NY.GDP.PCAP.PP.KD,GDP per capita PPP (const 2021 intl $),MEX,Mexico,1996,17775.8727889128
gdp_pc_ppp,NY.GDP.PCAP.PP.KD,GDP per capita PPP (const 2021 intl $),MEX,Mexico,1995,17028.1215022837
gdp_pc_ppp,NY.GDP.PCAP.PP.KD,GDP per capita PPP (const 2021 intl $),MEX,Mexico,1994,18422.8199296267
gdp_pc_ppp,NY.GDP.PCAP.PP.KD,GDP per capita PPP (const 2021 intl $),MEX,Mexico,1993,17970.5871869693
gdp_pc_ppp,NY.GDP.PCAP.PP.KD,GDP per capita PPP (const 2021 intl $),MEX,Mexico,1992,17796.4059662866
gdp_pc_ppp,NY.GDP.PCAP.PP.KD,GDP per capita PPP (const 2021 intl $),MEX,Mexico,1991,17511.7313112492
gdp_pc_ppp,NY.GDP.PCAP.PP.KD,GDP per capita PPP (const 2021 intl $),MEX,Mexico,1990,17169.5925859795
gdp_pc_ppp,NY.GDP.PCAP.PP.KD,GDP per capita PPP (const 2021 intl $),MYS,Malaysia,2024,34116.2317848885
gdp_pc_ppp,NY.GDP.PCAP.PP.KD,GDP per capita PPP (const 2021 intl $),MYS,Malaysia,2023,32857.6676600774
gdp_pc_ppp,NY.GDP.PCAP.PP.KD,GDP per capita PPP (const 2021 intl $),MYS,Malaysia,2022,32129.2217820113
gdp_pc_ppp,NY.GDP.PCAP.PP.KD,GDP per capita PPP (const 2021 intl $),MYS,Malaysia,2021,29822.8491831618
gdp_pc_ppp,NY.GDP.PCAP.PP.KD,GDP per capita PPP (const 2021 intl $),MYS,Malaysia,2020,29200.452632127
gdp_pc_ppp,NY.GDP.PCAP.PP.KD,GDP per capita PPP (const 2021 intl $),MYS,Malaysia,2019,31300.5086554849
gdp_pc_ppp,NY.GDP.PCAP.PP.KD,GDP per capita PPP (const 2021 intl $),MYS,Malaysia,2018,30459.9655338061
gdp_pc_ppp,NY.GDP.PCAP.PP.KD,GDP per capita PPP (const 2021 intl $),MYS,Malaysia,2017,29551.5457597197
gdp_pc_ppp,NY.GDP.PCAP.PP.KD,GDP per capita PPP (const 2021 intl $),MYS,Malaysia,2016,28425.3707609412
gdp_pc_ppp,NY.GDP.PCAP.PP.KD,GDP per capita PPP (const 2021 intl $),MYS,Malaysia,2015,27699.6278860387
gdp_pc_ppp,NY.GDP.PCAP.PP.KD,GDP per capita PPP (const 2021 intl $),MYS,Malaysia,2014,26818.4317281659
gdp_pc_ppp,NY.GDP.PCAP.PP.KD,GDP per capita PPP (const 2021 intl $),MYS,Malaysia,2013,25736.3525554142
gdp_pc_ppp,NY.GDP.PCAP.PP.KD,GDP per capita PPP (const 2021 intl $),MYS,Malaysia,2012,25006.3587781537
gdp_pc_ppp,NY.GDP.PCAP.PP.KD,GDP per capita PPP (const 2021 intl $),MYS,Malaysia,2011,24115.8181203958
gdp_pc_ppp,NY.GDP.PCAP.PP.KD,GDP per capita PPP (const 2021 intl $),MYS,Malaysia,2010,23307.9698543785
gdp_pc_ppp,NY.GDP.PCAP.PP.KD,GDP per capita PPP (const 2021 intl $),MYS,Malaysia,2009,22106.6417311801
gdp_pc_ppp,NY.GDP.PCAP.PP.KD,GDP per capita PPP (const 2021 intl $),MYS,Malaysia,2008,22898.0027575442
gdp_pc_ppp,NY.GDP.PCAP.PP.KD,GDP per capita PPP (const 2021 intl $),MYS,Malaysia,2007,22305.118263117
gdp_pc_ppp,NY.GDP.PCAP.PP.KD,GDP per capita PPP (const 2021 intl $),MYS,Malaysia,2006,21444.4857715028
gdp_pc_ppp,NY.GDP.PCAP.PP.KD,GDP per capita PPP (const 2021 intl $),MYS,Malaysia,2005,20767.5857243346
gdp_pc_ppp,NY.GDP.PCAP.PP.KD,GDP per capita PPP (const 2021 intl $),MYS,Malaysia,2004,20168.5062099425
gdp_pc_ppp,NY.GDP.PCAP.PP.KD,GDP per capita PPP (const 2021 intl $),MYS,Malaysia,2003,19329.0062757538
gdp_pc_ppp,NY.GDP.PCAP.PP.KD,GDP per capita PPP (const 2021 intl $),MYS,Malaysia,2002,18708.8694877279
gdp_pc_ppp,NY.GDP.PCAP.PP.KD,GDP per capita PPP (const 2021 intl $),MYS,Malaysia,2001,18186.4411330146
gdp_pc_ppp,NY.GDP.PCAP.PP.KD,GDP per capita PPP (const 2021 intl $),MYS,Malaysia,2000,18532.9096706227
gdp_pc_ppp,NY.GDP.PCAP.PP.KD,GDP per capita PPP (const 2021 intl $),MYS,Malaysia,1999,17428.6256563043
gdp_pc_ppp,NY.GDP.PCAP.PP.KD,GDP per capita PPP (const 2021 intl $),MYS,Malaysia,1998,16817.1719190401
gdp_pc_ppp,NY.GDP.PCAP.PP.KD,GDP per capita PPP (const 2021 intl $),MYS,Malaysia,1997,18604.514527465
gdp_pc_ppp,NY.GDP.PCAP.PP.KD,GDP per capita PPP (const 2021 intl $),MYS,Malaysia,1996,17771.7118795056
gdp_pc_ppp,NY.GDP.PCAP.PP.KD,GDP per capita PPP (const 2021 intl $),MYS,Malaysia,1995,16568.5160590209
gdp_pc_ppp,NY.GDP.PCAP.PP.KD,GDP per capita PPP (const 2021 intl $),MYS,Malaysia,1994,15474.0144648307
gdp_pc_ppp,NY.GDP.PCAP.PP.KD,GDP per capita PPP (const 2021 intl $),MYS,Malaysia,1993,14533.790397007
gdp_pc_ppp,NY.GDP.PCAP.PP.KD,GDP per capita PPP (const 2021 intl $),MYS,Malaysia,1992,13567.8936121181
gdp_pc_ppp,NY.GDP.PCAP.PP.KD,GDP per capita PPP (const 2021 intl $),MYS,Malaysia,1991,12795.0498964228
gdp_pc_ppp,NY.GDP.PCAP.PP.KD,GDP per capita PPP (const 2021 intl $),MYS,Malaysia,1990,12013.6969483112
gdp_pc_ppp,NY.GDP.PCAP.PP.KD,GDP per capita PPP (const 2021 intl $),PER,Peru,2024,15708.8329440963
gdp_pc_ppp,NY.GDP.PCAP.PP.KD,GDP per capita PPP (const 2021 intl $),PER,Peru,2023,15342.2741359642
gdp_pc_ppp,NY.GDP.PCAP.PP.KD,GDP per capita PPP (const 2021 intl $),PER,Peru,2022,15566.5242612563
gdp_pc_ppp,NY.GDP.PCAP.PP.KD,GDP per capita PPP (const 2021 intl $),PER,Peru,2021,15285.7706852395
gdp_pc_ppp,NY.GDP.PCAP.PP.KD,GDP per capita PPP (const 2021 intl $),PER,Peru,2020,13607.7640705828
gdp_pc_ppp,NY.GDP.PCAP.PP.KD,GDP per capita PPP (const 2021 intl $),PER,Peru,2019,15461.4572585466
gdp_pc_ppp,NY.GDP.PCAP.PP.KD,GDP per capita PPP (const 2021 intl $),PER,Peru,2018,15384.1846082423
gdp_pc_ppp,NY.GDP.PCAP.PP.KD,GDP per capita PPP (const 2021 intl $),PER,Peru,2017,15067.489279382
gdp_pc_ppp,NY.GDP.PCAP.PP.KD,GDP per capita PPP (const 2021 intl $),PER,Peru,2016,14915.4366324454
gdp_pc_ppp,NY.GDP.PCAP.PP.KD,GDP per capita PPP (const 2021 intl $),PER,Peru,2015,14540.8313160635
gdp_pc_ppp,NY.GDP.PCAP.PP.KD,GDP per capita PPP (const 2021 intl $),PER,Peru,2014,14242.6444760801
gdp_pc_ppp,NY.GDP.PCAP.PP.KD,GDP per capita PPP (const 2021 intl $),PER,Peru,2013,14050.2420319137
gdp_pc_ppp,NY.GDP.PCAP.PP.KD,GDP per capita PPP (const 2021 intl $),PER,Peru,2012,13393.5923851679
gdp_pc_ppp,NY.GDP.PCAP.PP.KD,GDP per capita PPP (const 2021 intl $),PER,Peru,2011,12724.8832049429
gdp_pc_ppp,NY.GDP.PCAP.PP.KD,GDP per capita PPP (const 2021 intl $),PER,Peru,2010,12057.3912963716
gdp_pc_ppp,NY.GDP.PCAP.PP.KD,GDP per capita PPP (const 2021 intl $),PER,Peru,2009,11202.8654418496
gdp_pc_ppp,NY.GDP.PCAP.PP.KD,GDP per capita PPP (const 2021 intl $),PER,Peru,2008,11150.0262166889
gdp_pc_ppp,NY.GDP.PCAP.PP.KD,GDP per capita PPP (const 2021 intl $),PER,Peru,2007,10284.9672238506
gdp_pc_ppp,NY.GDP.PCAP.PP.KD,GDP per capita PPP (const 2021 intl $),PER,Peru,2006,9546.62529545456
gdp_pc_ppp,NY.GDP.PCAP.PP.KD,GDP per capita PPP (const 2021 intl $),PER,Peru,2005,8948.74710742664
gdp_pc_ppp,NY.GDP.PCAP.PP.KD,GDP per capita PPP (const 2021 intl $),PER,Peru,2004,8494.84031217202
gdp_pc_ppp,NY.GDP.PCAP.PP.KD,GDP per capita PPP (const 2021 intl $),PER,Peru,2003,8173.27672987692
gdp_pc_ppp,NY.GDP.PCAP.PP.KD,GDP per capita PPP (const 2021 intl $),PER,Peru,2002,7930.50980631714
gdp_pc_ppp,NY.GDP.PCAP.PP.KD,GDP per capita PPP (const 2021 intl $),PER,Peru,2001,7610.63949294843
gdp_pc_ppp,NY.GDP.PCAP.PP.KD,GDP per capita PPP (const 2021 intl $),PER,Peru,2000,7668.06078201131
gdp_pc_ppp,NY.GDP.PCAP.PP.KD,GDP per capita PPP (const 2021 intl $),PER,Peru,1999,7584.30465257181
gdp_pc_ppp,NY.GDP.PCAP.PP.KD,GDP per capita PPP (const 2021 intl $),PER,Peru,1998,7602.78356076635
gdp_pc_ppp,NY.GDP.PCAP.PP.KD,GDP per capita PPP (const 2021 intl $),PER,Peru,1997,7772.77834225556
gdp_pc_ppp,NY.GDP.PCAP.PP.KD,GDP per capita PPP (const 2021 intl $),PER,Peru,1996,7436.18931908276
gdp_pc_ppp,NY.GDP.PCAP.PP.KD,GDP per capita PPP (const 2021 intl $),PER,Peru,1995,7371.04799020402
gdp_pc_ppp,NY.GDP.PCAP.PP.KD,GDP per capita PPP (const 2021 intl $),PER,Peru,1994,6996.76185617847
gdp_pc_ppp,NY.GDP.PCAP.PP.KD,GDP per capita PPP (const 2021 intl $),PER,Peru,1993,6354.40466195469
gdp_pc_ppp,NY.GDP.PCAP.PP.KD,GDP per capita PPP (const 2021 intl $),PER,Peru,1992,6160.80456813974
gdp_pc_ppp,NY.GDP.PCAP.PP.KD,GDP per capita PPP (const 2021 intl $),PER,Peru,1991,6321.7220102527
gdp_pc_ppp,NY.GDP.PCAP.PP.KD,GDP per capita PPP (const 2021 intl $),PER,Peru,1990,6316.2269138715
gdp_pc_ppp,NY.GDP.PCAP.PP.KD,GDP per capita PPP (const 2021 intl $),POL,Poland,2024,45153.0439773281
gdp_pc_ppp,NY.GDP.PCAP.PP.KD,GDP per capita PPP (const 2021 intl $),POL,Poland,2023,43672.7668014946
gdp_pc_ppp,NY.GDP.PCAP.PP.KD,GDP per capita PPP (const 2021 intl $),POL,Poland,2022,43405.0215797441
gdp_pc_ppp,NY.GDP.PCAP.PP.KD,GDP per capita PPP (const 2021 intl $),POL,Poland,2021,41059.5847829682
gdp_pc_ppp,NY.GDP.PCAP.PP.KD,GDP per capita PPP (const 2021 intl $),POL,Poland,2020,37852.8021313639
gdp_pc_ppp,NY.GDP.PCAP.PP.KD,GDP per capita PPP (const 2021 intl $),POL,Poland,2019,38181.6230334689
gdp_pc_ppp,NY.GDP.PCAP.PP.KD,GDP per capita PPP (const 2021 intl $),POL,Poland,2018,36500.4114282584
gdp_pc_ppp,NY.GDP.PCAP.PP.KD,GDP per capita PPP (const 2021 intl $),POL,Poland,2017,34354.5987616319
gdp_pc_ppp,NY.GDP.PCAP.PP.KD,GDP per capita PPP (const 2021 intl $),POL,Poland,2016,32675.3052259954
gdp_pc_ppp,NY.GDP.PCAP.PP.KD,GDP per capita PPP (const 2021 intl $),POL,Poland,2015,31700.3682364154
gdp_pc_ppp,NY.GDP.PCAP.PP.KD,GDP per capita PPP (const 2021 intl $),POL,Poland,2014,30334.8786569618
gdp_pc_ppp,NY.GDP.PCAP.PP.KD,GDP per capita PPP (const 2021 intl $),POL,Poland,2013,29168.624211075
gdp_pc_ppp,NY.GDP.PCAP.PP.KD,GDP per capita PPP (const 2021 intl $),POL,Poland,2012,28952.9157305301
gdp_pc_ppp,NY.GDP.PCAP.PP.KD,GDP per capita PPP (const 2021 intl $),POL,Poland,2011,28521.6612623568
gdp_pc_ppp,NY.GDP.PCAP.PP.KD,GDP per capita PPP (const 2021 intl $),POL,Poland,2010,27112.1333797381
gdp_pc_ppp,NY.GDP.PCAP.PP.KD,GDP per capita PPP (const 2021 intl $),POL,Poland,2009,26204.410367111
gdp_pc_ppp,NY.GDP.PCAP.PP.KD,GDP per capita PPP (const 2021 intl $),POL,Poland,2008,25553.9058406534
gdp_pc_ppp,NY.GDP.PCAP.PP.KD,GDP per capita PPP (const 2021 intl $),POL,Poland,2007,24484.0656663756
gdp_pc_ppp,NY.GDP.PCAP.PP.KD,GDP per capita PPP (const 2021 intl $),POL,Poland,2006,22921.1975887696
gdp_pc_ppp,NY.GDP.PCAP.PP.KD,GDP per capita PPP (const 2021 intl $),POL,Poland,2005,21568.9476594356
gdp_pc_ppp,NY.GDP.PCAP.PP.KD,GDP per capita PPP (const 2021 intl $),POL,Poland,2004,20878.6545002534
gdp_pc_ppp,NY.GDP.PCAP.PP.KD,GDP per capita PPP (const 2021 intl $),POL,Poland,2003,19855.6317989181
gdp_pc_ppp,NY.GDP.PCAP.PP.KD,GDP per capita PPP (const 2021 intl $),POL,Poland,2002,19166.9137058143
gdp_pc_ppp,NY.GDP.PCAP.PP.KD,GDP per capita PPP (const 2021 intl $),POL,Poland,2001,18800.6018648402
gdp_pc_ppp,NY.GDP.PCAP.PP.KD,GDP per capita PPP (const 2021 intl $),POL,Poland,2000,18566.3546288772
gdp_pc_ppp,NY.GDP.PCAP.PP.KD,GDP per capita PPP (const 2021 intl $),POL,Poland,1999,17556.0026927987
gdp_pc_ppp,NY.GDP.PCAP.PP.KD,GDP per capita PPP (const 2021 intl $),POL,Poland,1998,16766.6492883267
gdp_pc_ppp,NY.GDP.PCAP.PP.KD,GDP per capita PPP (const 2021 intl $),POL,Poland,1997,16031.7211485265
gdp_pc_ppp,NY.GDP.PCAP.PP.KD,GDP per capita PPP (const 2021 intl $),POL,Poland,1996,15083.09812162
gdp_pc_ppp,NY.GDP.PCAP.PP.KD,GDP per capita PPP (const 2021 intl $),POL,Poland,1995,14227.5663687798
gdp_pc_ppp,NY.GDP.PCAP.PP.KD,GDP per capita PPP (const 2021 intl $),POL,Poland,1994,13200.1614164951
gdp_pc_ppp,NY.GDP.PCAP.PP.KD,GDP per capita PPP (const 2021 intl $),POL,Poland,1993,12563.1045363124
gdp_pc_ppp,NY.GDP.PCAP.PP.KD,GDP per capita PPP (const 2021 intl $),POL,Poland,1992,12141.2351323725
gdp_pc_ppp,NY.GDP.PCAP.PP.KD,GDP per capita PPP (const 2021 intl $),POL,Poland,1991,11879.7539252619
gdp_pc_ppp,NY.GDP.PCAP.PP.KD,GDP per capita PPP (const 2021 intl $),POL,Poland,1990,12821.4636316574
gdp_pc_ppp,NY.GDP.PCAP.PP.KD,GDP per capita PPP (const 2021 intl $),RUS,Russian Federation,2024,41891.171875
gdp_pc_ppp,NY.GDP.PCAP.PP.KD,GDP per capita PPP (const 2021 intl $),RUS,Russian Federation,2023,39881.44921875
gdp_pc_ppp,NY.GDP.PCAP.PP.KD,GDP per capita PPP (const 2021 intl $),RUS,Russian Federation,2022,38214.69140625
gdp_pc_ppp,NY.GDP.PCAP.PP.KD,GDP per capita PPP (const 2021 intl $),RUS,Russian Federation,2021,38638.4296875
gdp_pc_ppp,NY.GDP.PCAP.PP.KD,GDP per capita PPP (const 2021 intl $),RUS,Russian Federation,2020,36376.3359375
gdp_pc_ppp,NY.GDP.PCAP.PP.KD,GDP per capita PPP (const 2021 intl $),RUS,Russian Federation,2019,37319.3203125
gdp_pc_ppp,NY.GDP.PCAP.PP.KD,GDP per capita PPP (const 2021 intl $),RUS,Russian Federation,2018,36536.6953125
gdp_pc_ppp,NY.GDP.PCAP.PP.KD,GDP per capita PPP (const 2021 intl $),RUS,Russian Federation,2017,35570.703125
gdp_pc_ppp,NY.GDP.PCAP.PP.KD,GDP per capita PPP (const 2021 intl $),RUS,Russian Federation,2016,35005.4453125
gdp_pc_ppp,NY.GDP.PCAP.PP.KD,GDP per capita PPP (const 2021 intl $),RUS,Russian Federation,2015,35037.15234375
gdp_pc_ppp,NY.GDP.PCAP.PP.KD,GDP per capita PPP (const 2021 intl $),RUS,Russian Federation,2014,35853.24609375
gdp_pc_ppp,NY.GDP.PCAP.PP.KD,GDP per capita PPP (const 2021 intl $),RUS,Russian Federation,2013,36260.06640625
gdp_pc_ppp,NY.GDP.PCAP.PP.KD,GDP per capita PPP (const 2021 intl $),RUS,Russian Federation,2012,35740.69921875
gdp_pc_ppp,NY.GDP.PCAP.PP.KD,GDP per capita PPP (const 2021 intl $),RUS,Russian Federation,2011,34444.64453125
gdp_pc_ppp,NY.GDP.PCAP.PP.KD,GDP per capita PPP (const 2021 intl $),RUS,Russian Federation,2010,33063.5859375
gdp_pc_ppp,NY.GDP.PCAP.PP.KD,GDP per capita PPP (const 2021 intl $),RUS,Russian Federation,2009,31654.00390625
gdp_pc_ppp,NY.GDP.PCAP.PP.KD,GDP per capita PPP (const 2021 intl $),RUS,Russian Federation,2008,34342.2265625
gdp_pc_ppp,NY.GDP.PCAP.PP.KD,GDP per capita PPP (const 2021 intl $),RUS,Russian Federation,2007,32630.369140625
gdp_pc_ppp,NY.GDP.PCAP.PP.KD,GDP per capita PPP (const 2021 intl $),RUS,Russian Federation,2006,30022.671875
gdp_pc_ppp,NY.GDP.PCAP.PP.KD,GDP per capita PPP (const 2021 intl $),RUS,Russian Federation,2005,27656.658203125
gdp_pc_ppp,NY.GDP.PCAP.PP.KD,GDP per capita PPP (const 2021 intl $),RUS,Russian Federation,2004,25894.146484375
gdp_pc_ppp,NY.GDP.PCAP.PP.KD,GDP per capita PPP (const 2021 intl $),RUS,Russian Federation,2003,24057.927734375
gdp_pc_ppp,NY.GDP.PCAP.PP.KD,GDP per capita PPP (const 2021 intl $),RUS,Russian Federation,2002,22319.677734375
gdp_pc_ppp,NY.GDP.PCAP.PP.KD,GDP per capita PPP (const 2021 intl $),RUS,Russian Federation,2001,21219.904296875
gdp_pc_ppp,NY.GDP.PCAP.PP.KD,GDP per capita PPP (const 2021 intl $),RUS,Russian Federation,2000,20104.75
gdp_pc_ppp,NY.GDP.PCAP.PP.KD,GDP per capita PPP (const 2021 intl $),RUS,Russian Federation,1999,18200.3203125
gdp_pc_ppp,NY.GDP.PCAP.PP.KD,GDP per capita PPP (const 2021 intl $),RUS,Russian Federation,1998,17052.755859375
gdp_pc_ppp,NY.GDP.PCAP.PP.KD,GDP per capita PPP (const 2021 intl $),RUS,Russian Federation,1997,17977.3515625
gdp_pc_ppp,NY.GDP.PCAP.PP.KD,GDP per capita PPP (const 2021 intl $),RUS,Russian Federation,1996,17699.869140625
gdp_pc_ppp,NY.GDP.PCAP.PP.KD,GDP per capita PPP (const 2021 intl $),RUS,Russian Federation,1995,18363.712890625
gdp_pc_ppp,NY.GDP.PCAP.PP.KD,GDP per capita PPP (const 2021 intl $),RUS,Russian Federation,1994,19153.36328125
gdp_pc_ppp,NY.GDP.PCAP.PP.KD,GDP per capita PPP (const 2021 intl $),RUS,Russian Federation,1993,21899.517578125
gdp_pc_ppp,NY.GDP.PCAP.PP.KD,GDP per capita PPP (const 2021 intl $),RUS,Russian Federation,1992,23965.244140625
gdp_pc_ppp,NY.GDP.PCAP.PP.KD,GDP per capita PPP (const 2021 intl $),RUS,Russian Federation,1991,28066.921875
gdp_pc_ppp,NY.GDP.PCAP.PP.KD,GDP per capita PPP (const 2021 intl $),RUS,Russian Federation,1990,29643.595703125
gdp_pc_ppp,NY.GDP.PCAP.PP.KD,GDP per capita PPP (const 2021 intl $),THA,Thailand,2024,21882.2142474833
gdp_pc_ppp,NY.GDP.PCAP.PP.KD,GDP per capita PPP (const 2021 intl $),THA,Thailand,2023,21245.2706771879
gdp_pc_ppp,NY.GDP.PCAP.PP.KD,GDP per capita PPP (const 2021 intl $),THA,Thailand,2022,20768.4800093577
gdp_pc_ppp,NY.GDP.PCAP.PP.KD,GDP per capita PPP (const 2021 intl $),THA,Thailand,2021,20236.9760408784
gdp_pc_ppp,NY.GDP.PCAP.PP.KD,GDP per capita PPP (const 2021 intl $),THA,Thailand,2020,19950.2844063147
gdp_pc_ppp,NY.GDP.PCAP.PP.KD,GDP per capita PPP (const 2021 intl $),THA,Thailand,2019,21280.1504518601
gdp_pc_ppp,NY.GDP.PCAP.PP.KD,GDP per capita PPP (const 2021 intl $),THA,Thailand,2018,20882.1707419576
gdp_pc_ppp,NY.GDP.PCAP.PP.KD,GDP per capita PPP (const 2021 intl $),THA,Thailand,2017,20096.8605455164
gdp_pc_ppp,NY.GDP.PCAP.PP.KD,GDP per capita PPP (const 2021 intl $),THA,Thailand,2016,19372.7128024107
gdp_pc_ppp,NY.GDP.PCAP.PP.KD,GDP per capita PPP (const 2021 intl $),THA,Thailand,2015,18814.0408554566
gdp_pc_ppp,NY.GDP.PCAP.PP.KD,GDP per capita PPP (const 2021 intl $),THA,Thailand,2014,18326.604873747
gdp_pc_ppp,NY.GDP.PCAP.PP.KD,GDP per capita PPP (const 2021 intl $),THA,Thailand,2013,18244.4071505088
gdp_pc_ppp,NY.GDP.PCAP.PP.KD,GDP per capita PPP (const 2021 intl $),THA,Thailand,2012,17871.5786477565
gdp_pc_ppp,NY.GDP.PCAP.PP.KD,GDP per capita PPP (const 2021 intl $),THA,Thailand,2011,16768.1688542486
gdp_pc_ppp,NY.GDP.PCAP.PP.KD,GDP per capita PPP (const 2021 intl $),THA,Thailand,2010,16732.187029014
gdp_pc_ppp,NY.GDP.PCAP.PP.KD,GDP per capita PPP (const 2021 intl $),THA,Thailand,2009,15667.6047343164
gdp_pc_ppp,NY.GDP.PCAP.PP.KD,GDP per capita PPP (const 2021 intl $),THA,Thailand,2008,15893.5084947968
gdp_pc_ppp,NY.GDP.PCAP.PP.KD,GDP per capita PPP (const 2021 intl $),THA,Thailand,2007,15744.3652449147
gdp_pc_ppp,NY.GDP.PCAP.PP.KD,GDP per capita PPP (const 2021 intl $),THA,Thailand,2006,15052.6955101059
gdp_pc_ppp,NY.GDP.PCAP.PP.KD,GDP per capita PPP (const 2021 intl $),THA,Thailand,2005,14459.825626203
gdp_pc_ppp,NY.GDP.PCAP.PP.KD,GDP per capita PPP (const 2021 intl $),THA,Thailand,2004,13998.521730812
gdp_pc_ppp,NY.GDP.PCAP.PP.KD,GDP per capita PPP (const 2021 intl $),THA,Thailand,2003,13288.7481561137
gdp_pc_ppp,NY.GDP.PCAP.PP.KD,GDP per capita PPP (const 2021 intl $),THA,Thailand,2002,12513.5421967032
gdp_pc_ppp,NY.GDP.PCAP.PP.KD,GDP per capita PPP (const 2021 intl $),THA,Thailand,2001,11902.6109229705
gdp_pc_ppp,NY.GDP.PCAP.PP.KD,GDP per capita PPP (const 2021 intl $),THA,Thailand,2000,11623.7874580461
gdp_pc_ppp,NY.GDP.PCAP.PP.KD,GDP per capita PPP (const 2021 intl $),THA,Thailand,1999,11254.6098303333
gdp_pc_ppp,NY.GDP.PCAP.PP.KD,GDP per capita PPP (const 2021 intl $),THA,Thailand,1998,10898.3370239872
gdp_pc_ppp,NY.GDP.PCAP.PP.KD,GDP per capita PPP (const 2021 intl $),THA,Thailand,1997,11954.1474335919
gdp_pc_ppp,NY.GDP.PCAP.PP.KD,GDP per capita PPP (const 2021 intl $),THA,Thailand,1996,12457.6820831228
gdp_pc_ppp,NY.GDP.PCAP.PP.KD,GDP per capita PPP (const 2021 intl $),THA,Thailand,1995,11955.2188089811
gdp_pc_ppp,NY.GDP.PCAP.PP.KD,GDP per capita PPP (const 2021 intl $),THA,Thailand,1994,11216.2548285636
gdp_pc_ppp,NY.GDP.PCAP.PP.KD,GDP per capita PPP (const 2021 intl $),THA,Thailand,1993,10539.9611081001
gdp_pc_ppp,NY.GDP.PCAP.PP.KD,GDP per capita PPP (const 2021 intl $),THA,Thailand,1992,9887.97373654022
gdp_pc_ppp,NY.GDP.PCAP.PP.KD,GDP per capita PPP (const 2021 intl $),THA,Thailand,1991,9295.04057342995
gdp_pc_ppp,NY.GDP.PCAP.PP.KD,GDP per capita PPP (const 2021 intl $),THA,Thailand,1990,8702.899560469
gdp_pc_ppp,NY.GDP.PCAP.PP.KD,GDP per capita PPP (const 2021 intl $),TUR,Turkiye,2024,36154.490436557
gdp_pc_ppp,NY.GDP.PCAP.PP.KD,GDP per capita PPP (const 2021 intl $),TUR,Turkiye,2023,35069.1701714685
gdp_pc_ppp,NY.GDP.PCAP.PP.KD,GDP per capita PPP (const 2021 intl $),TUR,Turkiye,2022,33520.8111384208
gdp_pc_ppp,NY.GDP.PCAP.PP.KD,GDP per capita PPP (const 2021 intl $),TUR,Turkiye,2021,32105.5474400506
gdp_pc_ppp,NY.GDP.PCAP.PP.KD,GDP per capita PPP (const 2021 intl $),TUR,Turkiye,2020,28976.7179161611
gdp_pc_ppp,NY.GDP.PCAP.PP.KD,GDP per capita PPP (const 2021 intl $),TUR,Turkiye,2019,28741.0535082701
gdp_pc_ppp,NY.GDP.PCAP.PP.KD,GDP per capita PPP (const 2021 intl $),TUR,Turkiye,2018,28780.3036458151
gdp_pc_ppp,NY.GDP.PCAP.PP.KD,GDP per capita PPP (const 2021 intl $),TUR,Turkiye,2017,28194.688309381
gdp_pc_ppp,NY.GDP.PCAP.PP.KD,GDP per capita PPP (const 2021 intl $),TUR,Turkiye,2016,26489.6436816046
gdp_pc_ppp,NY.GDP.PCAP.PP.KD,GDP per capita PPP (const 2021 intl $),TUR,Turkiye,2015,25984.8027306177
gdp_pc_ppp,NY.GDP.PCAP.PP.KD,GDP per capita PPP (const 2021 intl $),TUR,Turkiye,2014,24888.8521742576
gdp_pc_ppp,NY.GDP.PCAP.PP.KD,GDP per capita PPP (const 2021 intl $),TUR,Turkiye,2013,24117.3121099839
gdp_pc_ppp,NY.GDP.PCAP.PP.KD,GDP per capita PPP (const 2021 intl $),TUR,Turkiye,2012,22517.7148287875
gdp_pc_ppp,NY.GDP.PCAP.PP.KD,GDP per capita PPP (const 2021 intl $),TUR,Turkiye,2011,21760.4291923634
gdp_pc_ppp,NY.GDP.PCAP.PP.KD,GDP per capita PPP (const 2021 intl $),TUR,Turkiye,2010,19897.4464836887
gdp_pc_ppp,NY.GDP.PCAP.PP.KD,GDP per capita PPP (const 2021 intl $),TUR,Turkiye,2009,18612.1925231905
gdp_pc_ppp,NY.GDP.PCAP.PP.KD,GDP per capita PPP (const 2021 intl $),TUR,Turkiye,2008,19839.5845462269
gdp_pc_ppp,NY.GDP.PCAP.PP.KD,GDP per capita PPP (const 2021 intl $),TUR,Turkiye,2007,19909.083519675
gdp_pc_ppp,NY.GDP.PCAP.PP.KD,GDP per capita PPP (const 2021 intl $),TUR,Turkiye,2006,18972.0089563632
gdp_pc_ppp,NY.GDP.PCAP.PP.KD,GDP per capita PPP (const 2021 intl $),TUR,Turkiye,2005,17902.5966004487
gdp_pc_ppp,NY.GDP.PCAP.PP.KD,GDP per capita PPP (const 2021 intl $),TUR,Turkiye,2004,16583.8837094062
gdp_pc_ppp,NY.GDP.PCAP.PP.KD,GDP per capita PPP (const 2021 intl $),TUR,Turkiye,2003,15255.7177960689
gdp_pc_ppp,NY.GDP.PCAP.PP.KD,GDP per capita PPP (const 2021 intl $),TUR,Turkiye,2002,14587.894621656
gdp_pc_ppp,NY.GDP.PCAP.PP.KD,GDP per capita PPP (const 2021 intl $),TUR,Turkiye,2001,13872.1287284566
gdp_pc_ppp,NY.GDP.PCAP.PP.KD,GDP per capita PPP (const 2021 intl $),TUR,Turkiye,2000,14856.914625257
gdp_pc_ppp,NY.GDP.PCAP.PP.KD,GDP per capita PPP (const 2021 intl $),TUR,Turkiye,1999,14066.1896257233
gdp_pc_ppp,NY.GDP.PCAP.PP.KD,GDP per capita PPP (const 2021 intl $),TUR,Turkiye,1998,14704.3385744207
gdp_pc_ppp,NY.GDP.PCAP.PP.KD,GDP per capita PPP (const 2021 intl $),TUR,Turkiye,1997,14631.2958814739
gdp_pc_ppp,NY.GDP.PCAP.PP.KD,GDP per capita PPP (const 2021 intl $),TUR,Turkiye,1996,13826.9201097072
gdp_pc_ppp,NY.GDP.PCAP.PP.KD,GDP per capita PPP (const 2021 intl $),TUR,Turkiye,1995,13099.2575267612
gdp_pc_ppp,NY.GDP.PCAP.PP.KD,GDP per capita PPP (const 2021 intl $),TUR,Turkiye,1994,12343.0041848988
gdp_pc_ppp,NY.GDP.PCAP.PP.KD,GDP per capita PPP (const 2021 intl $),TUR,Turkiye,1993,13174.467116412
gdp_pc_ppp,NY.GDP.PCAP.PP.KD,GDP per capita PPP (const 2021 intl $),TUR,Turkiye,1992,12451.0451197948
gdp_pc_ppp,NY.GDP.PCAP.PP.KD,GDP per capita PPP (const 2021 intl $),TUR,Turkiye,1991,12057.9354364382
gdp_pc_ppp,NY.GDP.PCAP.PP.KD,GDP per capita PPP (const 2021 intl $),TUR,Turkiye,1990,12184.1995945303
gdp_pc_ppp,NY.GDP.PCAP.PP.KD,GDP per capita PPP (const 2021 intl $),UKR,Ukraine,2024,16371.44140625
gdp_pc_ppp,NY.GDP.PCAP.PP.KD,GDP per capita PPP (const 2021 intl $),UKR,Ukraine,2023,15916.9580078125
gdp_pc_ppp,NY.GDP.PCAP.PP.KD,GDP per capita PPP (const 2021 intl $),UKR,Ukraine,2022,13787.12109375
gdp_pc_ppp,NY.GDP.PCAP.PP.KD,GDP per capita PPP (const 2021 intl $),UKR,Ukraine,2021,17846.408203125
gdp_pc_ppp,NY.GDP.PCAP.PP.KD,GDP per capita PPP (const 2021 intl $),UKR,Ukraine,2020,17092.5390625
gdp_pc_ppp,NY.GDP.PCAP.PP.KD,GDP per capita PPP (const 2021 intl $),UKR,Ukraine,2019,17636.5546875
gdp_pc_ppp,NY.GDP.PCAP.PP.KD,GDP per capita PPP (const 2021 intl $),UKR,Ukraine,2018,16978.984375
gdp_pc_ppp,NY.GDP.PCAP.PP.KD,GDP per capita PPP (const 2021 intl $),UKR,Ukraine,2017,16310.3603515625
gdp_pc_ppp,NY.GDP.PCAP.PP.KD,GDP per capita PPP (const 2021 intl $),UKR,Ukraine,2016,15856.8125
gdp_pc_ppp,NY.GDP.PCAP.PP.KD,GDP per capita PPP (const 2021 intl $),UKR,Ukraine,2015,15403.7099609375
gdp_pc_ppp,NY.GDP.PCAP.PP.KD,GDP per capita PPP (const 2021 intl $),UKR,Ukraine,2014,16978.8125
gdp_pc_ppp,NY.GDP.PCAP.PP.KD,GDP per capita PPP (const 2021 intl $),UKR,Ukraine,2013,17889.091796875
gdp_pc_ppp,NY.GDP.PCAP.PP.KD,GDP per capita PPP (const 2021 intl $),UKR,Ukraine,2012,17848.740234375
gdp_pc_ppp,NY.GDP.PCAP.PP.KD,GDP per capita PPP (const 2021 intl $),UKR,Ukraine,2011,17783.95703125
gdp_pc_ppp,NY.GDP.PCAP.PP.KD,GDP per capita PPP (const 2021 intl $),UKR,Ukraine,2010,16811.794921875
gdp_pc_ppp,NY.GDP.PCAP.PP.KD,GDP per capita PPP (const 2021 intl $),UKR,Ukraine,2009,16092.7958984375
gdp_pc_ppp,NY.GDP.PCAP.PP.KD,GDP per capita PPP (const 2021 intl $),UKR,Ukraine,2008,18883.986328125
gdp_pc_ppp,NY.GDP.PCAP.PP.KD,GDP per capita PPP (const 2021 intl $),UKR,Ukraine,2007,18374.013671875
gdp_pc_ppp,NY.GDP.PCAP.PP.KD,GDP per capita PPP (const 2021 intl $),UKR,Ukraine,2006,16901.5078125
gdp_pc_ppp,NY.GDP.PCAP.PP.KD,GDP per capita PPP (const 2021 intl $),UKR,Ukraine,2005,15610.5732421875
gdp_pc_ppp,NY.GDP.PCAP.PP.KD,GDP per capita PPP (const 2021 intl $),UKR,Ukraine,2004,15021.06640625
gdp_pc_ppp,NY.GDP.PCAP.PP.KD,GDP per capita PPP (const 2021 intl $),UKR,Ukraine,2003,13342.8798828125
gdp_pc_ppp,NY.GDP.PCAP.PP.KD,GDP per capita PPP (const 2021 intl $),UKR,Ukraine,2002,12092.7890625
gdp_pc_ppp,NY.GDP.PCAP.PP.KD,GDP per capita PPP (const 2021 intl $),UKR,Ukraine,2001,11379.3857421875
gdp_pc_ppp,NY.GDP.PCAP.PP.KD,GDP per capita PPP (const 2021 intl $),UKR,Ukraine,2000,10364.0625
gdp_pc_ppp,NY.GDP.PCAP.PP.KD,GDP per capita PPP (const 2021 intl $),UKR,Ukraine,1999,9704.4453125
gdp_pc_ppp,NY.GDP.PCAP.PP.KD,GDP per capita PPP (const 2021 intl $),UKR,Ukraine,1998,9646.0546875
gdp_pc_ppp,NY.GDP.PCAP.PP.KD,GDP per capita PPP (const 2021 intl $),UKR,Ukraine,1997,9754.0498046875
gdp_pc_ppp,NY.GDP.PCAP.PP.KD,GDP per capita PPP (const 2021 intl $),UKR,Ukraine,1996,9969.5009765625
gdp_pc_ppp,NY.GDP.PCAP.PP.KD,GDP per capita PPP (const 2021 intl $),UKR,Ukraine,1995,10983.0087890625
gdp_pc_ppp,NY.GDP.PCAP.PP.KD,GDP per capita PPP (const 2021 intl $),UKR,Ukraine,1994,12410.525390625
gdp_pc_ppp,NY.GDP.PCAP.PP.KD,GDP per capita PPP (const 2021 intl $),UKR,Ukraine,1993,16012.3720703125
gdp_pc_ppp,NY.GDP.PCAP.PP.KD,GDP per capita PPP (const 2021 intl $),UKR,Ukraine,1992,18671.873046875
gdp_pc_ppp,NY.GDP.PCAP.PP.KD,GDP per capita PPP (const 2021 intl $),UKR,Ukraine,1991,20784.16015625
gdp_pc_ppp,NY.GDP.PCAP.PP.KD,GDP per capita PPP (const 2021 intl $),UKR,Ukraine,1990,22815.798828125
gdp_pc_ppp,NY.GDP.PCAP.PP.KD,GDP per capita PPP (const 2021 intl $),UMC,Upper middle income,2024,20967.3589459748
gdp_pc_ppp,NY.GDP.PCAP.PP.KD,GDP per capita PPP (const 2021 intl $),UMC,Upper middle income,2023,20194.4437195401
gdp_pc_ppp,NY.GDP.PCAP.PP.KD,GDP per capita PPP (const 2021 intl $),UMC,Upper middle income,2022,19378.7095594057
gdp_pc_ppp,NY.GDP.PCAP.PP.KD,GDP per capita PPP (const 2021 intl $),UMC,Upper middle income,2021,18796.441497948
gdp_pc_ppp,NY.GDP.PCAP.PP.KD,GDP per capita PPP (const 2021 intl $),UMC,Upper middle income,2020,17611.7434455076
gdp_pc_ppp,NY.GDP.PCAP.PP.KD,GDP per capita PPP (const 2021 intl $),UMC,Upper middle income,2019,17882.2048457814
gdp_pc_ppp,NY.GDP.PCAP.PP.KD,GDP per capita PPP (const 2021 intl $),UMC,Upper middle income,2018,17308.0850217702
gdp_pc_ppp,NY.GDP.PCAP.PP.KD,GDP per capita PPP (const 2021 intl $),UMC,Upper middle income,2017,16662.4284387368
gdp_pc_ppp,NY.GDP.PCAP.PP.KD,GDP per capita PPP (const 2021 intl $),UMC,Upper middle income,2016,15979.55362127
gdp_pc_ppp,NY.GDP.PCAP.PP.KD,GDP per capita PPP (const 2021 intl $),UMC,Upper middle income,2015,15424.5615868064
gdp_pc_ppp,NY.GDP.PCAP.PP.KD,GDP per capita PPP (const 2021 intl $),UMC,Upper middle income,2014,14947.2403476526
gdp_pc_ppp,NY.GDP.PCAP.PP.KD,GDP per capita PPP (const 2021 intl $),UMC,Upper middle income,2013,14423.8295348435
gdp_pc_ppp,NY.GDP.PCAP.PP.KD,GDP per capita PPP (const 2021 intl $),UMC,Upper middle income,2012,13822.3046874476
gdp_pc_ppp,NY.GDP.PCAP.PP.KD,GDP per capita PPP (const 2021 intl $),UMC,Upper middle income,2011,13236.515304434
gdp_pc_ppp,NY.GDP.PCAP.PP.KD,GDP per capita PPP (const 2021 intl $),UMC,Upper middle income,2010,12531.0895213844
gdp_pc_ppp,NY.GDP.PCAP.PP.KD,GDP per capita PPP (const 2021 intl $),UMC,Upper middle income,2009,11694.2221159018
gdp_pc_ppp,NY.GDP.PCAP.PP.KD,GDP per capita PPP (const 2021 intl $),UMC,Upper middle income,2008,11494.8903381638
gdp_pc_ppp,NY.GDP.PCAP.PP.KD,GDP per capita PPP (const 2021 intl $),UMC,Upper middle income,2007,10958.7142005081
gdp_pc_ppp,NY.GDP.PCAP.PP.KD,GDP per capita PPP (const 2021 intl $),UMC,Upper middle income,2006,10156.8285798117
gdp_pc_ppp,NY.GDP.PCAP.PP.KD,GDP per capita PPP (const 2021 intl $),UMC,Upper middle income,2005,9482.47316024402
gdp_pc_ppp,NY.GDP.PCAP.PP.KD,GDP per capita PPP (const 2021 intl $),UMC,Upper middle income,2004,8939.4315710973
gdp_pc_ppp,NY.GDP.PCAP.PP.KD,GDP per capita PPP (const 2021 intl $),UMC,Upper middle income,2003,8370.32235025016
gdp_pc_ppp,NY.GDP.PCAP.PP.KD,GDP per capita PPP (const 2021 intl $),UMC,Upper middle income,2002,7995.26895874639
gdp_pc_ppp,NY.GDP.PCAP.PP.KD,GDP per capita PPP (const 2021 intl $),UMC,Upper middle income,2001,7707.83336797882
gdp_pc_ppp,NY.GDP.PCAP.PP.KD,GDP per capita PPP (const 2021 intl $),UMC,Upper middle income,2000,7534.46601304186
gdp_pc_ppp,NY.GDP.PCAP.PP.KD,GDP per capita PPP (const 2021 intl $),UMC,Upper middle income,1999,7193.22707987242
gdp_pc_ppp,NY.GDP.PCAP.PP.KD,GDP per capita PPP (const 2021 intl $),UMC,Upper middle income,1998,7065.40946908576
gdp_pc_ppp,NY.GDP.PCAP.PP.KD,GDP per capita PPP (const 2021 intl $),UMC,Upper middle income,1997,7003.13563219198
gdp_pc_ppp,NY.GDP.PCAP.PP.KD,GDP per capita PPP (const 2021 intl $),UMC,Upper middle income,1996,6714.8088077637
gdp_pc_ppp,NY.GDP.PCAP.PP.KD,GDP per capita PPP (const 2021 intl $),UMC,Upper middle income,1995,6432.68540027582
gdp_pc_ppp,NY.GDP.PCAP.PP.KD,GDP per capita PPP (const 2021 intl $),UMC,Upper middle income,1994,6270.83865713217
gdp_pc_ppp,NY.GDP.PCAP.PP.KD,GDP per capita PPP (const 2021 intl $),UMC,Upper middle income,1993,6118.06189336087
gdp_pc_ppp,NY.GDP.PCAP.PP.KD,GDP per capita PPP (const 2021 intl $),UMC,Upper middle income,1992,5937.92673470106
gdp_pc_ppp,NY.GDP.PCAP.PP.KD,GDP per capita PPP (const 2021 intl $),UMC,Upper middle income,1991,5832.26269411493
gdp_pc_ppp,NY.GDP.PCAP.PP.KD,GDP per capita PPP (const 2021 intl $),UMC,Upper middle income,1990,5810.41961910228
gdp_pc_ppp,NY.GDP.PCAP.PP.KD,GDP per capita PPP (const 2021 intl $),URY,Uruguay,2024,32149.480073986
gdp_pc_ppp,NY.GDP.PCAP.PP.KD,GDP per capita PPP (const 2021 intl $),URY,Uruguay,2023,31100.9696889882
gdp_pc_ppp,NY.GDP.PCAP.PP.KD,GDP per capita PPP (const 2021 intl $),URY,Uruguay,2022,30840.0709827676
gdp_pc_ppp,NY.GDP.PCAP.PP.KD,GDP per capita PPP (const 2021 intl $),URY,Uruguay,2021,29431.8738833361
gdp_pc_ppp,NY.GDP.PCAP.PP.KD,GDP per capita PPP (const 2021 intl $),URY,Uruguay,2020,27788.1749600196
gdp_pc_ppp,NY.GDP.PCAP.PP.KD,GDP per capita PPP (const 2021 intl $),URY,Uruguay,2019,30010.5628834294
gdp_pc_ppp,NY.GDP.PCAP.PP.KD,GDP per capita PPP (const 2021 intl $),URY,Uruguay,2018,29757.9276055415
gdp_pc_ppp,NY.GDP.PCAP.PP.KD,GDP per capita PPP (const 2021 intl $),URY,Uruguay,2017,29762.4220666605
gdp_pc_ppp,NY.GDP.PCAP.PP.KD,GDP per capita PPP (const 2021 intl $),URY,Uruguay,2016,29332.5561568815
gdp_pc_ppp,NY.GDP.PCAP.PP.KD,GDP per capita PPP (const 2021 intl $),URY,Uruguay,2015,28941.6184540581
gdp_pc_ppp,NY.GDP.PCAP.PP.KD,GDP per capita PPP (const 2021 intl $),URY,Uruguay,2014,28935.086486757
gdp_pc_ppp,NY.GDP.PCAP.PP.KD,GDP per capita PPP (const 2021 intl $),URY,Uruguay,2013,28119.4726887432
gdp_pc_ppp,NY.GDP.PCAP.PP.KD,GDP per capita PPP (const 2021 intl $),URY,Uruguay,2012,26953.2709026389
gdp_pc_ppp,NY.GDP.PCAP.PP.KD,GDP per capita PPP (const 2021 intl $),URY,Uruguay,2011,26099.3116487704
gdp_pc_ppp,NY.GDP.PCAP.PP.KD,GDP per capita PPP (const 2021 intl $),URY,Uruguay,2010,24879.8256003219
gdp_pc_ppp,NY.GDP.PCAP.PP.KD,GDP per capita PPP (const 2021 intl $),URY,Uruguay,2009,23138.0733091496
gdp_pc_ppp,NY.GDP.PCAP.PP.KD,GDP per capita PPP (const 2021 intl $),URY,Uruguay,2008,22249.3750934425
gdp_pc_ppp,NY.GDP.PCAP.PP.KD,GDP per capita PPP (const 2021 intl $),URY,Uruguay,2007,20803.885306175
gdp_pc_ppp,NY.GDP.PCAP.PP.KD,GDP per capita PPP (const 2021 intl $),URY,Uruguay,2006,19560.0743506382
gdp_pc_ppp,NY.GDP.PCAP.PP.KD,GDP per capita PPP (const 2021 intl $),URY,Uruguay,2005,18811.3124755641
gdp_pc_ppp,NY.GDP.PCAP.PP.KD,GDP per capita PPP (const 2021 intl $),URY,Uruguay,2004,17519.3729926744
gdp_pc_ppp,NY.GDP.PCAP.PP.KD,GDP per capita PPP (const 2021 intl $),URY,Uruguay,2003,16694.4326030244
gdp_pc_ppp,NY.GDP.PCAP.PP.KD,GDP per capita PPP (const 2021 intl $),URY,Uruguay,2002,16572.7819019325
gdp_pc_ppp,NY.GDP.PCAP.PP.KD,GDP per capita PPP (const 2021 intl $),URY,Uruguay,2001,17986.8939502115
gdp_pc_ppp,NY.GDP.PCAP.PP.KD,GDP per capita PPP (const 2021 intl $),URY,Uruguay,2000,18752.0507121938
gdp_pc_ppp,NY.GDP.PCAP.PP.KD,GDP per capita PPP (const 2021 intl $),URY,Uruguay,1999,19192.7103025817
gdp_pc_ppp,NY.GDP.PCAP.PP.KD,GDP per capita PPP (const 2021 intl $),URY,Uruguay,1998,19577.7825547632
gdp_pc_ppp,NY.GDP.PCAP.PP.KD,GDP per capita PPP (const 2021 intl $),URY,Uruguay,1997,18823.934790748
gdp_pc_ppp,NY.GDP.PCAP.PP.KD,GDP per capita PPP (const 2021 intl $),URY,Uruguay,1996,17433.6866851628
gdp_pc_ppp,NY.GDP.PCAP.PP.KD,GDP per capita PPP (const 2021 intl $),URY,Uruguay,1995,16600.0329041954
gdp_pc_ppp,NY.GDP.PCAP.PP.KD,GDP per capita PPP (const 2021 intl $),URY,Uruguay,1994,16932.0220449735
gdp_pc_ppp,NY.GDP.PCAP.PP.KD,GDP per capita PPP (const 2021 intl $),URY,Uruguay,1993,15865.2715092002
gdp_pc_ppp,NY.GDP.PCAP.PP.KD,GDP per capita PPP (const 2021 intl $),URY,Uruguay,1992,15536.4813275187
gdp_pc_ppp,NY.GDP.PCAP.PP.KD,GDP per capita PPP (const 2021 intl $),URY,Uruguay,1991,14474.7272308128
gdp_pc_ppp,NY.GDP.PCAP.PP.KD,GDP per capita PPP (const 2021 intl $),URY,Uruguay,1990,14060.8401531053
gdp_pc_ppp,NY.GDP.PCAP.PP.KD,GDP per capita PPP (const 2021 intl $),ZAF,South Africa,2024,13597.6538495998
gdp_pc_ppp,NY.GDP.PCAP.PP.KD,GDP per capita PPP (const 2021 intl $),ZAF,South Africa,2023,13695.3755694076
gdp_pc_ppp,NY.GDP.PCAP.PP.KD,GDP per capita PPP (const 2021 intl $),ZAF,South Africa,2022,13767.4967589936
gdp_pc_ppp,NY.GDP.PCAP.PP.KD,GDP per capita PPP (const 2021 intl $),ZAF,South Africa,2021,13681.9548144813
gdp_pc_ppp,NY.GDP.PCAP.PP.KD,GDP per capita PPP (const 2021 intl $),ZAF,South Africa,2020,13250.5666594456
gdp_pc_ppp,NY.GDP.PCAP.PP.KD,GDP per capita PPP (const 2021 intl $),ZAF,South Africa,2019,14352.6698709871
gdp_pc_ppp,NY.GDP.PCAP.PP.KD,GDP per capita PPP (const 2021 intl $),ZAF,South Africa,2018,14553.5615668957
gdp_pc_ppp,NY.GDP.PCAP.PP.KD,GDP per capita PPP (const 2021 intl $),ZAF,South Africa,2017,14573.5980840004
gdp_pc_ppp,NY.GDP.PCAP.PP.KD,GDP per capita PPP (const 2021 intl $),ZAF,South Africa,2016,14501.2807823402
gdp_pc_ppp,NY.GDP.PCAP.PP.KD,GDP per capita PPP (const 2021 intl $),ZAF,South Africa,2015,14541.6748613669
gdp_pc_ppp,NY.GDP.PCAP.PP.KD,GDP per capita PPP (const 2021 intl $),ZAF,South Africa,2014,14643.3384782936
gdp_pc_ppp,NY.GDP.PCAP.PP.KD,GDP per capita PPP (const 2021 intl $),ZAF,South Africa,2013,14681.096638957
gdp_pc_ppp,NY.GDP.PCAP.PP.KD,GDP per capita PPP (const 2021 intl $),ZAF,South Africa,2012,14563.7624041032
gdp_pc_ppp,NY.GDP.PCAP.PP.KD,GDP per capita PPP (const 2021 intl $),ZAF,South Africa,2011,14434.2611456048
gdp_pc_ppp,NY.GDP.PCAP.PP.KD,GDP per capita PPP (const 2021 intl $),ZAF,South Africa,2010,14164.9958363115
gdp_pc_ppp,NY.GDP.PCAP.PP.KD,GDP per capita PPP (const 2021 intl $),ZAF,South Africa,2009,13910.7017093394
gdp_pc_ppp,NY.GDP.PCAP.PP.KD,GDP per capita PPP (const 2021 intl $),ZAF,South Africa,2008,14297.6887802632
gdp_pc_ppp,NY.GDP.PCAP.PP.KD,GDP per capita PPP (const 2021 intl $),ZAF,South Africa,2007,14016.2444716386
gdp_pc_ppp,NY.GDP.PCAP.PP.KD,GDP per capita PPP (const 2021 intl $),ZAF,South Africa,2006,13444.2332126058
gdp_pc_ppp,NY.GDP.PCAP.PP.KD,GDP per capita PPP (const 2021 intl $),ZAF,South Africa,2005,12861.5633089114
gdp_pc_ppp,NY.GDP.PCAP.PP.KD,GDP per capita PPP (const 2021 intl $),ZAF,South Africa,2004,12341.2102655828
gdp_pc_ppp,NY.GDP.PCAP.PP.KD,GDP per capita PPP (const 2021 intl $),ZAF,South Africa,2003,11923.1211013633
gdp_pc_ppp,NY.GDP.PCAP.PP.KD,GDP per capita PPP (const 2021 intl $),ZAF,South Africa,2002,11697.5657261687
gdp_pc_ppp,NY.GDP.PCAP.PP.KD,GDP per capita PPP (const 2021 intl $),ZAF,South Africa,2001,11387.492366782
gdp_pc_ppp,NY.GDP.PCAP.PP.KD,GDP per capita PPP (const 2021 intl $),ZAF,South Africa,2000,11183.825503143
gdp_pc_ppp,NY.GDP.PCAP.PP.KD,GDP per capita PPP (const 2021 intl $),ZAF,South Africa,1999,10831.6589617949
gdp_pc_ppp,NY.GDP.PCAP.PP.KD,GDP per capita PPP (const 2021 intl $),ZAF,South Africa,1998,10693.6882326622
gdp_pc_ppp,NY.GDP.PCAP.PP.KD,GDP per capita PPP (const 2021 intl $),ZAF,South Africa,1997,10770.2779624828
gdp_pc_ppp,NY.GDP.PCAP.PP.KD,GDP per capita PPP (const 2021 intl $),ZAF,South Africa,1996,10623.8603593151
gdp_pc_ppp,NY.GDP.PCAP.PP.KD,GDP per capita PPP (const 2021 intl $),ZAF,South Africa,1995,10318.8385984353
gdp_pc_ppp,NY.GDP.PCAP.PP.KD,GDP per capita PPP (const 2021 intl $),ZAF,South Africa,1994,10130.8058233004
gdp_pc_ppp,NY.GDP.PCAP.PP.KD,GDP per capita PPP (const 2021 intl $),ZAF,South Africa,1993,9976.96506458374
gdp_pc_ppp,NY.GDP.PCAP.PP.KD,GDP per capita PPP (const 2021 intl $),ZAF,South Africa,1992,10053.6101212292
gdp_pc_ppp,NY.GDP.PCAP.PP.KD,GDP per capita PPP (const 2021 intl $),ZAF,South Africa,1991,10459.3559818564
gdp_pc_ppp,NY.GDP.PCAP.PP.KD,GDP per capita PPP (const 2021 intl $),ZAF,South Africa,1990,10811.1515328296
gdp_per_employed,SL.GDP.PCAP.EM.KD,GDP per person employed (const 2021 PPP $),ARG,Argentina,2024,59453.738230398
gdp_per_employed,SL.GDP.PCAP.EM.KD,GDP per person employed (const 2021 PPP $),ARG,Argentina,2023,59860.6086847392
gdp_per_employed,SL.GDP.PCAP.EM.KD,GDP per person employed (const 2021 PPP $),ARG,Argentina,2022,62861.7846363111
gdp_per_employed,SL.GDP.PCAP.EM.KD,GDP per person employed (const 2021 PPP $),ARG,Argentina,2021,62199.2099349718
gdp_per_employed,SL.GDP.PCAP.EM.KD,GDP per person employed (const 2021 PPP $),ARG,Argentina,2020,63088.8422580423
gdp_per_employed,SL.GDP.PCAP.EM.KD,GDP per person employed (const 2021 PPP $),ARG,Argentina,2019,64545.6690918665
gdp_per_employed,SL.GDP.PCAP.EM.KD,GDP per person employed (const 2021 PPP $),ARG,Argentina,2018,66888.049287424
gdp_per_employed,SL.GDP.PCAP.EM.KD,GDP per person employed (const 2021 PPP $),ARG,Argentina,2017,69702.6851895696
gdp_per_employed,SL.GDP.PCAP.EM.KD,GDP per person employed (const 2021 PPP $),ARG,Argentina,2016,68105.4026359412
gdp_per_employed,SL.GDP.PCAP.EM.KD,GDP per person employed (const 2021 PPP $),ARG,Argentina,2015,69721.4339259464
gdp_per_employed,SL.GDP.PCAP.EM.KD,GDP per person employed (const 2021 PPP $),ARG,Argentina,2014,68225.6445237006
gdp_per_employed,SL.GDP.PCAP.EM.KD,GDP per person employed (const 2021 PPP $),ARG,Argentina,2013,70098.6605034767
gdp_per_employed,SL.GDP.PCAP.EM.KD,GDP per person employed (const 2021 PPP $),ARG,Argentina,2012,68916.9082638847
gdp_per_employed,SL.GDP.PCAP.EM.KD,GDP per person employed (const 2021 PPP $),ARG,Argentina,2011,70153.5331640959
gdp_per_employed,SL.GDP.PCAP.EM.KD,GDP per person employed (const 2021 PPP $),ARG,Argentina,2010,67965.7783189913
gdp_per_employed,SL.GDP.PCAP.EM.KD,GDP per person employed (const 2021 PPP $),ARG,Argentina,2009,62578.8318819811
gdp_per_employed,SL.GDP.PCAP.EM.KD,GDP per person employed (const 2021 PPP $),ARG,Argentina,2008,67241.6105325519
gdp_per_employed,SL.GDP.PCAP.EM.KD,GDP per person employed (const 2021 PPP $),ARG,Argentina,2007,65213.8451434454
gdp_per_employed,SL.GDP.PCAP.EM.KD,GDP per person employed (const 2021 PPP $),ARG,Argentina,2006,61047.783669524
gdp_per_employed,SL.GDP.PCAP.EM.KD,GDP per person employed (const 2021 PPP $),ARG,Argentina,2005,58492.0948828661
gdp_per_employed,SL.GDP.PCAP.EM.KD,GDP per person employed (const 2021 PPP $),ARG,Argentina,2004,55372.0006494235
gdp_per_employed,SL.GDP.PCAP.EM.KD,GDP per person employed (const 2021 PPP $),ARG,Argentina,2003,53386.931436742
gdp_per_employed,SL.GDP.PCAP.EM.KD,GDP per person employed (const 2021 PPP $),ARG,Argentina,2002,53119.3070799212
gdp_per_employed,SL.GDP.PCAP.EM.KD,GDP per person employed (const 2021 PPP $),ARG,Argentina,2001,57358.6164893946
gdp_per_employed,SL.GDP.PCAP.EM.KD,GDP per person employed (const 2021 PPP $),ARG,Argentina,2000,58560.1529462859
gdp_per_employed,SL.GDP.PCAP.EM.KD,GDP per person employed (const 2021 PPP $),ARG,Argentina,1999,58999.3864674556
gdp_per_employed,SL.GDP.PCAP.EM.KD,GDP per person employed (const 2021 PPP $),ARG,Argentina,1998,60451.118088869
gdp_per_employed,SL.GDP.PCAP.EM.KD,GDP per person employed (const 2021 PPP $),ARG,Argentina,1997,60898.2739160256
gdp_per_employed,SL.GDP.PCAP.EM.KD,GDP per person employed (const 2021 PPP $),ARG,Argentina,1996,59535.7181778436
gdp_per_employed,SL.GDP.PCAP.EM.KD,GDP per person employed (const 2021 PPP $),ARG,Argentina,1995,58986.5631454268
gdp_per_employed,SL.GDP.PCAP.EM.KD,GDP per person employed (const 2021 PPP $),ARG,Argentina,1994,56342.6298445891
gdp_per_employed,SL.GDP.PCAP.EM.KD,GDP per person employed (const 2021 PPP $),ARG,Argentina,1993,53578.2758730771
gdp_per_employed,SL.GDP.PCAP.EM.KD,GDP per person employed (const 2021 PPP $),ARG,Argentina,1992,48964.2425148305
gdp_per_employed,SL.GDP.PCAP.EM.KD,GDP per person employed (const 2021 PPP $),ARG,Argentina,1991,46257.9327425384
gdp_per_employed,SL.GDP.PCAP.EM.KD,GDP per person employed (const 2021 PPP $),BGR,Bulgaria,2024,74220.5977530845
gdp_per_employed,SL.GDP.PCAP.EM.KD,GDP per person employed (const 2021 PPP $),BGR,Bulgaria,2023,71089.9608686679
gdp_per_employed,SL.GDP.PCAP.EM.KD,GDP per person employed (const 2021 PPP $),BGR,Bulgaria,2022,69786.9250672246
gdp_per_employed,SL.GDP.PCAP.EM.KD,GDP per person employed (const 2021 PPP $),BGR,Bulgaria,2021,68917.2850596136
gdp_per_employed,SL.GDP.PCAP.EM.KD,GDP per person employed (const 2021 PPP $),BGR,Bulgaria,2020,62815.0064722228
gdp_per_employed,SL.GDP.PCAP.EM.KD,GDP per person employed (const 2021 PPP $),BGR,Bulgaria,2019,62693.9855864739
gdp_per_employed,SL.GDP.PCAP.EM.KD,GDP per person employed (const 2021 PPP $),BGR,Bulgaria,2018,61623.8433618006
gdp_per_employed,SL.GDP.PCAP.EM.KD,GDP per person employed (const 2021 PPP $),BGR,Bulgaria,2017,59816.9623302987
gdp_per_employed,SL.GDP.PCAP.EM.KD,GDP per person employed (const 2021 PPP $),BGR,Bulgaria,2016,60518.7585613856
gdp_per_employed,SL.GDP.PCAP.EM.KD,GDP per person employed (const 2021 PPP $),BGR,Bulgaria,2015,57927.555847289
gdp_per_employed,SL.GDP.PCAP.EM.KD,GDP per person employed (const 2021 PPP $),BGR,Bulgaria,2014,56927.691075534
gdp_per_employed,SL.GDP.PCAP.EM.KD,GDP per person employed (const 2021 PPP $),BGR,Bulgaria,2013,56624.3895379792
gdp_per_employed,SL.GDP.PCAP.EM.KD,GDP per person employed (const 2021 PPP $),BGR,Bulgaria,2012,56091.6906067694
gdp_per_employed,SL.GDP.PCAP.EM.KD,GDP per person employed (const 2021 PPP $),BGR,Bulgaria,2011,55345.4684369057
gdp_per_employed,SL.GDP.PCAP.EM.KD,GDP per person employed (const 2021 PPP $),BGR,Bulgaria,2010,52293.1316569148
gdp_per_employed,SL.GDP.PCAP.EM.KD,GDP per person employed (const 2021 PPP $),BGR,Bulgaria,2009,48659.7404326656
gdp_per_employed,SL.GDP.PCAP.EM.KD,GDP per person employed (const 2021 PPP $),BGR,Bulgaria,2008,48670.947423487
gdp_per_employed,SL.GDP.PCAP.EM.KD,GDP per person employed (const 2021 PPP $),BGR,Bulgaria,2007,47310.1311180757
gdp_per_employed,SL.GDP.PCAP.EM.KD,GDP per person employed (const 2021 PPP $),BGR,Bulgaria,2006,46419.7371611094
gdp_per_employed,SL.GDP.PCAP.EM.KD,GDP per person employed (const 2021 PPP $),BGR,Bulgaria,2005,45429.3422094663
gdp_per_employed,SL.GDP.PCAP.EM.KD,GDP per person employed (const 2021 PPP $),BGR,Bulgaria,2004,42547.0326983843
gdp_per_employed,SL.GDP.PCAP.EM.KD,GDP per person employed (const 2021 PPP $),BGR,Bulgaria,2003,41210.0492573794
gdp_per_employed,SL.GDP.PCAP.EM.KD,GDP per person employed (const 2021 PPP $),BGR,Bulgaria,2002,40477.1439064647
gdp_per_employed,SL.GDP.PCAP.EM.KD,GDP per person employed (const 2021 PPP $),BGR,Bulgaria,2001,38080.8255027654
gdp_per_employed,SL.GDP.PCAP.EM.KD,GDP per person employed (const 2021 PPP $),BGR,Bulgaria,2000,35600.5868767203
gdp_per_employed,SL.GDP.PCAP.EM.KD,GDP per person employed (const 2021 PPP $),BGR,Bulgaria,1999,33040.6424780744
gdp_per_employed,SL.GDP.PCAP.EM.KD,GDP per person employed (const 2021 PPP $),BGR,Bulgaria,1998,35556.1461720299
gdp_per_employed,SL.GDP.PCAP.EM.KD,GDP per person employed (const 2021 PPP $),BGR,Bulgaria,1997,34664.5887081133
gdp_per_employed,SL.GDP.PCAP.EM.KD,GDP per person employed (const 2021 PPP $),BGR,Bulgaria,1996,40243.2559176817
gdp_per_employed,SL.GDP.PCAP.EM.KD,GDP per person employed (const 2021 PPP $),BGR,Bulgaria,1995,37496.9693152785
gdp_per_employed,SL.GDP.PCAP.EM.KD,GDP per person employed (const 2021 PPP $),BGR,Bulgaria,1994,37091.4560368515
gdp_per_employed,SL.GDP.PCAP.EM.KD,GDP per person employed (const 2021 PPP $),BGR,Bulgaria,1993,37990.2075720018
gdp_per_employed,SL.GDP.PCAP.EM.KD,GDP per person employed (const 2021 PPP $),BGR,Bulgaria,1992,37870.7070687818
gdp_per_employed,SL.GDP.PCAP.EM.KD,GDP per person employed (const 2021 PPP $),BGR,Bulgaria,1991,38690.6544354953
gdp_per_employed,SL.GDP.PCAP.EM.KD,GDP per person employed (const 2021 PPP $),BRA,Brazil,2024,41441.0405993757
gdp_per_employed,SL.GDP.PCAP.EM.KD,GDP per person employed (const 2021 PPP $),BRA,Brazil,2023,41147.6933819408
gdp_per_employed,SL.GDP.PCAP.EM.KD,GDP per person employed (const 2021 PPP $),BRA,Brazil,2022,40322.9212545869
gdp_per_employed,SL.GDP.PCAP.EM.KD,GDP per person employed (const 2021 PPP $),BRA,Brazil,2021,41904.8315182294
gdp_per_employed,SL.GDP.PCAP.EM.KD,GDP per person employed (const 2021 PPP $),BRA,Brazil,2020,41893.3237282763
gdp_per_employed,SL.GDP.PCAP.EM.KD,GDP per person employed (const 2021 PPP $),BRA,Brazil,2019,39945.5086419838
gdp_per_employed,SL.GDP.PCAP.EM.KD,GDP per person employed (const 2021 PPP $),BRA,Brazil,2018,40287.8207414582
gdp_per_employed,SL.GDP.PCAP.EM.KD,GDP per person employed (const 2021 PPP $),BRA,Brazil,2017,40207.0253818843
gdp_per_employed,SL.GDP.PCAP.EM.KD,GDP per person employed (const 2021 PPP $),BRA,Brazil,2016,39749.3215058047
gdp_per_employed,SL.GDP.PCAP.EM.KD,GDP per person employed (const 2021 PPP $),BRA,Brazil,2015,40241.3603240311
gdp_per_employed,SL.GDP.PCAP.EM.KD,GDP per person employed (const 2021 PPP $),BRA,Brazil,2014,41620.5007869547
gdp_per_employed,SL.GDP.PCAP.EM.KD,GDP per person employed (const 2021 PPP $),BRA,Brazil,2013,41958.2643779378
gdp_per_employed,SL.GDP.PCAP.EM.KD,GDP per person employed (const 2021 PPP $),BRA,Brazil,2012,41343.559149847
gdp_per_employed,SL.GDP.PCAP.EM.KD,GDP per person employed (const 2021 PPP $),BRA,Brazil,2011,41005.3449068097
gdp_per_employed,SL.GDP.PCAP.EM.KD,GDP per person employed (const 2021 PPP $),BRA,Brazil,2010,39602.8066779964
gdp_per_employed,SL.GDP.PCAP.EM.KD,GDP per person employed (const 2021 PPP $),BRA,Brazil,2009,37086.5015871274
gdp_per_employed,SL.GDP.PCAP.EM.KD,GDP per person employed (const 2021 PPP $),BRA,Brazil,2008,37362.2574758628
gdp_per_employed,SL.GDP.PCAP.EM.KD,GDP per person employed (const 2021 PPP $),BRA,Brazil,2007,36462.8085263444
gdp_per_employed,SL.GDP.PCAP.EM.KD,GDP per person employed (const 2021 PPP $),BRA,Brazil,2006,34900.0057032547
gdp_per_employed,SL.GDP.PCAP.EM.KD,GDP per person employed (const 2021 PPP $),BRA,Brazil,2005,34309.3040987948
gdp_per_employed,SL.GDP.PCAP.EM.KD,GDP per person employed (const 2021 PPP $),BRA,Brazil,2004,34011.5553213707
gdp_per_employed,SL.GDP.PCAP.EM.KD,GDP per person employed (const 2021 PPP $),BRA,Brazil,2003,33405.5022232838
gdp_per_employed,SL.GDP.PCAP.EM.KD,GDP per person employed (const 2021 PPP $),BRA,Brazil,2002,33447.2981383004
gdp_per_employed,SL.GDP.PCAP.EM.KD,GDP per person employed (const 2021 PPP $),BRA,Brazil,2001,33602.5508591608
gdp_per_employed,SL.GDP.PCAP.EM.KD,GDP per person employed (const 2021 PPP $),BRA,Brazil,2000,34062.0258846128
gdp_per_employed,SL.GDP.PCAP.EM.KD,GDP per person employed (const 2021 PPP $),BRA,Brazil,1999,33554.6102501098
gdp_per_employed,SL.GDP.PCAP.EM.KD,GDP per person employed (const 2021 PPP $),BRA,Brazil,1998,34155.0446247849
gdp_per_employed,SL.GDP.PCAP.EM.KD,GDP per person employed (const 2021 PPP $),BRA,Brazil,1997,34480.5509646589
gdp_per_employed,SL.GDP.PCAP.EM.KD,GDP per person employed (const 2021 PPP $),BRA,Brazil,1996,34226.8314603134
gdp_per_employed,SL.GDP.PCAP.EM.KD,GDP per person employed (const 2021 PPP $),BRA,Brazil,1995,33062.2091571686
gdp_per_employed,SL.GDP.PCAP.EM.KD,GDP per person employed (const 2021 PPP $),BRA,Brazil,1994,32420.1547955488
gdp_per_employed,SL.GDP.PCAP.EM.KD,GDP per person employed (const 2021 PPP $),BRA,Brazil,1993,31300.6459432924
gdp_per_employed,SL.GDP.PCAP.EM.KD,GDP per person employed (const 2021 PPP $),BRA,Brazil,1992,31036.249010528
gdp_per_employed,SL.GDP.PCAP.EM.KD,GDP per person employed (const 2021 PPP $),BRA,Brazil,1991,32042.3758920787
gdp_per_employed,SL.GDP.PCAP.EM.KD,GDP per person employed (const 2021 PPP $),CHL,Chile,2024,64104.1483966222
gdp_per_employed,SL.GDP.PCAP.EM.KD,GDP per person employed (const 2021 PPP $),CHL,Chile,2023,64007.9045880781
gdp_per_employed,SL.GDP.PCAP.EM.KD,GDP per person employed (const 2021 PPP $),CHL,Chile,2022,65141.384129718
gdp_per_employed,SL.GDP.PCAP.EM.KD,GDP per person employed (const 2021 PPP $),CHL,Chile,2021,68065.6464782789
gdp_per_employed,SL.GDP.PCAP.EM.KD,GDP per person employed (const 2021 PPP $),CHL,Chile,2020,64117.6021579912
gdp_per_employed,SL.GDP.PCAP.EM.KD,GDP per person employed (const 2021 PPP $),CHL,Chile,2019,59510.5274620498
gdp_per_employed,SL.GDP.PCAP.EM.KD,GDP per person employed (const 2021 PPP $),CHL,Chile,2018,60264.8352897173
gdp_per_employed,SL.GDP.PCAP.EM.KD,GDP per person employed (const 2021 PPP $),CHL,Chile,2017,59242.2894825317
gdp_per_employed,SL.GDP.PCAP.EM.KD,GDP per person employed (const 2021 PPP $),CHL,Chile,2016,60006.3501507094
gdp_per_employed,SL.GDP.PCAP.EM.KD,GDP per person employed (const 2021 PPP $),CHL,Chile,2015,59753.5014934899
gdp_per_employed,SL.GDP.PCAP.EM.KD,GDP per person employed (const 2021 PPP $),CHL,Chile,2014,59524.5143009569
gdp_per_employed,SL.GDP.PCAP.EM.KD,GDP per person employed (const 2021 PPP $),CHL,Chile,2013,59308.8060158672
gdp_per_employed,SL.GDP.PCAP.EM.KD,GDP per person employed (const 2021 PPP $),CHL,Chile,2012,58575.0733913698
gdp_per_employed,SL.GDP.PCAP.EM.KD,GDP per person employed (const 2021 PPP $),CHL,Chile,2011,56359.7644296301
gdp_per_employed,SL.GDP.PCAP.EM.KD,GDP per person employed (const 2021 PPP $),CHL,Chile,2010,55690.3797343864
gdp_per_employed,SL.GDP.PCAP.EM.KD,GDP per person employed (const 2021 PPP $),CHL,Chile,2009,57009.6396848963
gdp_per_employed,SL.GDP.PCAP.EM.KD,GDP per person employed (const 2021 PPP $),CHL,Chile,2008,57072.4089558567
gdp_per_employed,SL.GDP.PCAP.EM.KD,GDP per person employed (const 2021 PPP $),CHL,Chile,2007,56535.6112499221
gdp_per_employed,SL.GDP.PCAP.EM.KD,GDP per person employed (const 2021 PPP $),CHL,Chile,2006,55503.7406797669
gdp_per_employed,SL.GDP.PCAP.EM.KD,GDP per person employed (const 2021 PPP $),CHL,Chile,2005,54552.5901059194
gdp_per_employed,SL.GDP.PCAP.EM.KD,GDP per person employed (const 2021 PPP $),CHL,Chile,2004,53277.5656564277
gdp_per_employed,SL.GDP.PCAP.EM.KD,GDP per person employed (const 2021 PPP $),CHL,Chile,2003,50959.5962963379
gdp_per_employed,SL.GDP.PCAP.EM.KD,GDP per person employed (const 2021 PPP $),CHL,Chile,2002,50236.2091086274
gdp_per_employed,SL.GDP.PCAP.EM.KD,GDP per person employed (const 2021 PPP $),CHL,Chile,2001,49227.8967667631
gdp_per_employed,SL.GDP.PCAP.EM.KD,GDP per person employed (const 2021 PPP $),CHL,Chile,2000,47861.4551996137
gdp_per_employed,SL.GDP.PCAP.EM.KD,GDP per person employed (const 2021 PPP $),CHL,Chile,1999,46161.2200497622
gdp_per_employed,SL.GDP.PCAP.EM.KD,GDP per person employed (const 2021 PPP $),CHL,Chile,1998,45092.399209727
gdp_per_employed,SL.GDP.PCAP.EM.KD,GDP per person employed (const 2021 PPP $),CHL,Chile,1997,44087.4987352764
gdp_per_employed,SL.GDP.PCAP.EM.KD,GDP per person employed (const 2021 PPP $),CHL,Chile,1996,41904.323603961
gdp_per_employed,SL.GDP.PCAP.EM.KD,GDP per person employed (const 2021 PPP $),CHL,Chile,1995,39109.2417295413
gdp_per_employed,SL.GDP.PCAP.EM.KD,GDP per person employed (const 2021 PPP $),CHL,Chile,1994,37459.8205598513
gdp_per_employed,SL.GDP.PCAP.EM.KD,GDP per person employed (const 2021 PPP $),CHL,Chile,1993,36051.4194512095
gdp_per_employed,SL.GDP.PCAP.EM.KD,GDP per person employed (const 2021 PPP $),CHL,Chile,1992,34743.9027095415
gdp_per_employed,SL.GDP.PCAP.EM.KD,GDP per person employed (const 2021 PPP $),CHL,Chile,1991,32690.3451502718
gdp_per_employed,SL.GDP.PCAP.EM.KD,GDP per person employed (const 2021 PPP $),CHN,China,2024,45833.8320616544
gdp_per_employed,SL.GDP.PCAP.EM.KD,GDP per person employed (const 2021 PPP $),CHN,China,2023,43341.7549241021
gdp_per_employed,SL.GDP.PCAP.EM.KD,GDP per person employed (const 2021 PPP $),CHN,China,2022,41490.0973232747
gdp_per_employed,SL.GDP.PCAP.EM.KD,GDP per person employed (const 2021 PPP $),CHN,China,2021,39480.6030794518
gdp_per_employed,SL.GDP.PCAP.EM.KD,GDP per person employed (const 2021 PPP $),CHN,China,2020,37511.2538690742
gdp_per_employed,SL.GDP.PCAP.EM.KD,GDP per person employed (const 2021 PPP $),CHN,China,2019,35777.3561083629
gdp_per_employed,SL.GDP.PCAP.EM.KD,GDP per person employed (const 2021 PPP $),CHN,China,2018,33601.881230496
gdp_per_employed,SL.GDP.PCAP.EM.KD,GDP per person employed (const 2021 PPP $),CHN,China,2017,31434.3081942008
gdp_per_employed,SL.GDP.PCAP.EM.KD,GDP per person employed (const 2021 PPP $),CHN,China,2016,29369.0509234877
gdp_per_employed,SL.GDP.PCAP.EM.KD,GDP per person employed (const 2021 PPP $),CHN,China,2015,27526.5523497609
gdp_per_employed,SL.GDP.PCAP.EM.KD,GDP per person employed (const 2021 PPP $),CHN,China,2014,25748.3249782549
gdp_per_employed,SL.GDP.PCAP.EM.KD,GDP per person employed (const 2021 PPP $),CHN,China,2013,23987.5447401034
gdp_per_employed,SL.GDP.PCAP.EM.KD,GDP per person employed (const 2021 PPP $),CHN,China,2012,22258.1660487874
gdp_per_employed,SL.GDP.PCAP.EM.KD,GDP per person employed (const 2021 PPP $),CHN,China,2011,20649.7871815335
gdp_per_employed,SL.GDP.PCAP.EM.KD,GDP per person employed (const 2021 PPP $),CHN,China,2010,18968.032610629
gdp_per_employed,SL.GDP.PCAP.EM.KD,GDP per person employed (const 2021 PPP $),CHN,China,2009,17224.2686833564
gdp_per_employed,SL.GDP.PCAP.EM.KD,GDP per person employed (const 2021 PPP $),CHN,China,2008,15770.3192462437
gdp_per_employed,SL.GDP.PCAP.EM.KD,GDP per person employed (const 2021 PPP $),CHN,China,2007,14405.4028216472
gdp_per_employed,SL.GDP.PCAP.EM.KD,GDP per person employed (const 2021 PPP $),CHN,China,2006,12705.2330280599
gdp_per_employed,SL.GDP.PCAP.EM.KD,GDP per person employed (const 2021 PPP $),CHN,China,2005,11398.7566686598
gdp_per_employed,SL.GDP.PCAP.EM.KD,GDP per person employed (const 2021 PPP $),CHN,China,2004,10354.9769503391
gdp_per_employed,SL.GDP.PCAP.EM.KD,GDP per person employed (const 2021 PPP $),CHN,China,2003,9528.69435407477
gdp_per_employed,SL.GDP.PCAP.EM.KD,GDP per person employed (const 2021 PPP $),CHN,China,2002,8738.57740414972
gdp_per_employed,SL.GDP.PCAP.EM.KD,GDP per person employed (const 2021 PPP $),CHN,China,2001,8074.43825873511
gdp_per_employed,SL.GDP.PCAP.EM.KD,GDP per person employed (const 2021 PPP $),CHN,China,2000,7507.66531361923
gdp_per_employed,SL.GDP.PCAP.EM.KD,GDP per person employed (const 2021 PPP $),CHN,China,1999,6977.45425465032
gdp_per_employed,SL.GDP.PCAP.EM.KD,GDP per person employed (const 2021 PPP $),CHN,China,1998,6535.30979224146
gdp_per_employed,SL.GDP.PCAP.EM.KD,GDP per person employed (const 2021 PPP $),CHN,China,1997,6121.34862718866
gdp_per_employed,SL.GDP.PCAP.EM.KD,GDP per person employed (const 2021 PPP $),CHN,China,1996,5661.13318103282
gdp_per_employed,SL.GDP.PCAP.EM.KD,GDP per person employed (const 2021 PPP $),CHN,China,1995,5195.94897974154
gdp_per_employed,SL.GDP.PCAP.EM.KD,GDP per person employed (const 2021 PPP $),CHN,China,1994,4722.47290814613
gdp_per_employed,SL.GDP.PCAP.EM.KD,GDP per person employed (const 2021 PPP $),CHN,China,1993,4206.5980210436
gdp_per_employed,SL.GDP.PCAP.EM.KD,GDP per person employed (const 2021 PPP $),CHN,China,1992,3712.92029362584
gdp_per_employed,SL.GDP.PCAP.EM.KD,GDP per person employed (const 2021 PPP $),CHN,China,1991,3280.17721670101
gdp_per_employed,SL.GDP.PCAP.EM.KD,GDP per person employed (const 2021 PPP $),COL,Colombia,2024,40372.6103426888
gdp_per_employed,SL.GDP.PCAP.EM.KD,GDP per person employed (const 2021 PPP $),COL,Colombia,2023,40229.6266119942
gdp_per_employed,SL.GDP.PCAP.EM.KD,GDP per person employed (const 2021 PPP $),COL,Colombia,2022,41331.834908291
gdp_per_employed,SL.GDP.PCAP.EM.KD,GDP per person employed (const 2021 PPP $),COL,Colombia,2021,39876.7885971864
gdp_per_employed,SL.GDP.PCAP.EM.KD,GDP per person employed (const 2021 PPP $),COL,Colombia,2020,38004.1223580052
gdp_per_employed,SL.GDP.PCAP.EM.KD,GDP per person employed (const 2021 PPP $),COL,Colombia,2019,38575.7202575428
gdp_per_employed,SL.GDP.PCAP.EM.KD,GDP per person employed (const 2021 PPP $),COL,Colombia,2018,37412.4444096565
gdp_per_employed,SL.GDP.PCAP.EM.KD,GDP per person employed (const 2021 PPP $),COL,Colombia,2017,36903.5625254914
gdp_per_employed,SL.GDP.PCAP.EM.KD,GDP per person employed (const 2021 PPP $),COL,Colombia,2016,36943.6403776327
gdp_per_employed,SL.GDP.PCAP.EM.KD,GDP per person employed (const 2021 PPP $),COL,Colombia,2015,36355.5637432912
gdp_per_employed,SL.GDP.PCAP.EM.KD,GDP per person employed (const 2021 PPP $),COL,Colombia,2014,35996.4595285993
gdp_per_employed,SL.GDP.PCAP.EM.KD,GDP per person employed (const 2021 PPP $),COL,Colombia,2013,35058.5651371068
gdp_per_employed,SL.GDP.PCAP.EM.KD,GDP per person employed (const 2021 PPP $),COL,Colombia,2012,33807.7059868675
gdp_per_employed,SL.GDP.PCAP.EM.KD,GDP per person employed (const 2021 PPP $),COL,Colombia,2011,33527.118877721
gdp_per_employed,SL.GDP.PCAP.EM.KD,GDP per person employed (const 2021 PPP $),COL,Colombia,2010,32468.6223280651
gdp_per_employed,SL.GDP.PCAP.EM.KD,GDP per person employed (const 2021 PPP $),COL,Colombia,2009,32082.2171363365
gdp_per_employed,SL.GDP.PCAP.EM.KD,GDP per person employed (const 2021 PPP $),COL,Colombia,2008,33476.9968635704
gdp_per_employed,SL.GDP.PCAP.EM.KD,GDP per person employed (const 2021 PPP $),COL,Colombia,2007,33197.4444827689
gdp_per_employed,SL.GDP.PCAP.EM.KD,GDP per person employed (const 2021 PPP $),COL,Colombia,2006,31356.1861554516
gdp_per_employed,SL.GDP.PCAP.EM.KD,GDP per person employed (const 2021 PPP $),COL,Colombia,2005,29660.7179451544
gdp_per_employed,SL.GDP.PCAP.EM.KD,GDP per person employed (const 2021 PPP $),COL,Colombia,2004,29179.166439611
gdp_per_employed,SL.GDP.PCAP.EM.KD,GDP per person employed (const 2021 PPP $),COL,Colombia,2003,27816.1210490088
gdp_per_employed,SL.GDP.PCAP.EM.KD,GDP per person employed (const 2021 PPP $),COL,Colombia,2002,28088.6251305347
gdp_per_employed,SL.GDP.PCAP.EM.KD,GDP per person employed (const 2021 PPP $),COL,Colombia,2001,27740.0672440748
gdp_per_employed,SL.GDP.PCAP.EM.KD,GDP per person employed (const 2021 PPP $),COL,Colombia,2000,29797.6990191525
gdp_per_employed,SL.GDP.PCAP.EM.KD,GDP per person employed (const 2021 PPP $),COL,Colombia,1999,29485.0303761739
gdp_per_employed,SL.GDP.PCAP.EM.KD,GDP per person employed (const 2021 PPP $),COL,Colombia,1998,29333.8936792316
gdp_per_employed,SL.GDP.PCAP.EM.KD,GDP per person employed (const 2021 PPP $),COL,Colombia,1997,28844.1802898625
gdp_per_employed,SL.GDP.PCAP.EM.KD,GDP per person employed (const 2021 PPP $),COL,Colombia,1996,28527.5945413051
gdp_per_employed,SL.GDP.PCAP.EM.KD,GDP per person employed (const 2021 PPP $),COL,Colombia,1995,27664.178952454
gdp_per_employed,SL.GDP.PCAP.EM.KD,GDP per person employed (const 2021 PPP $),COL,Colombia,1994,26933.703978635
gdp_per_employed,SL.GDP.PCAP.EM.KD,GDP per person employed (const 2021 PPP $),COL,Colombia,1993,26103.373635945
gdp_per_employed,SL.GDP.PCAP.EM.KD,GDP per person employed (const 2021 PPP $),COL,Colombia,1992,25978.5282533073
gdp_per_employed,SL.GDP.PCAP.EM.KD,GDP per person employed (const 2021 PPP $),COL,Colombia,1991,25863.1671317576
gdp_per_employed,SL.GDP.PCAP.EM.KD,GDP per person employed (const 2021 PPP $),CZE,Czechia,2024,96029.1779110534
gdp_per_employed,SL.GDP.PCAP.EM.KD,GDP per person employed (const 2021 PPP $),CZE,Czechia,2023,95792.8354094171
gdp_per_employed,SL.GDP.PCAP.EM.KD,GDP per person employed (const 2021 PPP $),CZE,Czechia,2022,98358.3388438324
gdp_per_employed,SL.GDP.PCAP.EM.KD,GDP per person employed (const 2021 PPP $),CZE,Czechia,2021,98551.0843875464
gdp_per_employed,SL.GDP.PCAP.EM.KD,GDP per person employed (const 2021 PPP $),CZE,Czechia,2020,92703.3335731518
gdp_per_employed,SL.GDP.PCAP.EM.KD,GDP per person employed (const 2021 PPP $),CZE,Czechia,2019,96427.3835750095
gdp_per_employed,SL.GDP.PCAP.EM.KD,GDP per person employed (const 2021 PPP $),CZE,Czechia,2018,93149.9384930324
gdp_per_employed,SL.GDP.PCAP.EM.KD,GDP per person employed (const 2021 PPP $),CZE,Czechia,2017,91774.5906092001
gdp_per_employed,SL.GDP.PCAP.EM.KD,GDP per person employed (const 2021 PPP $),CZE,Czechia,2016,88651.4149977514
gdp_per_employed,SL.GDP.PCAP.EM.KD,GDP per person employed (const 2021 PPP $),CZE,Czechia,2015,88070.7859617511
gdp_per_employed,SL.GDP.PCAP.EM.KD,GDP per person employed (const 2021 PPP $),CZE,Czechia,2014,84994.1419292027
gdp_per_employed,SL.GDP.PCAP.EM.KD,GDP per person employed (const 2021 PPP $),CZE,Czechia,2013,83822.8873473162
gdp_per_employed,SL.GDP.PCAP.EM.KD,GDP per person employed (const 2021 PPP $),CZE,Czechia,2012,84622.7646773904
gdp_per_employed,SL.GDP.PCAP.EM.KD,GDP per person employed (const 2021 PPP $),CZE,Czechia,2011,85536.0630628329
gdp_per_employed,SL.GDP.PCAP.EM.KD,GDP per person employed (const 2021 PPP $),CZE,Czechia,2010,84436.5147629874
gdp_per_employed,SL.GDP.PCAP.EM.KD,GDP per person employed (const 2021 PPP $),CZE,Czechia,2009,81450.1029693046
gdp_per_employed,SL.GDP.PCAP.EM.KD,GDP per person employed (const 2021 PPP $),CZE,Czechia,2008,84177.9381012323
gdp_per_employed,SL.GDP.PCAP.EM.KD,GDP per person employed (const 2021 PPP $),CZE,Czechia,2007,83070.9511347583
gdp_per_employed,SL.GDP.PCAP.EM.KD,GDP per person employed (const 2021 PPP $),CZE,Czechia,2006,80245.8745507953
gdp_per_employed,SL.GDP.PCAP.EM.KD,GDP per person employed (const 2021 PPP $),CZE,Czechia,2005,76155.0014313861
gdp_per_employed,SL.GDP.PCAP.EM.KD,GDP per person employed (const 2021 PPP $),CZE,Czechia,2004,72465.0487271228
gdp_per_employed,SL.GDP.PCAP.EM.KD,GDP per person employed (const 2021 PPP $),CZE,Czechia,2003,68774.7460166684
gdp_per_employed,SL.GDP.PCAP.EM.KD,GDP per person employed (const 2021 PPP $),CZE,Czechia,2002,66131.196554862
gdp_per_employed,SL.GDP.PCAP.EM.KD,GDP per person employed (const 2021 PPP $),CZE,Czechia,2001,65690.4986677197
gdp_per_employed,SL.GDP.PCAP.EM.KD,GDP per person employed (const 2021 PPP $),CZE,Czechia,2000,63908.0562173036
gdp_per_employed,SL.GDP.PCAP.EM.KD,GDP per person employed (const 2021 PPP $),CZE,Czechia,1999,60895.4828379232
gdp_per_employed,SL.GDP.PCAP.EM.KD,GDP per person employed (const 2021 PPP $),CZE,Czechia,1998,58849.7947626336
gdp_per_employed,SL.GDP.PCAP.EM.KD,GDP per person employed (const 2021 PPP $),CZE,Czechia,1997,58135.2741242614
gdp_per_employed,SL.GDP.PCAP.EM.KD,GDP per person employed (const 2021 PPP $),CZE,Czechia,1996,58111.3291752407
gdp_per_employed,SL.GDP.PCAP.EM.KD,GDP per person employed (const 2021 PPP $),CZE,Czechia,1995,55958.8530175593
gdp_per_employed,SL.GDP.PCAP.EM.KD,GDP per person employed (const 2021 PPP $),CZE,Czechia,1994,53006.8443919206
gdp_per_employed,SL.GDP.PCAP.EM.KD,GDP per person employed (const 2021 PPP $),CZE,Czechia,1993,52137.952284449
gdp_per_employed,SL.GDP.PCAP.EM.KD,GDP per person employed (const 2021 PPP $),CZE,Czechia,1992,51586.5605357081
gdp_per_employed,SL.GDP.PCAP.EM.KD,GDP per person employed (const 2021 PPP $),CZE,Czechia,1991,52104.9806365497
gdp_per_employed,SL.GDP.PCAP.EM.KD,GDP per person employed (const 2021 PPP $),ECU,Ecuador,2024,29576.665576959
gdp_per_employed,SL.GDP.PCAP.EM.KD,GDP per person employed (const 2021 PPP $),ECU,Ecuador,2023,30688.7604326757
gdp_per_employed,SL.GDP.PCAP.EM.KD,GDP per person employed (const 2021 PPP $),ECU,Ecuador,2022,30047.8783723953
gdp_per_employed,SL.GDP.PCAP.EM.KD,GDP per person employed (const 2021 PPP $),ECU,Ecuador,2021,29089.9519944508
gdp_per_employed,SL.GDP.PCAP.EM.KD,GDP per person employed (const 2021 PPP $),ECU,Ecuador,2020,29987.4179618235
gdp_per_employed,SL.GDP.PCAP.EM.KD,GDP per person employed (const 2021 PPP $),ECU,Ecuador,2019,29791.5177746738
gdp_per_employed,SL.GDP.PCAP.EM.KD,GDP per person employed (const 2021 PPP $),ECU,Ecuador,2018,30166.4745111348
gdp_per_employed,SL.GDP.PCAP.EM.KD,GDP per person employed (const 2021 PPP $),ECU,Ecuador,2017,30027.8899742913
gdp_per_employed,SL.GDP.PCAP.EM.KD,GDP per person employed (const 2021 PPP $),ECU,Ecuador,2016,29435.046009244
gdp_per_employed,SL.GDP.PCAP.EM.KD,GDP per person employed (const 2021 PPP $),ECU,Ecuador,2015,30915.7821775165
gdp_per_employed,SL.GDP.PCAP.EM.KD,GDP per person employed (const 2021 PPP $),ECU,Ecuador,2014,33040.1245131613
gdp_per_employed,SL.GDP.PCAP.EM.KD,GDP per person employed (const 2021 PPP $),ECU,Ecuador,2013,32438.7733167125
gdp_per_employed,SL.GDP.PCAP.EM.KD,GDP per person employed (const 2021 PPP $),ECU,Ecuador,2012,30867.3675639499
gdp_per_employed,SL.GDP.PCAP.EM.KD,GDP per person employed (const 2021 PPP $),ECU,Ecuador,2011,30218.4714144992
gdp_per_employed,SL.GDP.PCAP.EM.KD,GDP per person employed (const 2021 PPP $),ECU,Ecuador,2010,28257.101557202
gdp_per_employed,SL.GDP.PCAP.EM.KD,GDP per person employed (const 2021 PPP $),ECU,Ecuador,2009,27356.3365979101
gdp_per_employed,SL.GDP.PCAP.EM.KD,GDP per person employed (const 2021 PPP $),ECU,Ecuador,2008,26444.9469168906
gdp_per_employed,SL.GDP.PCAP.EM.KD,GDP per person employed (const 2021 PPP $),ECU,Ecuador,2007,25121.2696729719
gdp_per_employed,SL.GDP.PCAP.EM.KD,GDP per person employed (const 2021 PPP $),ECU,Ecuador,2006,24911.3635033127
gdp_per_employed,SL.GDP.PCAP.EM.KD,GDP per person employed (const 2021 PPP $),ECU,Ecuador,2005,24862.6945912657
gdp_per_employed,SL.GDP.PCAP.EM.KD,GDP per person employed (const 2021 PPP $),ECU,Ecuador,2004,24287.2533728742
gdp_per_employed,SL.GDP.PCAP.EM.KD,GDP per person employed (const 2021 PPP $),ECU,Ecuador,2003,24204.7738759472
gdp_per_employed,SL.GDP.PCAP.EM.KD,GDP per person employed (const 2021 PPP $),ECU,Ecuador,2002,24101.143599706
gdp_per_employed,SL.GDP.PCAP.EM.KD,GDP per person employed (const 2021 PPP $),ECU,Ecuador,2001,23593.0971472557
gdp_per_employed,SL.GDP.PCAP.EM.KD,GDP per person employed (const 2021 PPP $),ECU,Ecuador,2000,23529.5894437997
gdp_per_employed,SL.GDP.PCAP.EM.KD,GDP per person employed (const 2021 PPP $),ECU,Ecuador,1999,23238.1348473721
gdp_per_employed,SL.GDP.PCAP.EM.KD,GDP per person employed (const 2021 PPP $),ECU,Ecuador,1998,24356.5964937546
gdp_per_employed,SL.GDP.PCAP.EM.KD,GDP per person employed (const 2021 PPP $),ECU,Ecuador,1997,24955.5899976469
gdp_per_employed,SL.GDP.PCAP.EM.KD,GDP per person employed (const 2021 PPP $),ECU,Ecuador,1996,24788.3044157606
gdp_per_employed,SL.GDP.PCAP.EM.KD,GDP per person employed (const 2021 PPP $),ECU,Ecuador,1995,24946.1874684762
gdp_per_employed,SL.GDP.PCAP.EM.KD,GDP per person employed (const 2021 PPP $),ECU,Ecuador,1994,25008.0150435292
gdp_per_employed,SL.GDP.PCAP.EM.KD,GDP per person employed (const 2021 PPP $),ECU,Ecuador,1993,24671.802854616
gdp_per_employed,SL.GDP.PCAP.EM.KD,GDP per person employed (const 2021 PPP $),ECU,Ecuador,1992,24797.662257421
gdp_per_employed,SL.GDP.PCAP.EM.KD,GDP per person employed (const 2021 PPP $),ECU,Ecuador,1991,24942.0799666188
gdp_per_employed,SL.GDP.PCAP.EM.KD,GDP per person employed (const 2021 PPP $),HUN,Hungary,2024,82171.2788591083
gdp_per_employed,SL.GDP.PCAP.EM.KD,GDP per person employed (const 2021 PPP $),HUN,Hungary,2023,81141.9316476317
gdp_per_employed,SL.GDP.PCAP.EM.KD,GDP per person employed (const 2021 PPP $),HUN,Hungary,2022,82350.8735999866
gdp_per_employed,SL.GDP.PCAP.EM.KD,GDP per person employed (const 2021 PPP $),HUN,Hungary,2021,80222.8495391912
gdp_per_employed,SL.GDP.PCAP.EM.KD,GDP per person employed (const 2021 PPP $),HUN,Hungary,2020,75538.4125594148
gdp_per_employed,SL.GDP.PCAP.EM.KD,GDP per person employed (const 2021 PPP $),HUN,Hungary,2019,78041.4882076721
gdp_per_employed,SL.GDP.PCAP.EM.KD,GDP per person employed (const 2021 PPP $),HUN,Hungary,2018,74593.7527824983
gdp_per_employed,SL.GDP.PCAP.EM.KD,GDP per person employed (const 2021 PPP $),HUN,Hungary,2017,71409.3834324741
gdp_per_employed,SL.GDP.PCAP.EM.KD,GDP per person employed (const 2021 PPP $),HUN,Hungary,2016,69667.143503561
gdp_per_employed,SL.GDP.PCAP.EM.KD,GDP per person employed (const 2021 PPP $),HUN,Hungary,2015,70294.0129747085
gdp_per_employed,SL.GDP.PCAP.EM.KD,GDP per person employed (const 2021 PPP $),HUN,Hungary,2014,69703.99471236
gdp_per_employed,SL.GDP.PCAP.EM.KD,GDP per person employed (const 2021 PPP $),HUN,Hungary,2013,70239.3010309016
gdp_per_employed,SL.GDP.PCAP.EM.KD,GDP per person employed (const 2021 PPP $),HUN,Hungary,2012,70028.049347327
gdp_per_employed,SL.GDP.PCAP.EM.KD,GDP per person employed (const 2021 PPP $),HUN,Hungary,2011,71567.1478167296
gdp_per_employed,SL.GDP.PCAP.EM.KD,GDP per person employed (const 2021 PPP $),HUN,Hungary,2010,70577.4869131584
gdp_per_employed,SL.GDP.PCAP.EM.KD,GDP per person employed (const 2021 PPP $),HUN,Hungary,2009,69476.1719293908
gdp_per_employed,SL.GDP.PCAP.EM.KD,GDP per person employed (const 2021 PPP $),HUN,Hungary,2008,71859.2359839734
gdp_per_employed,SL.GDP.PCAP.EM.KD,GDP per person employed (const 2021 PPP $),HUN,Hungary,2007,70666.9590524309
gdp_per_employed,SL.GDP.PCAP.EM.KD,GDP per person employed (const 2021 PPP $),HUN,Hungary,2006,70418.6963193368
gdp_per_employed,SL.GDP.PCAP.EM.KD,GDP per person employed (const 2021 PPP $),HUN,Hungary,2005,67716.0921329329
gdp_per_employed,SL.GDP.PCAP.EM.KD,GDP per person employed (const 2021 PPP $),HUN,Hungary,2004,64206.7065214367
gdp_per_employed,SL.GDP.PCAP.EM.KD,GDP per person employed (const 2021 PPP $),HUN,Hungary,2003,61431.9812194368
gdp_per_employed,SL.GDP.PCAP.EM.KD,GDP per person employed (const 2021 PPP $),HUN,Hungary,2002,59204.4177836675
gdp_per_employed,SL.GDP.PCAP.EM.KD,GDP per person employed (const 2021 PPP $),HUN,Hungary,2001,56904.9970925793
gdp_per_employed,SL.GDP.PCAP.EM.KD,GDP per person employed (const 2021 PPP $),HUN,Hungary,2000,55641.195885917
gdp_per_employed,SL.GDP.PCAP.EM.KD,GDP per person employed (const 2021 PPP $),HUN,Hungary,1999,53807.1051023013
gdp_per_employed,SL.GDP.PCAP.EM.KD,GDP per person employed (const 2021 PPP $),HUN,Hungary,1998,53444.5009217216
gdp_per_employed,SL.GDP.PCAP.EM.KD,GDP per person employed (const 2021 PPP $),HUN,Hungary,1997,51520.7558605115
gdp_per_employed,SL.GDP.PCAP.EM.KD,GDP per person employed (const 2021 PPP $),HUN,Hungary,1996,50631.5915383399
gdp_per_employed,SL.GDP.PCAP.EM.KD,GDP per person employed (const 2021 PPP $),HUN,Hungary,1995,50700.2519354331
gdp_per_employed,SL.GDP.PCAP.EM.KD,GDP per person employed (const 2021 PPP $),HUN,Hungary,1994,50388.9928508504
gdp_per_employed,SL.GDP.PCAP.EM.KD,GDP per person employed (const 2021 PPP $),HUN,Hungary,1993,49732.0813330092
gdp_per_employed,SL.GDP.PCAP.EM.KD,GDP per person employed (const 2021 PPP $),HUN,Hungary,1992,48950.0950233659
gdp_per_employed,SL.GDP.PCAP.EM.KD,GDP per person employed (const 2021 PPP $),HUN,Hungary,1991,49838.4775345201
gdp_per_employed,SL.GDP.PCAP.EM.KD,GDP per person employed (const 2021 PPP $),IDN,Indonesia,2024,29217.2839080348
gdp_per_employed,SL.GDP.PCAP.EM.KD,GDP per person employed (const 2021 PPP $),IDN,Indonesia,2023,28184.2519612783
gdp_per_employed,SL.GDP.PCAP.EM.KD,GDP per person employed (const 2021 PPP $),IDN,Indonesia,2022,27580.8021477977
gdp_per_employed,SL.GDP.PCAP.EM.KD,GDP per person employed (const 2021 PPP $),IDN,Indonesia,2021,27058.2834906026
gdp_per_employed,SL.GDP.PCAP.EM.KD,GDP per person employed (const 2021 PPP $),IDN,Indonesia,2020,25884.2787740597
gdp_per_employed,SL.GDP.PCAP.EM.KD,GDP per person employed (const 2021 PPP $),IDN,Indonesia,2019,26237.972652883
gdp_per_employed,SL.GDP.PCAP.EM.KD,GDP per person employed (const 2021 PPP $),IDN,Indonesia,2018,25734.2242950276
gdp_per_employed,SL.GDP.PCAP.EM.KD,GDP per person employed (const 2021 PPP $),IDN,Indonesia,2017,24981.5489612606
gdp_per_employed,SL.GDP.PCAP.EM.KD,GDP per person employed (const 2021 PPP $),IDN,Indonesia,2016,24358.5988130577
gdp_per_employed,SL.GDP.PCAP.EM.KD,GDP per person employed (const 2021 PPP $),IDN,Indonesia,2015,23462.490158459
gdp_per_employed,SL.GDP.PCAP.EM.KD,GDP per person employed (const 2021 PPP $),IDN,Indonesia,2014,22556.1121472951
gdp_per_employed,SL.GDP.PCAP.EM.KD,GDP per person employed (const 2021 PPP $),IDN,Indonesia,2013,21813.8602585321
gdp_per_employed,SL.GDP.PCAP.EM.KD,GDP per person employed (const 2021 PPP $),IDN,Indonesia,2012,20802.9309394067
gdp_per_employed,SL.GDP.PCAP.EM.KD,GDP per person employed (const 2021 PPP $),IDN,Indonesia,2011,20220.2222998771
gdp_per_employed,SL.GDP.PCAP.EM.KD,GDP per person employed (const 2021 PPP $),IDN,Indonesia,2010,19533.7825833436
gdp_per_employed,SL.GDP.PCAP.EM.KD,GDP per person employed (const 2021 PPP $),IDN,Indonesia,2009,18928.1391156703
gdp_per_employed,SL.GDP.PCAP.EM.KD,GDP per person employed (const 2021 PPP $),IDN,Indonesia,2008,18504.4882656508
gdp_per_employed,SL.GDP.PCAP.EM.KD,GDP per person employed (const 2021 PPP $),IDN,Indonesia,2007,17939.3788308348
gdp_per_employed,SL.GDP.PCAP.EM.KD,GDP per person employed (const 2021 PPP $),IDN,Indonesia,2006,17590.1869014914
gdp_per_employed,SL.GDP.PCAP.EM.KD,GDP per person employed (const 2021 PPP $),IDN,Indonesia,2005,16978.0996165071
gdp_per_employed,SL.GDP.PCAP.EM.KD,GDP per person employed (const 2021 PPP $),IDN,Indonesia,2004,15910.66312492
gdp_per_employed,SL.GDP.PCAP.EM.KD,GDP per person employed (const 2021 PPP $),IDN,Indonesia,2003,15311.7258542114
gdp_per_employed,SL.GDP.PCAP.EM.KD,GDP per person employed (const 2021 PPP $),IDN,Indonesia,2002,14805.778453663
gdp_per_employed,SL.GDP.PCAP.EM.KD,GDP per person employed (const 2021 PPP $),IDN,Indonesia,2001,14109.4896187141
gdp_per_employed,SL.GDP.PCAP.EM.KD,GDP per person employed (const 2021 PPP $),IDN,Indonesia,2000,13753.383889271
gdp_per_employed,SL.GDP.PCAP.EM.KD,GDP per person employed (const 2021 PPP $),IDN,Indonesia,1999,13532.0739695312
gdp_per_employed,SL.GDP.PCAP.EM.KD,GDP per person employed (const 2021 PPP $),IDN,Indonesia,1998,13654.6518186482
gdp_per_employed,SL.GDP.PCAP.EM.KD,GDP per person employed (const 2021 PPP $),IDN,Indonesia,1997,16093.8517604167
gdp_per_employed,SL.GDP.PCAP.EM.KD,GDP per person employed (const 2021 PPP $),IDN,Indonesia,1996,15640.6849869155
gdp_per_employed,SL.GDP.PCAP.EM.KD,GDP per person employed (const 2021 PPP $),IDN,Indonesia,1995,14827.4878731667
gdp_per_employed,SL.GDP.PCAP.EM.KD,GDP per person employed (const 2021 PPP $),IDN,Indonesia,1994,14013.3389678388
gdp_per_employed,SL.GDP.PCAP.EM.KD,GDP per person employed (const 2021 PPP $),IDN,Indonesia,1993,13378.9864507769
gdp_per_employed,SL.GDP.PCAP.EM.KD,GDP per person employed (const 2021 PPP $),IDN,Indonesia,1992,12744.1885696456
gdp_per_employed,SL.GDP.PCAP.EM.KD,GDP per person employed (const 2021 PPP $),IDN,Indonesia,1991,12329.328367347
gdp_per_employed,SL.GDP.PCAP.EM.KD,GDP per person employed (const 2021 PPP $),IND,India,2024,23429.8477381713
gdp_per_employed,SL.GDP.PCAP.EM.KD,GDP per person employed (const 2021 PPP $),IND,India,2023,22582.0964727472
gdp_per_employed,SL.GDP.PCAP.EM.KD,GDP per person employed (const 2021 PPP $),IND,India,2022,21964.7753232287
gdp_per_employed,SL.GDP.PCAP.EM.KD,GDP per person employed (const 2021 PPP $),IND,India,2021,21460.2691959796
gdp_per_employed,SL.GDP.PCAP.EM.KD,GDP per person employed (const 2021 PPP $),IND,India,2020,20543.8762833094
gdp_per_employed,SL.GDP.PCAP.EM.KD,GDP per person employed (const 2021 PPP $),IND,India,2019,21535.8985611436
gdp_per_employed,SL.GDP.PCAP.EM.KD,GDP per person employed (const 2021 PPP $),IND,India,2018,21272.9779279124
gdp_per_employed,SL.GDP.PCAP.EM.KD,GDP per person employed (const 2021 PPP $),IND,India,2017,20270.3642359311
gdp_per_employed,SL.GDP.PCAP.EM.KD,GDP per person employed (const 2021 PPP $),IND,India,2016,19277.2075746302
gdp_per_employed,SL.GDP.PCAP.EM.KD,GDP per person employed (const 2021 PPP $),IND,India,2015,18096.8340610048
gdp_per_employed,SL.GDP.PCAP.EM.KD,GDP per person employed (const 2021 PPP $),IND,India,2014,17032.7180590912
gdp_per_employed,SL.GDP.PCAP.EM.KD,GDP per person employed (const 2021 PPP $),IND,India,2013,16130.0556077293
gdp_per_employed,SL.GDP.PCAP.EM.KD,GDP per person employed (const 2021 PPP $),IND,India,2012,15422.8605300688
gdp_per_employed,SL.GDP.PCAP.EM.KD,GDP per person employed (const 2021 PPP $),IND,India,2011,14749.5621404144
gdp_per_employed,SL.GDP.PCAP.EM.KD,GDP per person employed (const 2021 PPP $),IND,India,2010,14148.3261806979
gdp_per_employed,SL.GDP.PCAP.EM.KD,GDP per person employed (const 2021 PPP $),IND,India,2009,13113.9684209335
gdp_per_employed,SL.GDP.PCAP.EM.KD,GDP per person employed (const 2021 PPP $),IND,India,2008,12220.5930034592
gdp_per_employed,SL.GDP.PCAP.EM.KD,GDP per person employed (const 2021 PPP $),IND,India,2007,11905.6191102788
gdp_per_employed,SL.GDP.PCAP.EM.KD,GDP per person employed (const 2021 PPP $),IND,India,2006,11120.5715324184
gdp_per_employed,SL.GDP.PCAP.EM.KD,GDP per person employed (const 2021 PPP $),IND,India,2005,10353.6695989055
gdp_per_employed,SL.GDP.PCAP.EM.KD,GDP per person employed (const 2021 PPP $),IND,India,2004,9792.37058100238
gdp_per_employed,SL.GDP.PCAP.EM.KD,GDP per person employed (const 2021 PPP $),IND,India,2003,9265.45112010584
gdp_per_employed,SL.GDP.PCAP.EM.KD,GDP per person employed (const 2021 PPP $),IND,India,2002,8773.84842406032
gdp_per_employed,SL.GDP.PCAP.EM.KD,GDP per person employed (const 2021 PPP $),IND,India,2001,8628.70238972673
gdp_per_employed,SL.GDP.PCAP.EM.KD,GDP per person employed (const 2021 PPP $),IND,India,2000,8413.48091553913
gdp_per_employed,SL.GDP.PCAP.EM.KD,GDP per person employed (const 2021 PPP $),IND,India,1999,8351.80683416669
gdp_per_employed,SL.GDP.PCAP.EM.KD,GDP per person employed (const 2021 PPP $),IND,India,1998,7913.24807118474
gdp_per_employed,SL.GDP.PCAP.EM.KD,GDP per person employed (const 2021 PPP $),IND,India,1997,7683.44516012234
gdp_per_employed,SL.GDP.PCAP.EM.KD,GDP per person employed (const 2021 PPP $),IND,India,1996,7612.55497254728
gdp_per_employed,SL.GDP.PCAP.EM.KD,GDP per person employed (const 2021 PPP $),IND,India,1995,7302.26244339283
gdp_per_employed,SL.GDP.PCAP.EM.KD,GDP per person employed (const 2021 PPP $),IND,India,1994,6999.51780286867
gdp_per_employed,SL.GDP.PCAP.EM.KD,GDP per person employed (const 2021 PPP $),IND,India,1993,6734.76092916178
gdp_per_employed,SL.GDP.PCAP.EM.KD,GDP per person employed (const 2021 PPP $),IND,India,1992,6593.39957644893
gdp_per_employed,SL.GDP.PCAP.EM.KD,GDP per person employed (const 2021 PPP $),IND,India,1991,6411.35454454662
gdp_per_employed,SL.GDP.PCAP.EM.KD,GDP per person employed (const 2021 PPP $),KOR,"Korea, Rep.",2024,98258.5741422485
gdp_per_employed,SL.GDP.PCAP.EM.KD,GDP per person employed (const 2021 PPP $),KOR,"Korea, Rep.",2023,97026.6007247124
gdp_per_employed,SL.GDP.PCAP.EM.KD,GDP per person employed (const 2021 PPP $),KOR,"Korea, Rep.",2022,96960.0305578976
gdp_per_employed,SL.GDP.PCAP.EM.KD,GDP per person employed (const 2021 PPP $),KOR,"Korea, Rep.",2021,97284.8428897318
gdp_per_employed,SL.GDP.PCAP.EM.KD,GDP per person employed (const 2021 PPP $),KOR,"Korea, Rep.",2020,93905.8652726407
gdp_per_employed,SL.GDP.PCAP.EM.KD,GDP per person employed (const 2021 PPP $),KOR,"Korea, Rep.",2019,93750.5460589006
gdp_per_employed,SL.GDP.PCAP.EM.KD,GDP per person employed (const 2021 PPP $),KOR,"Korea, Rep.",2018,92692.6222352801
gdp_per_employed,SL.GDP.PCAP.EM.KD,GDP per person employed (const 2021 PPP $),KOR,"Korea, Rep.",2017,90163.5046416164
gdp_per_employed,SL.GDP.PCAP.EM.KD,GDP per person employed (const 2021 PPP $),KOR,"Korea, Rep.",2016,88154.2542653821
gdp_per_employed,SL.GDP.PCAP.EM.KD,GDP per person employed (const 2021 PPP $),KOR,"Korea, Rep.",2015,86160.4465540407
gdp_per_employed,SL.GDP.PCAP.EM.KD,GDP per person employed (const 2021 PPP $),KOR,"Korea, Rep.",2014,84589.8305306042
gdp_per_employed,SL.GDP.PCAP.EM.KD,GDP per person employed (const 2021 PPP $),KOR,"Korea, Rep.",2013,84089.4847842006
gdp_per_employed,SL.GDP.PCAP.EM.KD,GDP per person employed (const 2021 PPP $),KOR,"Korea, Rep.",2012,82709.1064199138
gdp_per_employed,SL.GDP.PCAP.EM.KD,GDP per person employed (const 2021 PPP $),KOR,"Korea, Rep.",2011,82206.9322488938
gdp_per_employed,SL.GDP.PCAP.EM.KD,GDP per person employed (const 2021 PPP $),KOR,"Korea, Rep.",2010,81146.2680327721
gdp_per_employed,SL.GDP.PCAP.EM.KD,GDP per person employed (const 2021 PPP $),KOR,"Korea, Rep.",2009,76906.3217081867
gdp_per_employed,SL.GDP.PCAP.EM.KD,GDP per person employed (const 2021 PPP $),KOR,"Korea, Rep.",2008,76144.1719171651
gdp_per_employed,SL.GDP.PCAP.EM.KD,GDP per person employed (const 2021 PPP $),KOR,"Korea, Rep.",2007,74452.2643040518
gdp_per_employed,SL.GDP.PCAP.EM.KD,GDP per person employed (const 2021 PPP $),KOR,"Korea, Rep.",2006,71215.7179912572
gdp_per_employed,SL.GDP.PCAP.EM.KD,GDP per person employed (const 2021 PPP $),KOR,"Korea, Rep.",2005,68541.3421461482
gdp_per_employed,SL.GDP.PCAP.EM.KD,GDP per person employed (const 2021 PPP $),KOR,"Korea, Rep.",2004,65896.0255172525
gdp_per_employed,SL.GDP.PCAP.EM.KD,GDP per person employed (const 2021 PPP $),KOR,"Korea, Rep.",2003,63891.9158959107
gdp_per_employed,SL.GDP.PCAP.EM.KD,GDP per person employed (const 2021 PPP $),KOR,"Korea, Rep.",2002,61870.66863541
gdp_per_employed,SL.GDP.PCAP.EM.KD,GDP per person employed (const 2021 PPP $),KOR,"Korea, Rep.",2001,58844.0810452867
gdp_per_employed,SL.GDP.PCAP.EM.KD,GDP per person employed (const 2021 PPP $),KOR,"Korea, Rep.",2000,57329.615825664
gdp_per_employed,SL.GDP.PCAP.EM.KD,GDP per person employed (const 2021 PPP $),KOR,"Korea, Rep.",1999,54909.9271148399
gdp_per_employed,SL.GDP.PCAP.EM.KD,GDP per person employed (const 2021 PPP $),KOR,"Korea, Rep.",1998,50063.6118199093
gdp_per_employed,SL.GDP.PCAP.EM.KD,GDP per person employed (const 2021 PPP $),KOR,"Korea, Rep.",1997,49477.7154305634
gdp_per_employed,SL.GDP.PCAP.EM.KD,GDP per person employed (const 2021 PPP $),KOR,"Korea, Rep.",1996,47316.3042890432
gdp_per_employed,SL.GDP.PCAP.EM.KD,GDP per person employed (const 2021 PPP $),KOR,"Korea, Rep.",1995,44736.8515990235
gdp_per_employed,SL.GDP.PCAP.EM.KD,GDP per person employed (const 2021 PPP $),KOR,"Korea, Rep.",1994,41891.5025413435
gdp_per_employed,SL.GDP.PCAP.EM.KD,GDP per person employed (const 2021 PPP $),KOR,"Korea, Rep.",1993,39566.2902342099
gdp_per_employed,SL.GDP.PCAP.EM.KD,GDP per person employed (const 2021 PPP $),KOR,"Korea, Rep.",1992,37461.8547486957
gdp_per_employed,SL.GDP.PCAP.EM.KD,GDP per person employed (const 2021 PPP $),KOR,"Korea, Rep.",1991,35977.9382182175
gdp_per_employed,SL.GDP.PCAP.EM.KD,GDP per person employed (const 2021 PPP $),LCN,Latin America & Caribbean,2024,42971.1985237352
gdp_per_employed,SL.GDP.PCAP.EM.KD,GDP per person employed (const 2021 PPP $),LCN,Latin America & Caribbean,2023,42778.2473198309
gdp_per_employed,SL.GDP.PCAP.EM.KD,GDP per person employed (const 2021 PPP $),LCN,Latin America & Caribbean,2022,42658.1909908613
gdp_per_employed,SL.GDP.PCAP.EM.KD,GDP per person employed (const 2021 PPP $),LCN,Latin America & Caribbean,2021,42953.6150728296
gdp_per_employed,SL.GDP.PCAP.EM.KD,GDP per person employed (const 2021 PPP $),LCN,Latin America & Caribbean,2020,42664.0358727699
gdp_per_employed,SL.GDP.PCAP.EM.KD,GDP per person employed (const 2021 PPP $),LCN,Latin America & Caribbean,2019,42235.5630670653
gdp_per_employed,SL.GDP.PCAP.EM.KD,GDP per person employed (const 2021 PPP $),LCN,Latin America & Caribbean,2018,42715.9858592019
gdp_per_employed,SL.GDP.PCAP.EM.KD,GDP per person employed (const 2021 PPP $),LCN,Latin America & Caribbean,2017,42836.9013253646
gdp_per_employed,SL.GDP.PCAP.EM.KD,GDP per person employed (const 2021 PPP $),LCN,Latin America & Caribbean,2016,42618.2467768298
gdp_per_employed,SL.GDP.PCAP.EM.KD,GDP per person employed (const 2021 PPP $),LCN,Latin America & Caribbean,2015,42758.644191645
gdp_per_employed,SL.GDP.PCAP.EM.KD,GDP per person employed (const 2021 PPP $),LCN,Latin America & Caribbean,2014,43028.5339787058
gdp_per_employed,SL.GDP.PCAP.EM.KD,GDP per person employed (const 2021 PPP $),LCN,Latin America & Caribbean,2013,42956.4636674074
gdp_per_employed,SL.GDP.PCAP.EM.KD,GDP per person employed (const 2021 PPP $),LCN,Latin America & Caribbean,2012,42297.3696489384
gdp_per_employed,SL.GDP.PCAP.EM.KD,GDP per person employed (const 2021 PPP $),LCN,Latin America & Caribbean,2011,42135.7261334814
gdp_per_employed,SL.GDP.PCAP.EM.KD,GDP per person employed (const 2021 PPP $),LCN,Latin America & Caribbean,2010,40994.1088826255
gdp_per_employed,SL.GDP.PCAP.EM.KD,GDP per person employed (const 2021 PPP $),LCN,Latin America & Caribbean,2009,39167.9403121675
gdp_per_employed,SL.GDP.PCAP.EM.KD,GDP per person employed (const 2021 PPP $),LCN,Latin America & Caribbean,2008,40446.635367661
gdp_per_employed,SL.GDP.PCAP.EM.KD,GDP per person employed (const 2021 PPP $),LCN,Latin America & Caribbean,2007,39807.4833217389
gdp_per_employed,SL.GDP.PCAP.EM.KD,GDP per person employed (const 2021 PPP $),LCN,Latin America & Caribbean,2006,38585.3938802087
gdp_per_employed,SL.GDP.PCAP.EM.KD,GDP per person employed (const 2021 PPP $),LCN,Latin America & Caribbean,2005,37716.2224719966
gdp_per_employed,SL.GDP.PCAP.EM.KD,GDP per person employed (const 2021 PPP $),LCN,Latin America & Caribbean,2004,37306.1858969221
gdp_per_employed,SL.GDP.PCAP.EM.KD,GDP per person employed (const 2021 PPP $),LCN,Latin America & Caribbean,2003,36470.9344633869
gdp_per_employed,SL.GDP.PCAP.EM.KD,GDP per person employed (const 2021 PPP $),LCN,Latin America & Caribbean,2002,36513.1300845283
gdp_per_employed,SL.GDP.PCAP.EM.KD,GDP per person employed (const 2021 PPP $),LCN,Latin America & Caribbean,2001,37008.2986204877
gdp_per_employed,SL.GDP.PCAP.EM.KD,GDP per person employed (const 2021 PPP $),LCN,Latin America & Caribbean,2000,37804.2285611064
gdp_per_employed,SL.GDP.PCAP.EM.KD,GDP per person employed (const 2021 PPP $),LCN,Latin America & Caribbean,1999,37151.0448884088
gdp_per_employed,SL.GDP.PCAP.EM.KD,GDP per person employed (const 2021 PPP $),LCN,Latin America & Caribbean,1998,37420.1161130737
gdp_per_employed,SL.GDP.PCAP.EM.KD,GDP per person employed (const 2021 PPP $),LCN,Latin America & Caribbean,1997,37090.9275968499
gdp_per_employed,SL.GDP.PCAP.EM.KD,GDP per person employed (const 2021 PPP $),LCN,Latin America & Caribbean,1996,36469.6694448232
gdp_per_employed,SL.GDP.PCAP.EM.KD,GDP per person employed (const 2021 PPP $),LCN,Latin America & Caribbean,1995,35471.3159832979
gdp_per_employed,SL.GDP.PCAP.EM.KD,GDP per person employed (const 2021 PPP $),LCN,Latin America & Caribbean,1994,35642.5843801253
gdp_per_employed,SL.GDP.PCAP.EM.KD,GDP per person employed (const 2021 PPP $),LCN,Latin America & Caribbean,1993,34576.7185057247
gdp_per_employed,SL.GDP.PCAP.EM.KD,GDP per person employed (const 2021 PPP $),LCN,Latin America & Caribbean,1992,34117.2100496755
gdp_per_employed,SL.GDP.PCAP.EM.KD,GDP per person employed (const 2021 PPP $),LCN,Latin America & Caribbean,1991,34124.9374502049
gdp_per_employed,SL.GDP.PCAP.EM.KD,GDP per person employed (const 2021 PPP $),MEX,Mexico,2024,48517.9012787279
gdp_per_employed,SL.GDP.PCAP.EM.KD,GDP per person employed (const 2021 PPP $),MEX,Mexico,2023,48506.5317617392
gdp_per_employed,SL.GDP.PCAP.EM.KD,GDP per person employed (const 2021 PPP $),MEX,Mexico,2022,48576.7972491116
gdp_per_employed,SL.GDP.PCAP.EM.KD,GDP per person employed (const 2021 PPP $),MEX,Mexico,2021,48605.8099837259
gdp_per_employed,SL.GDP.PCAP.EM.KD,GDP per person employed (const 2021 PPP $),MEX,Mexico,2020,49432.4171144825
gdp_per_employed,SL.GDP.PCAP.EM.KD,GDP per person employed (const 2021 PPP $),MEX,Mexico,2019,49950.1181473269
gdp_per_employed,SL.GDP.PCAP.EM.KD,GDP per person employed (const 2021 PPP $),MEX,Mexico,2018,51377.9719656986
gdp_per_employed,SL.GDP.PCAP.EM.KD,GDP per person employed (const 2021 PPP $),MEX,Mexico,2017,51419.0082643857
gdp_per_employed,SL.GDP.PCAP.EM.KD,GDP per person employed (const 2021 PPP $),MEX,Mexico,2016,51285.0581930396
gdp_per_employed,SL.GDP.PCAP.EM.KD,GDP per person employed (const 2021 PPP $),MEX,Mexico,2015,51302.9423635393
gdp_per_employed,SL.GDP.PCAP.EM.KD,GDP per person employed (const 2021 PPP $),MEX,Mexico,2014,51083.6659562272
gdp_per_employed,SL.GDP.PCAP.EM.KD,GDP per person employed (const 2021 PPP $),MEX,Mexico,2013,50273.1391699486
gdp_per_employed,SL.GDP.PCAP.EM.KD,GDP per person employed (const 2021 PPP $),MEX,Mexico,2012,50566.2667194536
gdp_per_employed,SL.GDP.PCAP.EM.KD,GDP per person employed (const 2021 PPP $),MEX,Mexico,2011,50469.7074843699
gdp_per_employed,SL.GDP.PCAP.EM.KD,GDP per person employed (const 2021 PPP $),MEX,Mexico,2010,49942.856400589
gdp_per_employed,SL.GDP.PCAP.EM.KD,GDP per person employed (const 2021 PPP $),MEX,Mexico,2009,48458.7337074434
gdp_per_employed,SL.GDP.PCAP.EM.KD,GDP per person employed (const 2021 PPP $),MEX,Mexico,2008,51927.9663550734
gdp_per_employed,SL.GDP.PCAP.EM.KD,GDP per person employed (const 2021 PPP $),MEX,Mexico,2007,52168.9934698883
gdp_per_employed,SL.GDP.PCAP.EM.KD,GDP per person employed (const 2021 PPP $),MEX,Mexico,2006,52199.8200854885
gdp_per_employed,SL.GDP.PCAP.EM.KD,GDP per person employed (const 2021 PPP $),MEX,Mexico,2005,51482.2275169756
gdp_per_employed,SL.GDP.PCAP.EM.KD,GDP per person employed (const 2021 PPP $),MEX,Mexico,2004,52313.987115671
gdp_per_employed,SL.GDP.PCAP.EM.KD,GDP per person employed (const 2021 PPP $),MEX,Mexico,2003,51784.1037207636
gdp_per_employed,SL.GDP.PCAP.EM.KD,GDP per person employed (const 2021 PPP $),MEX,Mexico,2002,52315.0940660191
gdp_per_employed,SL.GDP.PCAP.EM.KD,GDP per person employed (const 2021 PPP $),MEX,Mexico,2001,52913.7258140569
gdp_per_employed,SL.GDP.PCAP.EM.KD,GDP per person employed (const 2021 PPP $),MEX,Mexico,2000,53741.8516984315
gdp_per_employed,SL.GDP.PCAP.EM.KD,GDP per person employed (const 2021 PPP $),MEX,Mexico,1999,52172.058197743
gdp_per_employed,SL.GDP.PCAP.EM.KD,GDP per person employed (const 2021 PPP $),MEX,Mexico,1998,51869.5901871239
gdp_per_employed,SL.GDP.PCAP.EM.KD,GDP per person employed (const 2021 PPP $),MEX,Mexico,1997,49989.6608587188
gdp_per_employed,SL.GDP.PCAP.EM.KD,GDP per person employed (const 2021 PPP $),MEX,Mexico,1996,49438.4753585256
gdp_per_employed,SL.GDP.PCAP.EM.KD,GDP per person employed (const 2021 PPP $),MEX,Mexico,1995,48561.0516483689
gdp_per_employed,SL.GDP.PCAP.EM.KD,GDP per person employed (const 2021 PPP $),MEX,Mexico,1994,51486.9141507706
gdp_per_employed,SL.GDP.PCAP.EM.KD,GDP per person employed (const 2021 PPP $),MEX,Mexico,1993,50052.0599561782
gdp_per_employed,SL.GDP.PCAP.EM.KD,GDP per person employed (const 2021 PPP $),MEX,Mexico,1992,50385.58450834
gdp_per_employed,SL.GDP.PCAP.EM.KD,GDP per person employed (const 2021 PPP $),MEX,Mexico,1991,50430.0994702178
gdp_per_employed,SL.GDP.PCAP.EM.KD,GDP per person employed (const 2021 PPP $),MYS,Malaysia,2024,68621.5768470984
gdp_per_employed,SL.GDP.PCAP.EM.KD,GDP per person employed (const 2021 PPP $),MYS,Malaysia,2023,66453.9505440969
gdp_per_employed,SL.GDP.PCAP.EM.KD,GDP per person employed (const 2021 PPP $),MYS,Malaysia,2022,65445.3328429099
gdp_per_employed,SL.GDP.PCAP.EM.KD,GDP per person employed (const 2021 PPP $),MYS,Malaysia,2021,62214.0306927762
gdp_per_employed,SL.GDP.PCAP.EM.KD,GDP per person employed (const 2021 PPP $),MYS,Malaysia,2020,61442.1481504419
gdp_per_employed,SL.GDP.PCAP.EM.KD,GDP per person employed (const 2021 PPP $),MYS,Malaysia,2019,65082.787630927
gdp_per_employed,SL.GDP.PCAP.EM.KD,GDP per person employed (const 2021 PPP $),MYS,Malaysia,2018,63942.8344637436
gdp_per_employed,SL.GDP.PCAP.EM.KD,GDP per person employed (const 2021 PPP $),MYS,Malaysia,2017,62735.5048045489
gdp_per_employed,SL.GDP.PCAP.EM.KD,GDP per person employed (const 2021 PPP $),MYS,Malaysia,2016,60708.4269381503
gdp_per_employed,SL.GDP.PCAP.EM.KD,GDP per person employed (const 2021 PPP $),MYS,Malaysia,2015,59115.0666913895
gdp_per_employed,SL.GDP.PCAP.EM.KD,GDP per person employed (const 2021 PPP $),MYS,Malaysia,2014,57577.7458273473
gdp_per_employed,SL.GDP.PCAP.EM.KD,GDP per person employed (const 2021 PPP $),MYS,Malaysia,2013,56567.2051482073
gdp_per_employed,SL.GDP.PCAP.EM.KD,GDP per person employed (const 2021 PPP $),MYS,Malaysia,2012,56100.2655690344
gdp_per_employed,SL.GDP.PCAP.EM.KD,GDP per person employed (const 2021 PPP $),MYS,Malaysia,2011,55321.8431685699
gdp_per_employed,SL.GDP.PCAP.EM.KD,GDP per person employed (const 2021 PPP $),MYS,Malaysia,2010,54310.3178584915
gdp_per_employed,SL.GDP.PCAP.EM.KD,GDP per person employed (const 2021 PPP $),MYS,Malaysia,2009,52453.619025694
gdp_per_employed,SL.GDP.PCAP.EM.KD,GDP per person employed (const 2021 PPP $),MYS,Malaysia,2008,55009.9247154963
gdp_per_employed,SL.GDP.PCAP.EM.KD,GDP per person employed (const 2021 PPP $),MYS,Malaysia,2007,54336.3099593009
gdp_per_employed,SL.GDP.PCAP.EM.KD,GDP per person employed (const 2021 PPP $),MYS,Malaysia,2006,52943.1579730595
gdp_per_employed,SL.GDP.PCAP.EM.KD,GDP per person employed (const 2021 PPP $),MYS,Malaysia,2005,52036.741526168
gdp_per_employed,SL.GDP.PCAP.EM.KD,GDP per person employed (const 2021 PPP $),MYS,Malaysia,2004,51148.8106118513
gdp_per_employed,SL.GDP.PCAP.EM.KD,GDP per person employed (const 2021 PPP $),MYS,Malaysia,2003,49604.0658386749
gdp_per_employed,SL.GDP.PCAP.EM.KD,GDP per person employed (const 2021 PPP $),MYS,Malaysia,2002,48449.4676473346
gdp_per_employed,SL.GDP.PCAP.EM.KD,GDP per person employed (const 2021 PPP $),MYS,Malaysia,2001,47592.7434036548
gdp_per_employed,SL.GDP.PCAP.EM.KD,GDP per person employed (const 2021 PPP $),MYS,Malaysia,2000,48741.9480726342
gdp_per_employed,SL.GDP.PCAP.EM.KD,GDP per person employed (const 2021 PPP $),MYS,Malaysia,1999,46578.3247022312
gdp_per_employed,SL.GDP.PCAP.EM.KD,GDP per person employed (const 2021 PPP $),MYS,Malaysia,1998,45357.4122356734
gdp_per_employed,SL.GDP.PCAP.EM.KD,GDP per person employed (const 2021 PPP $),MYS,Malaysia,1997,50325.6885733836
gdp_per_employed,SL.GDP.PCAP.EM.KD,GDP per person employed (const 2021 PPP $),MYS,Malaysia,1996,48609.9626770834
gdp_per_employed,SL.GDP.PCAP.EM.KD,GDP per person employed (const 2021 PPP $),MYS,Malaysia,1995,46085.0643930878
gdp_per_employed,SL.GDP.PCAP.EM.KD,GDP per person employed (const 2021 PPP $),MYS,Malaysia,1994,43706.5287784286
gdp_per_employed,SL.GDP.PCAP.EM.KD,GDP per person employed (const 2021 PPP $),MYS,Malaysia,1993,41686.6019183468
gdp_per_employed,SL.GDP.PCAP.EM.KD,GDP per person employed (const 2021 PPP $),MYS,Malaysia,1992,39192.0225567513
gdp_per_employed,SL.GDP.PCAP.EM.KD,GDP per person employed (const 2021 PPP $),MYS,Malaysia,1991,37393.86825214
gdp_per_employed,SL.GDP.PCAP.EM.KD,GDP per person employed (const 2021 PPP $),PER,Peru,2024,29934.1841863048
gdp_per_employed,SL.GDP.PCAP.EM.KD,GDP per person employed (const 2021 PPP $),PER,Peru,2023,29342.1898804798
gdp_per_employed,SL.GDP.PCAP.EM.KD,GDP per person employed (const 2021 PPP $),PER,Peru,2022,29028.3987807416
gdp_per_employed,SL.GDP.PCAP.EM.KD,GDP per person employed (const 2021 PPP $),PER,Peru,2021,29912.1650583707
gdp_per_employed,SL.GDP.PCAP.EM.KD,GDP per person employed (const 2021 PPP $),PER,Peru,2020,28551.8937094538
gdp_per_employed,SL.GDP.PCAP.EM.KD,GDP per person employed (const 2021 PPP $),PER,Peru,2019,27917.5665153655
gdp_per_employed,SL.GDP.PCAP.EM.KD,GDP per person employed (const 2021 PPP $),PER,Peru,2018,28055.0776487141
gdp_per_employed,SL.GDP.PCAP.EM.KD,GDP per person employed (const 2021 PPP $),PER,Peru,2017,27775.0556860944
gdp_per_employed,SL.GDP.PCAP.EM.KD,GDP per person employed (const 2021 PPP $),PER,Peru,2016,28234.4183620771
gdp_per_employed,SL.GDP.PCAP.EM.KD,GDP per person employed (const 2021 PPP $),PER,Peru,2015,27319.9620877851
gdp_per_employed,SL.GDP.PCAP.EM.KD,GDP per person employed (const 2021 PPP $),PER,Peru,2014,26462.5755593946
gdp_per_employed,SL.GDP.PCAP.EM.KD,GDP per person employed (const 2021 PPP $),PER,Peru,2013,26058.7535879
gdp_per_employed,SL.GDP.PCAP.EM.KD,GDP per person employed (const 2021 PPP $),PER,Peru,2012,24685.4059541852
gdp_per_employed,SL.GDP.PCAP.EM.KD,GDP per person employed (const 2021 PPP $),PER,Peru,2011,23571.2173297161
gdp_per_employed,SL.GDP.PCAP.EM.KD,GDP per person employed (const 2021 PPP $),PER,Peru,2010,22318.0644789266
gdp_per_employed,SL.GDP.PCAP.EM.KD,GDP per person employed (const 2021 PPP $),PER,Peru,2009,21117.4347073842
gdp_per_employed,SL.GDP.PCAP.EM.KD,GDP per person employed (const 2021 PPP $),PER,Peru,2008,21267.9895204381
gdp_per_employed,SL.GDP.PCAP.EM.KD,GDP per person employed (const 2021 PPP $),PER,Peru,2007,19767.5342542199
gdp_per_employed,SL.GDP.PCAP.EM.KD,GDP per person employed (const 2021 PPP $),PER,Peru,2006,19013.577403193
gdp_per_employed,SL.GDP.PCAP.EM.KD,GDP per person employed (const 2021 PPP $),PER,Peru,2005,18847.4234925699
gdp_per_employed,SL.GDP.PCAP.EM.KD,GDP per person employed (const 2021 PPP $),PER,Peru,2004,18271.5088908591
gdp_per_employed,SL.GDP.PCAP.EM.KD,GDP per person employed (const 2021 PPP $),PER,Peru,2003,17896.1835884751
gdp_per_employed,SL.GDP.PCAP.EM.KD,GDP per person employed (const 2021 PPP $),PER,Peru,2002,17928.1093171976
gdp_per_employed,SL.GDP.PCAP.EM.KD,GDP per person employed (const 2021 PPP $),PER,Peru,2001,17690.4168249669
gdp_per_employed,SL.GDP.PCAP.EM.KD,GDP per person employed (const 2021 PPP $),PER,Peru,2000,18788.3733292312
gdp_per_employed,SL.GDP.PCAP.EM.KD,GDP per person employed (const 2021 PPP $),PER,Peru,1999,18102.6439689511
gdp_per_employed,SL.GDP.PCAP.EM.KD,GDP per person employed (const 2021 PPP $),PER,Peru,1998,18678.7306625214
gdp_per_employed,SL.GDP.PCAP.EM.KD,GDP per person employed (const 2021 PPP $),PER,Peru,1997,19526.5685036038
gdp_per_employed,SL.GDP.PCAP.EM.KD,GDP per person employed (const 2021 PPP $),PER,Peru,1996,19268.7268772472
gdp_per_employed,SL.GDP.PCAP.EM.KD,GDP per person employed (const 2021 PPP $),PER,Peru,1995,19633.5431556254
gdp_per_employed,SL.GDP.PCAP.EM.KD,GDP per person employed (const 2021 PPP $),PER,Peru,1994,19399.2598594318
gdp_per_employed,SL.GDP.PCAP.EM.KD,GDP per person employed (const 2021 PPP $),PER,Peru,1993,18079.187887264
gdp_per_employed,SL.GDP.PCAP.EM.KD,GDP per person employed (const 2021 PPP $),PER,Peru,1992,17974.9458714471
gdp_per_employed,SL.GDP.PCAP.EM.KD,GDP per person employed (const 2021 PPP $),PER,Peru,1991,18458.795259267
gdp_per_employed,SL.GDP.PCAP.EM.KD,GDP per person employed (const 2021 PPP $),POL,Poland,2024,92967.9960366791
gdp_per_employed,SL.GDP.PCAP.EM.KD,GDP per person employed (const 2021 PPP $),POL,Poland,2023,89294.8252387858
gdp_per_employed,SL.GDP.PCAP.EM.KD,GDP per person employed (const 2021 PPP $),POL,Poland,2022,89476.1177076586
gdp_per_employed,SL.GDP.PCAP.EM.KD,GDP per person employed (const 2021 PPP $),POL,Poland,2021,85539.6948432308
gdp_per_employed,SL.GDP.PCAP.EM.KD,GDP per person employed (const 2021 PPP $),POL,Poland,2020,80578.3413437777
gdp_per_employed,SL.GDP.PCAP.EM.KD,GDP per person employed (const 2021 PPP $),POL,Poland,2019,81204.2075383073
gdp_per_employed,SL.GDP.PCAP.EM.KD,GDP per person employed (const 2021 PPP $),POL,Poland,2018,77897.1969973766
gdp_per_employed,SL.GDP.PCAP.EM.KD,GDP per person employed (const 2021 PPP $),POL,Poland,2017,73986.8083913758
gdp_per_employed,SL.GDP.PCAP.EM.KD,GDP per person employed (const 2021 PPP $),POL,Poland,2016,71582.22163785
gdp_per_employed,SL.GDP.PCAP.EM.KD,GDP per person employed (const 2021 PPP $),POL,Poland,2015,70702.5607447597
gdp_per_employed,SL.GDP.PCAP.EM.KD,GDP per person employed (const 2021 PPP $),POL,Poland,2014,68766.2633716844
gdp_per_employed,SL.GDP.PCAP.EM.KD,GDP per person employed (const 2021 PPP $),POL,Poland,2013,67516.2439244114
gdp_per_employed,SL.GDP.PCAP.EM.KD,GDP per person employed (const 2021 PPP $),POL,Poland,2012,66809.4336460561
gdp_per_employed,SL.GDP.PCAP.EM.KD,GDP per person employed (const 2021 PPP $),POL,Poland,2011,65929.9090633863
gdp_per_employed,SL.GDP.PCAP.EM.KD,GDP per person employed (const 2021 PPP $),POL,Poland,2010,62865.1664546053
gdp_per_employed,SL.GDP.PCAP.EM.KD,GDP per person employed (const 2021 PPP $),POL,Poland,2009,60842.5499466122
gdp_per_employed,SL.GDP.PCAP.EM.KD,GDP per person employed (const 2021 PPP $),POL,Poland,2008,59563.5032376311
gdp_per_employed,SL.GDP.PCAP.EM.KD,GDP per person employed (const 2021 PPP $),POL,Poland,2007,59435.2065975608
gdp_per_employed,SL.GDP.PCAP.EM.KD,GDP per person employed (const 2021 PPP $),POL,Poland,2006,58433.4764238152
gdp_per_employed,SL.GDP.PCAP.EM.KD,GDP per person employed (const 2021 PPP $),POL,Poland,2005,57192.2589003098
gdp_per_employed,SL.GDP.PCAP.EM.KD,GDP per person employed (const 2021 PPP $),POL,Poland,2004,56743.3639319615
gdp_per_employed,SL.GDP.PCAP.EM.KD,GDP per person employed (const 2021 PPP $),POL,Poland,2003,54692.7547932481
gdp_per_employed,SL.GDP.PCAP.EM.KD,GDP per person employed (const 2021 PPP $),POL,Poland,2002,52969.2937433071
gdp_per_employed,SL.GDP.PCAP.EM.KD,GDP per person employed (const 2021 PPP $),POL,Poland,2001,50438.8986184953
gdp_per_employed,SL.GDP.PCAP.EM.KD,GDP per person employed (const 2021 PPP $),POL,Poland,2000,48825.7676697293
gdp_per_employed,SL.GDP.PCAP.EM.KD,GDP per person employed (const 2021 PPP $),POL,Poland,1999,44666.7163170067
gdp_per_employed,SL.GDP.PCAP.EM.KD,GDP per person employed (const 2021 PPP $),POL,Poland,1998,41471.0092922128
gdp_per_employed,SL.GDP.PCAP.EM.KD,GDP per person employed (const 2021 PPP $),POL,Poland,1997,40148.5298295655
gdp_per_employed,SL.GDP.PCAP.EM.KD,GDP per person employed (const 2021 PPP $),POL,Poland,1996,38243.2461192877
gdp_per_employed,SL.GDP.PCAP.EM.KD,GDP per person employed (const 2021 PPP $),POL,Poland,1995,36400.4128739968
gdp_per_employed,SL.GDP.PCAP.EM.KD,GDP per person employed (const 2021 PPP $),POL,Poland,1994,33853.1963841561
gdp_per_employed,SL.GDP.PCAP.EM.KD,GDP per person employed (const 2021 PPP $),POL,Poland,1993,31894.8999558973
gdp_per_employed,SL.GDP.PCAP.EM.KD,GDP per person employed (const 2021 PPP $),POL,Poland,1992,30412.4379444538
gdp_per_employed,SL.GDP.PCAP.EM.KD,GDP per person employed (const 2021 PPP $),POL,Poland,1991,29749.7957066037
gdp_per_employed,SL.GDP.PCAP.EM.KD,GDP per person employed (const 2021 PPP $),RUS,Russian Federation,2024,85392.1274330392
gdp_per_employed,SL.GDP.PCAP.EM.KD,GDP per person employed (const 2021 PPP $),RUS,Russian Federation,2023,81663.9015742702
gdp_per_employed,SL.GDP.PCAP.EM.KD,GDP per person employed (const 2021 PPP $),RUS,Russian Federation,2022,79314.4597036501
gdp_per_employed,SL.GDP.PCAP.EM.KD,GDP per person employed (const 2021 PPP $),RUS,Russian Federation,2021,80919.062823057
gdp_per_employed,SL.GDP.PCAP.EM.KD,GDP per person employed (const 2021 PPP $),RUS,Russian Federation,2020,77550.2399253924
gdp_per_employed,SL.GDP.PCAP.EM.KD,GDP per person employed (const 2021 PPP $),RUS,Russian Federation,2019,78207.3771159844
gdp_per_employed,SL.GDP.PCAP.EM.KD,GDP per person employed (const 2021 PPP $),RUS,Russian Federation,2018,75874.1245519113
gdp_per_employed,SL.GDP.PCAP.EM.KD,GDP per person employed (const 2021 PPP $),RUS,Russian Federation,2017,73966.7500153667
gdp_per_employed,SL.GDP.PCAP.EM.KD,GDP per person employed (const 2021 PPP $),RUS,Russian Federation,2016,72390.6425658865
gdp_per_employed,SL.GDP.PCAP.EM.KD,GDP per person employed (const 2021 PPP $),RUS,Russian Federation,2015,72345.6914928349
gdp_per_employed,SL.GDP.PCAP.EM.KD,GDP per person employed (const 2021 PPP $),RUS,Russian Federation,2014,73198.6591028883
gdp_per_employed,SL.GDP.PCAP.EM.KD,GDP per person employed (const 2021 PPP $),RUS,Russian Federation,2013,72745.2759184361
gdp_per_employed,SL.GDP.PCAP.EM.KD,GDP per person employed (const 2021 PPP $),RUS,Russian Federation,2012,71251.8984588413
gdp_per_employed,SL.GDP.PCAP.EM.KD,GDP per person employed (const 2021 PPP $),RUS,Russian Federation,2011,69218.204688723
gdp_per_employed,SL.GDP.PCAP.EM.KD,GDP per person employed (const 2021 PPP $),RUS,Russian Federation,2010,67193.5340035421
gdp_per_employed,SL.GDP.PCAP.EM.KD,GDP per person employed (const 2021 PPP $),RUS,Russian Federation,2009,64837.3810809398
gdp_per_employed,SL.GDP.PCAP.EM.KD,GDP per person employed (const 2021 PPP $),RUS,Russian Federation,2008,68770.216884571
gdp_per_employed,SL.GDP.PCAP.EM.KD,GDP per person employed (const 2021 PPP $),RUS,Russian Federation,2007,65710.1049122642
gdp_per_employed,SL.GDP.PCAP.EM.KD,GDP per person employed (const 2021 PPP $),RUS,Russian Federation,2006,62026.0057758453
gdp_per_employed,SL.GDP.PCAP.EM.KD,GDP per person employed (const 2021 PPP $),RUS,Russian Federation,2005,57659.0775783684
gdp_per_employed,SL.GDP.PCAP.EM.KD,GDP per person employed (const 2021 PPP $),RUS,Russian Federation,2004,54901.3653796224
gdp_per_employed,SL.GDP.PCAP.EM.KD,GDP per person employed (const 2021 PPP $),RUS,Russian Federation,2003,52033.4485212475
gdp_per_employed,SL.GDP.PCAP.EM.KD,GDP per person employed (const 2021 PPP $),RUS,Russian Federation,2002,48165.8509373233
gdp_per_employed,SL.GDP.PCAP.EM.KD,GDP per person employed (const 2021 PPP $),RUS,Russian Federation,2001,47005.3586537178
gdp_per_employed,SL.GDP.PCAP.EM.KD,GDP per person employed (const 2021 PPP $),RUS,Russian Federation,2000,44758.3406896255
gdp_per_employed,SL.GDP.PCAP.EM.KD,GDP per person employed (const 2021 PPP $),RUS,Russian Federation,1999,42055.6825778644
gdp_per_employed,SL.GDP.PCAP.EM.KD,GDP per person employed (const 2021 PPP $),RUS,Russian Federation,1998,42035.8986040466
gdp_per_employed,SL.GDP.PCAP.EM.KD,GDP per person employed (const 2021 PPP $),RUS,Russian Federation,1997,43278.1593028325
gdp_per_employed,SL.GDP.PCAP.EM.KD,GDP per person employed (const 2021 PPP $),RUS,Russian Federation,1996,40934.9033657028
gdp_per_employed,SL.GDP.PCAP.EM.KD,GDP per person employed (const 2021 PPP $),RUS,Russian Federation,1995,41887.3269018745
gdp_per_employed,SL.GDP.PCAP.EM.KD,GDP per person employed (const 2021 PPP $),RUS,Russian Federation,1994,42968.9142588357
gdp_per_employed,SL.GDP.PCAP.EM.KD,GDP per person employed (const 2021 PPP $),RUS,Russian Federation,1993,46717.552244604
gdp_per_employed,SL.GDP.PCAP.EM.KD,GDP per person employed (const 2021 PPP $),RUS,Russian Federation,1992,49453.6356545449
gdp_per_employed,SL.GDP.PCAP.EM.KD,GDP per person employed (const 2021 PPP $),RUS,Russian Federation,1991,57250.6212380349
gdp_per_employed,SL.GDP.PCAP.EM.KD,GDP per person employed (const 2021 PPP $),THA,Thailand,2024,38538.4223127605
gdp_per_employed,SL.GDP.PCAP.EM.KD,GDP per person employed (const 2021 PPP $),THA,Thailand,2023,37168.6707588478
gdp_per_employed,SL.GDP.PCAP.EM.KD,GDP per person employed (const 2021 PPP $),THA,Thailand,2022,36903.0338471823
gdp_per_employed,SL.GDP.PCAP.EM.KD,GDP per person employed (const 2021 PPP $),THA,Thailand,2021,36335.2883323061
gdp_per_employed,SL.GDP.PCAP.EM.KD,GDP per person employed (const 2021 PPP $),THA,Thailand,2020,35902.0728137991
gdp_per_employed,SL.GDP.PCAP.EM.KD,GDP per person employed (const 2021 PPP $),THA,Thailand,2019,38370.3242592177
gdp_per_employed,SL.GDP.PCAP.EM.KD,GDP per person employed (const 2021 PPP $),THA,Thailand,2018,37368.4982232567
gdp_per_employed,SL.GDP.PCAP.EM.KD,GDP per person employed (const 2021 PPP $),THA,Thailand,2017,36305.2193622205
gdp_per_employed,SL.GDP.PCAP.EM.KD,GDP per person employed (const 2021 PPP $),THA,Thailand,2016,34710.0271303221
gdp_per_employed,SL.GDP.PCAP.EM.KD,GDP per person employed (const 2021 PPP $),THA,Thailand,2015,33365.4704793317
gdp_per_employed,SL.GDP.PCAP.EM.KD,GDP per person employed (const 2021 PPP $),THA,Thailand,2014,32385.4406276855
gdp_per_employed,SL.GDP.PCAP.EM.KD,GDP per person employed (const 2021 PPP $),THA,Thailand,2013,32195.5936357546
gdp_per_employed,SL.GDP.PCAP.EM.KD,GDP per person employed (const 2021 PPP $),THA,Thailand,2012,30558.8546560338
gdp_per_employed,SL.GDP.PCAP.EM.KD,GDP per person employed (const 2021 PPP $),THA,Thailand,2011,28701.1470964822
gdp_per_employed,SL.GDP.PCAP.EM.KD,GDP per person employed (const 2021 PPP $),THA,Thailand,2010,29422.6444405242
gdp_per_employed,SL.GDP.PCAP.EM.KD,GDP per person employed (const 2021 PPP $),THA,Thailand,2009,27486.1732824265
gdp_per_employed,SL.GDP.PCAP.EM.KD,GDP per person employed (const 2021 PPP $),THA,Thailand,2008,27915.7615682074
gdp_per_employed,SL.GDP.PCAP.EM.KD,GDP per person employed (const 2021 PPP $),THA,Thailand,2007,27795.0098520255
gdp_per_employed,SL.GDP.PCAP.EM.KD,GDP per person employed (const 2021 PPP $),THA,Thailand,2006,26865.9946057178
gdp_per_employed,SL.GDP.PCAP.EM.KD,GDP per person employed (const 2021 PPP $),THA,Thailand,2005,25778.6036188005
gdp_per_employed,SL.GDP.PCAP.EM.KD,GDP per person employed (const 2021 PPP $),THA,Thailand,2004,25133.4651698601
gdp_per_employed,SL.GDP.PCAP.EM.KD,GDP per person employed (const 2021 PPP $),THA,Thailand,2003,23993.8156533836
gdp_per_employed,SL.GDP.PCAP.EM.KD,GDP per person employed (const 2021 PPP $),THA,Thailand,2002,22706.8585554732
gdp_per_employed,SL.GDP.PCAP.EM.KD,GDP per person employed (const 2021 PPP $),THA,Thailand,2001,21822.0204125852
gdp_per_employed,SL.GDP.PCAP.EM.KD,GDP per person employed (const 2021 PPP $),THA,Thailand,2000,21430.6583782671
gdp_per_employed,SL.GDP.PCAP.EM.KD,GDP per person employed (const 2021 PPP $),THA,Thailand,1999,21074.6819137112
gdp_per_employed,SL.GDP.PCAP.EM.KD,GDP per person employed (const 2021 PPP $),THA,Thailand,1998,20308.0087962152
gdp_per_employed,SL.GDP.PCAP.EM.KD,GDP per person employed (const 2021 PPP $),THA,Thailand,1997,21585.3902434971
gdp_per_employed,SL.GDP.PCAP.EM.KD,GDP per person employed (const 2021 PPP $),THA,Thailand,1996,22672.5503559885
gdp_per_employed,SL.GDP.PCAP.EM.KD,GDP per person employed (const 2021 PPP $),THA,Thailand,1995,21983.9457877319
gdp_per_employed,SL.GDP.PCAP.EM.KD,GDP per person employed (const 2021 PPP $),THA,Thailand,1994,20903.4694707901
gdp_per_employed,SL.GDP.PCAP.EM.KD,GDP per person employed (const 2021 PPP $),THA,Thailand,1993,19802.0468154612
gdp_per_employed,SL.GDP.PCAP.EM.KD,GDP per person employed (const 2021 PPP $),THA,Thailand,1992,18688.0185463132
gdp_per_employed,SL.GDP.PCAP.EM.KD,GDP per person employed (const 2021 PPP $),THA,Thailand,1991,17949.9831028792
gdp_per_employed,SL.GDP.PCAP.EM.KD,GDP per person employed (const 2021 PPP $),TUR,Turkiye,2024,93114.9478117046
gdp_per_employed,SL.GDP.PCAP.EM.KD,GDP per person employed (const 2021 PPP $),TUR,Turkiye,2023,92879.6081132764
gdp_per_employed,SL.GDP.PCAP.EM.KD,GDP per person employed (const 2021 PPP $),TUR,Turkiye,2022,90689.4498626247
gdp_per_employed,SL.GDP.PCAP.EM.KD,GDP per person employed (const 2021 PPP $),TUR,Turkiye,2021,91634.5087235411
gdp_per_employed,SL.GDP.PCAP.EM.KD,GDP per person employed (const 2021 PPP $),TUR,Turkiye,2020,87565.2962580847
gdp_per_employed,SL.GDP.PCAP.EM.KD,GDP per person employed (const 2021 PPP $),TUR,Turkiye,2019,81669.732509391
gdp_per_employed,SL.GDP.PCAP.EM.KD,GDP per person employed (const 2021 PPP $),TUR,Turkiye,2018,79009.088365638
gdp_per_employed,SL.GDP.PCAP.EM.KD,GDP per person employed (const 2021 PPP $),TUR,Turkiye,2017,78129.1890317527
gdp_per_employed,SL.GDP.PCAP.EM.KD,GDP per person employed (const 2021 PPP $),TUR,Turkiye,2016,74788.5839730779
gdp_per_employed,SL.GDP.PCAP.EM.KD,GDP per person employed (const 2021 PPP $),TUR,Turkiye,2015,74170.6563600224
gdp_per_employed,SL.GDP.PCAP.EM.KD,GDP per person employed (const 2021 PPP $),TUR,Turkiye,2014,72219.3913488509
gdp_per_employed,SL.GDP.PCAP.EM.KD,GDP per person employed (const 2021 PPP $),TUR,Turkiye,2013,69779.0365397938
gdp_per_employed,SL.GDP.PCAP.EM.KD,GDP per person employed (const 2021 PPP $),TUR,Turkiye,2012,66289.9570660681
gdp_per_employed,SL.GDP.PCAP.EM.KD,GDP per person employed (const 2021 PPP $),TUR,Turkiye,2011,64927.27453186
gdp_per_employed,SL.GDP.PCAP.EM.KD,GDP per person employed (const 2021 PPP $),TUR,Turkiye,2010,62432.6091262629
gdp_per_employed,SL.GDP.PCAP.EM.KD,GDP per person employed (const 2021 PPP $),TUR,Turkiye,2009,61367.1483248039
gdp_per_employed,SL.GDP.PCAP.EM.KD,GDP per person employed (const 2021 PPP $),TUR,Turkiye,2008,64872.1629656488
gdp_per_employed,SL.GDP.PCAP.EM.KD,GDP per person employed (const 2021 PPP $),TUR,Turkiye,2007,65872.9551764736
gdp_per_employed,SL.GDP.PCAP.EM.KD,GDP per person employed (const 2021 PPP $),TUR,Turkiye,2006,62998.2184530261
gdp_per_employed,SL.GDP.PCAP.EM.KD,GDP per person employed (const 2021 PPP $),TUR,Turkiye,2005,59833.3975027674
gdp_per_employed,SL.GDP.PCAP.EM.KD,GDP per person employed (const 2021 PPP $),TUR,Turkiye,2004,56017.2773429677
gdp_per_employed,SL.GDP.PCAP.EM.KD,GDP per person employed (const 2021 PPP $),TUR,Turkiye,2003,49507.1506142164
gdp_per_employed,SL.GDP.PCAP.EM.KD,GDP per person employed (const 2021 PPP $),TUR,Turkiye,2002,46355.9188665891
gdp_per_employed,SL.GDP.PCAP.EM.KD,GDP per person employed (const 2021 PPP $),TUR,Turkiye,2001,43221.0069252536
gdp_per_employed,SL.GDP.PCAP.EM.KD,GDP per person employed (const 2021 PPP $),TUR,Turkiye,2000,45584.2068227559
gdp_per_employed,SL.GDP.PCAP.EM.KD,GDP per person employed (const 2021 PPP $),TUR,Turkiye,1999,41768.9435598457
gdp_per_employed,SL.GDP.PCAP.EM.KD,GDP per person employed (const 2021 PPP $),TUR,Turkiye,1998,43582.9871732248
gdp_per_employed,SL.GDP.PCAP.EM.KD,GDP per person employed (const 2021 PPP $),TUR,Turkiye,1997,43936.4246246947
gdp_per_employed,SL.GDP.PCAP.EM.KD,GDP per person employed (const 2021 PPP $),TUR,Turkiye,1996,40893.139639396
gdp_per_employed,SL.GDP.PCAP.EM.KD,GDP per person employed (const 2021 PPP $),TUR,Turkiye,1995,39245.9096770481
gdp_per_employed,SL.GDP.PCAP.EM.KD,GDP per person employed (const 2021 PPP $),TUR,Turkiye,1994,37315.8444727336
gdp_per_employed,SL.GDP.PCAP.EM.KD,GDP per person employed (const 2021 PPP $),TUR,Turkiye,1993,42244.3626473205
gdp_per_employed,SL.GDP.PCAP.EM.KD,GDP per person employed (const 2021 PPP $),TUR,Turkiye,1992,37294.8188322951
gdp_per_employed,SL.GDP.PCAP.EM.KD,GDP per person employed (const 2021 PPP $),TUR,Turkiye,1991,35635.4178977004
gdp_per_employed,SL.GDP.PCAP.EM.KD,GDP per person employed (const 2021 PPP $),UKR,Ukraine,2021,40308.3359337474
gdp_per_employed,SL.GDP.PCAP.EM.KD,GDP per person employed (const 2021 PPP $),UKR,Ukraine,2020,38230.1090531997
gdp_per_employed,SL.GDP.PCAP.EM.KD,GDP per person employed (const 2021 PPP $),UKR,Ukraine,2019,38113.50342085
gdp_per_employed,SL.GDP.PCAP.EM.KD,GDP per person employed (const 2021 PPP $),UKR,Ukraine,2018,36994.8441693595
gdp_per_employed,SL.GDP.PCAP.EM.KD,GDP per person employed (const 2021 PPP $),UKR,Ukraine,2017,35835.7324026933
gdp_per_employed,SL.GDP.PCAP.EM.KD,GDP per person employed (const 2021 PPP $),UKR,Ukraine,2016,34764.1061245004
gdp_per_employed,SL.GDP.PCAP.EM.KD,GDP per person employed (const 2021 PPP $),UKR,Ukraine,2015,33665.0529979992
gdp_per_employed,SL.GDP.PCAP.EM.KD,GDP per person employed (const 2021 PPP $),UKR,Ukraine,2014,37122.0009450865
gdp_per_employed,SL.GDP.PCAP.EM.KD,GDP per person employed (const 2021 PPP $),UKR,Ukraine,2013,40102.5345992779
gdp_per_employed,SL.GDP.PCAP.EM.KD,GDP per person employed (const 2021 PPP $),UKR,Ukraine,2012,40064.1662922271
gdp_per_employed,SL.GDP.PCAP.EM.KD,GDP per person employed (const 2021 PPP $),UKR,Ukraine,2011,39982.1535587709
gdp_per_employed,SL.GDP.PCAP.EM.KD,GDP per person employed (const 2021 PPP $),UKR,Ukraine,2010,37858.5415954264
gdp_per_employed,SL.GDP.PCAP.EM.KD,GDP per person employed (const 2021 PPP $),UKR,Ukraine,2009,36508.2714615468
gdp_per_employed,SL.GDP.PCAP.EM.KD,GDP per person employed (const 2021 PPP $),UKR,Ukraine,2008,41696.2163503258
gdp_per_employed,SL.GDP.PCAP.EM.KD,GDP per person employed (const 2021 PPP $),UKR,Ukraine,2007,40610.3686862221
gdp_per_employed,SL.GDP.PCAP.EM.KD,GDP per person employed (const 2021 PPP $),UKR,Ukraine,2006,37938.4341889834
gdp_per_employed,SL.GDP.PCAP.EM.KD,GDP per person employed (const 2021 PPP $),UKR,Ukraine,2005,35180.2255339618
gdp_per_employed,SL.GDP.PCAP.EM.KD,GDP per person employed (const 2021 PPP $),UKR,Ukraine,2004,34408.9573808955
gdp_per_employed,SL.GDP.PCAP.EM.KD,GDP per person employed (const 2021 PPP $),UKR,Ukraine,2003,30792.3208788232
gdp_per_employed,SL.GDP.PCAP.EM.KD,GDP per person employed (const 2021 PPP $),UKR,Ukraine,2002,28349.3919213092
gdp_per_employed,SL.GDP.PCAP.EM.KD,GDP per person employed (const 2021 PPP $),UKR,Ukraine,2001,27096.268044409
gdp_per_employed,SL.GDP.PCAP.EM.KD,GDP per person employed (const 2021 PPP $),UKR,Ukraine,2000,24980.6855780883
gdp_per_employed,SL.GDP.PCAP.EM.KD,GDP per person employed (const 2021 PPP $),UKR,Ukraine,1999,23523.8296178376
gdp_per_employed,SL.GDP.PCAP.EM.KD,GDP per person employed (const 2021 PPP $),UKR,Ukraine,1998,23332.1637572052
gdp_per_employed,SL.GDP.PCAP.EM.KD,GDP per person employed (const 2021 PPP $),UKR,Ukraine,1997,23047.9844846885
gdp_per_employed,SL.GDP.PCAP.EM.KD,GDP per person employed (const 2021 PPP $),UKR,Ukraine,1996,23275.3761644069
gdp_per_employed,SL.GDP.PCAP.EM.KD,GDP per person employed (const 2021 PPP $),UKR,Ukraine,1995,25118.8603251384
gdp_per_employed,SL.GDP.PCAP.EM.KD,GDP per person employed (const 2021 PPP $),UKR,Ukraine,1994,27346.7237576983
gdp_per_employed,SL.GDP.PCAP.EM.KD,GDP per person employed (const 2021 PPP $),UKR,Ukraine,1993,35263.9498069724
gdp_per_employed,SL.GDP.PCAP.EM.KD,GDP per person employed (const 2021 PPP $),UKR,Ukraine,1992,41006.2323116804
gdp_per_employed,SL.GDP.PCAP.EM.KD,GDP per person employed (const 2021 PPP $),UKR,Ukraine,1991,45539.577234714
gdp_per_employed,SL.GDP.PCAP.EM.KD,GDP per person employed (const 2021 PPP $),UMC,Upper middle income,2024,44097.6540344613
gdp_per_employed,SL.GDP.PCAP.EM.KD,GDP per person employed (const 2021 PPP $),UMC,Upper middle income,2023,42458.737219923
gdp_per_employed,SL.GDP.PCAP.EM.KD,GDP per person employed (const 2021 PPP $),UMC,Upper middle income,2022,41250.5501513031
gdp_per_employed,SL.GDP.PCAP.EM.KD,GDP per person employed (const 2021 PPP $),UMC,Upper middle income,2021,40185.0423770018
gdp_per_employed,SL.GDP.PCAP.EM.KD,GDP per person employed (const 2021 PPP $),UMC,Upper middle income,2020,38591.422070678
gdp_per_employed,SL.GDP.PCAP.EM.KD,GDP per person employed (const 2021 PPP $),UMC,Upper middle income,2019,37679.2325099389
gdp_per_employed,SL.GDP.PCAP.EM.KD,GDP per person employed (const 2021 PPP $),UMC,Upper middle income,2018,36404.5816974094
gdp_per_employed,SL.GDP.PCAP.EM.KD,GDP per person employed (const 2021 PPP $),UMC,Upper middle income,2017,35028.2566892798
gdp_per_employed,SL.GDP.PCAP.EM.KD,GDP per person employed (const 2021 PPP $),UMC,Upper middle income,2016,33486.0152473821
gdp_per_employed,SL.GDP.PCAP.EM.KD,GDP per person employed (const 2021 PPP $),UMC,Upper middle income,2015,32182.4005871509
gdp_per_employed,SL.GDP.PCAP.EM.KD,GDP per person employed (const 2021 PPP $),UMC,Upper middle income,2014,31102.8204753917
gdp_per_employed,SL.GDP.PCAP.EM.KD,GDP per person employed (const 2021 PPP $),UMC,Upper middle income,2013,29933.5796877392
gdp_per_employed,SL.GDP.PCAP.EM.KD,GDP per person employed (const 2021 PPP $),UMC,Upper middle income,2012,28561.9195805633
gdp_per_employed,SL.GDP.PCAP.EM.KD,GDP per person employed (const 2021 PPP $),UMC,Upper middle income,2011,27358.0447630823
gdp_per_employed,SL.GDP.PCAP.EM.KD,GDP per person employed (const 2021 PPP $),UMC,Upper middle income,2010,25991.7668780052
gdp_per_employed,SL.GDP.PCAP.EM.KD,GDP per person employed (const 2021 PPP $),UMC,Upper middle income,2009,24299.9251089856
gdp_per_employed,SL.GDP.PCAP.EM.KD,GDP per person employed (const 2021 PPP $),UMC,Upper middle income,2008,23840.8238204315
gdp_per_employed,SL.GDP.PCAP.EM.KD,GDP per person employed (const 2021 PPP $),UMC,Upper middle income,2007,22749.1747765629
gdp_per_employed,SL.GDP.PCAP.EM.KD,GDP per person employed (const 2021 PPP $),UMC,Upper middle income,2006,21204.0905131348
gdp_per_employed,SL.GDP.PCAP.EM.KD,GDP per person employed (const 2021 PPP $),UMC,Upper middle income,2005,19925.9620841774
gdp_per_employed,SL.GDP.PCAP.EM.KD,GDP per person employed (const 2021 PPP $),UMC,Upper middle income,2004,18888.9723498064
gdp_per_employed,SL.GDP.PCAP.EM.KD,GDP per person employed (const 2021 PPP $),UMC,Upper middle income,2003,17824.7077199533
gdp_per_employed,SL.GDP.PCAP.EM.KD,GDP per person employed (const 2021 PPP $),UMC,Upper middle income,2002,17110.9304382202
gdp_per_employed,SL.GDP.PCAP.EM.KD,GDP per person employed (const 2021 PPP $),UMC,Upper middle income,2001,16529.3784807959
gdp_per_employed,SL.GDP.PCAP.EM.KD,GDP per person employed (const 2021 PPP $),UMC,Upper middle income,2000,16206.4669093312
gdp_per_employed,SL.GDP.PCAP.EM.KD,GDP per person employed (const 2021 PPP $),UMC,Upper middle income,1999,15518.3062481882
gdp_per_employed,SL.GDP.PCAP.EM.KD,GDP per person employed (const 2021 PPP $),UMC,Upper middle income,1998,15245.7869262017
gdp_per_employed,SL.GDP.PCAP.EM.KD,GDP per person employed (const 2021 PPP $),UMC,Upper middle income,1997,15138.6360015764
gdp_per_employed,SL.GDP.PCAP.EM.KD,GDP per person employed (const 2021 PPP $),UMC,Upper middle income,1996,14559.0308698199
gdp_per_employed,SL.GDP.PCAP.EM.KD,GDP per person employed (const 2021 PPP $),UMC,Upper middle income,1995,13935.4666080972
gdp_per_employed,SL.GDP.PCAP.EM.KD,GDP per person employed (const 2021 PPP $),UMC,Upper middle income,1994,13529.9151498083
gdp_per_employed,SL.GDP.PCAP.EM.KD,GDP per person employed (const 2021 PPP $),UMC,Upper middle income,1993,13197.2432041251
gdp_per_employed,SL.GDP.PCAP.EM.KD,GDP per person employed (const 2021 PPP $),UMC,Upper middle income,1992,12769.2037335325
gdp_per_employed,SL.GDP.PCAP.EM.KD,GDP per person employed (const 2021 PPP $),UMC,Upper middle income,1991,12542.6892856567
gdp_per_employed,SL.GDP.PCAP.EM.KD,GDP per person employed (const 2021 PPP $),URY,Uruguay,2024,65929.2678823463
gdp_per_employed,SL.GDP.PCAP.EM.KD,GDP per person employed (const 2021 PPP $),URY,Uruguay,2023,64620.7142291067
gdp_per_employed,SL.GDP.PCAP.EM.KD,GDP per person employed (const 2021 PPP $),URY,Uruguay,2022,65469.0453889693
gdp_per_employed,SL.GDP.PCAP.EM.KD,GDP per person employed (const 2021 PPP $),URY,Uruguay,2021,64064.6130116691
gdp_per_employed,SL.GDP.PCAP.EM.KD,GDP per person employed (const 2021 PPP $),URY,Uruguay,2020,63301.5594769644
gdp_per_employed,SL.GDP.PCAP.EM.KD,GDP per person employed (const 2021 PPP $),URY,Uruguay,2019,64950.734824142
gdp_per_employed,SL.GDP.PCAP.EM.KD,GDP per person employed (const 2021 PPP $),URY,Uruguay,2018,64120.9982585355
gdp_per_employed,SL.GDP.PCAP.EM.KD,GDP per person employed (const 2021 PPP $),URY,Uruguay,2017,63606.2293655663
gdp_per_employed,SL.GDP.PCAP.EM.KD,GDP per person employed (const 2021 PPP $),URY,Uruguay,2016,62339.5151271846
gdp_per_employed,SL.GDP.PCAP.EM.KD,GDP per person employed (const 2021 PPP $),URY,Uruguay,2015,61097.6883439251
gdp_per_employed,SL.GDP.PCAP.EM.KD,GDP per person employed (const 2021 PPP $),URY,Uruguay,2014,59740.7112898589
gdp_per_employed,SL.GDP.PCAP.EM.KD,GDP per person employed (const 2021 PPP $),URY,Uruguay,2013,59065.2646290363
gdp_per_employed,SL.GDP.PCAP.EM.KD,GDP per person employed (const 2021 PPP $),URY,Uruguay,2012,56452.4883512116
gdp_per_employed,SL.GDP.PCAP.EM.KD,GDP per person employed (const 2021 PPP $),URY,Uruguay,2011,54104.1760114459
gdp_per_employed,SL.GDP.PCAP.EM.KD,GDP per person employed (const 2021 PPP $),URY,Uruguay,2010,53643.3106352851
gdp_per_employed,SL.GDP.PCAP.EM.KD,GDP per person employed (const 2021 PPP $),URY,Uruguay,2009,50029.0537731613
gdp_per_employed,SL.GDP.PCAP.EM.KD,GDP per person employed (const 2021 PPP $),URY,Uruguay,2008,48981.7001724951
gdp_per_employed,SL.GDP.PCAP.EM.KD,GDP per person employed (const 2021 PPP $),URY,Uruguay,2007,46782.2426971303
gdp_per_employed,SL.GDP.PCAP.EM.KD,GDP per person employed (const 2021 PPP $),URY,Uruguay,2006,46157.6518055605
gdp_per_employed,SL.GDP.PCAP.EM.KD,GDP per person employed (const 2021 PPP $),URY,Uruguay,2005,46970.9000771682
gdp_per_employed,SL.GDP.PCAP.EM.KD,GDP per person employed (const 2021 PPP $),URY,Uruguay,2004,44376.5039919338
gdp_per_employed,SL.GDP.PCAP.EM.KD,GDP per person employed (const 2021 PPP $),URY,Uruguay,2003,44553.0573937057
gdp_per_employed,SL.GDP.PCAP.EM.KD,GDP per person employed (const 2021 PPP $),URY,Uruguay,2002,43686.8274332024
gdp_per_employed,SL.GDP.PCAP.EM.KD,GDP per person employed (const 2021 PPP $),URY,Uruguay,2001,45409.3106930676
gdp_per_employed,SL.GDP.PCAP.EM.KD,GDP per person employed (const 2021 PPP $),URY,Uruguay,2000,47163.2690443392
gdp_per_employed,SL.GDP.PCAP.EM.KD,GDP per person employed (const 2021 PPP $),URY,Uruguay,1999,47454.0812224602
gdp_per_employed,SL.GDP.PCAP.EM.KD,GDP per person employed (const 2021 PPP $),URY,Uruguay,1998,46907.7513304601
gdp_per_employed,SL.GDP.PCAP.EM.KD,GDP per person employed (const 2021 PPP $),URY,Uruguay,1997,46458.5563737936
gdp_per_employed,SL.GDP.PCAP.EM.KD,GDP per person employed (const 2021 PPP $),URY,Uruguay,1996,43542.206667657
gdp_per_employed,SL.GDP.PCAP.EM.KD,GDP per person employed (const 2021 PPP $),URY,Uruguay,1995,41372.1174957974
gdp_per_employed,SL.GDP.PCAP.EM.KD,GDP per person employed (const 2021 PPP $),URY,Uruguay,1994,42561.4051527976
gdp_per_employed,SL.GDP.PCAP.EM.KD,GDP per person employed (const 2021 PPP $),URY,Uruguay,1993,40718.7048419727
gdp_per_employed,SL.GDP.PCAP.EM.KD,GDP per person employed (const 2021 PPP $),URY,Uruguay,1992,39542.5455915204
gdp_per_employed,SL.GDP.PCAP.EM.KD,GDP per person employed (const 2021 PPP $),URY,Uruguay,1991,37006.5590972371
gdp_per_employed,SL.GDP.PCAP.EM.KD,GDP per person employed (const 2021 PPP $),ZAF,South Africa,2024,48752.0959349709
gdp_per_employed,SL.GDP.PCAP.EM.KD,GDP per person employed (const 2021 PPP $),ZAF,South Africa,2023,49595.87018629
gdp_per_employed,SL.GDP.PCAP.EM.KD,GDP per person employed (const 2021 PPP $),ZAF,South Africa,2022,52339.7859434345
gdp_per_employed,SL.GDP.PCAP.EM.KD,GDP per person employed (const 2021 PPP $),ZAF,South Africa,2021,54304.1684288751
gdp_per_employed,SL.GDP.PCAP.EM.KD,GDP per person employed (const 2021 PPP $),ZAF,South Africa,2020,50731.5758949678
gdp_per_employed,SL.GDP.PCAP.EM.KD,GDP per person employed (const 2021 PPP $),ZAF,South Africa,2019,50027.0502468781
gdp_per_employed,SL.GDP.PCAP.EM.KD,GDP per person employed (const 2021 PPP $),ZAF,South Africa,2018,50033.6304541997
gdp_per_employed,SL.GDP.PCAP.EM.KD,GDP per person employed (const 2021 PPP $),ZAF,South Africa,2017,50294.5566240456
gdp_per_employed,SL.GDP.PCAP.EM.KD,GDP per person employed (const 2021 PPP $),ZAF,South Africa,2016,50336.1073759664
gdp_per_employed,SL.GDP.PCAP.EM.KD,GDP per person employed (const 2021 PPP $),ZAF,South Africa,2015,49639.4778358874
gdp_per_employed,SL.GDP.PCAP.EM.KD,GDP per person employed (const 2021 PPP $),ZAF,South Africa,2014,51147.5088687265
gdp_per_employed,SL.GDP.PCAP.EM.KD,GDP per person employed (const 2021 PPP $),ZAF,South Africa,2013,51415.2343815344
gdp_per_employed,SL.GDP.PCAP.EM.KD,GDP per person employed (const 2021 PPP $),ZAF,South Africa,2012,51826.9379174847
gdp_per_employed,SL.GDP.PCAP.EM.KD,GDP per person employed (const 2021 PPP $),ZAF,South Africa,2011,51798.886065775
gdp_per_employed,SL.GDP.PCAP.EM.KD,GDP per person employed (const 2021 PPP $),ZAF,South Africa,2010,50970.7683274615
gdp_per_employed,SL.GDP.PCAP.EM.KD,GDP per person employed (const 2021 PPP $),ZAF,South Africa,2009,47937.2074335112
gdp_per_employed,SL.GDP.PCAP.EM.KD,GDP per person employed (const 2021 PPP $),ZAF,South Africa,2008,47128.2244652394
gdp_per_employed,SL.GDP.PCAP.EM.KD,GDP per person employed (const 2021 PPP $),ZAF,South Africa,2007,46239.8605134344
gdp_per_employed,SL.GDP.PCAP.EM.KD,GDP per person employed (const 2021 PPP $),ZAF,South Africa,2006,44536.7591722291
gdp_per_employed,SL.GDP.PCAP.EM.KD,GDP per person employed (const 2021 PPP $),ZAF,South Africa,2005,42877.0987817891
gdp_per_employed,SL.GDP.PCAP.EM.KD,GDP per person employed (const 2021 PPP $),ZAF,South Africa,2004,41408.5772730647
gdp_per_employed,SL.GDP.PCAP.EM.KD,GDP per person employed (const 2021 PPP $),ZAF,South Africa,2003,40332.1733707017
gdp_per_employed,SL.GDP.PCAP.EM.KD,GDP per person employed (const 2021 PPP $),ZAF,South Africa,2002,39833.9064310103
gdp_per_employed,SL.GDP.PCAP.EM.KD,GDP per person employed (const 2021 PPP $),ZAF,South Africa,2001,39151.7242756498
gdp_per_employed,SL.GDP.PCAP.EM.KD,GDP per person employed (const 2021 PPP $),ZAF,South Africa,2000,38857.887144065
gdp_per_employed,SL.GDP.PCAP.EM.KD,GDP per person employed (const 2021 PPP $),ZAF,South Africa,1999,38006.9894680618
gdp_per_employed,SL.GDP.PCAP.EM.KD,GDP per person employed (const 2021 PPP $),ZAF,South Africa,1998,37768.1523471464
gdp_per_employed,SL.GDP.PCAP.EM.KD,GDP per person employed (const 2021 PPP $),ZAF,South Africa,1997,38239.1003109132
gdp_per_employed,SL.GDP.PCAP.EM.KD,GDP per person employed (const 2021 PPP $),ZAF,South Africa,1996,37813.228256288
gdp_per_employed,SL.GDP.PCAP.EM.KD,GDP per person employed (const 2021 PPP $),ZAF,South Africa,1995,36807.3271923463
gdp_per_employed,SL.GDP.PCAP.EM.KD,GDP per person employed (const 2021 PPP $),ZAF,South Africa,1994,36188.2220390583
gdp_per_employed,SL.GDP.PCAP.EM.KD,GDP per person employed (const 2021 PPP $),ZAF,South Africa,1993,35799.3585406111
gdp_per_employed,SL.GDP.PCAP.EM.KD,GDP per person employed (const 2021 PPP $),ZAF,South Africa,1992,36246.3139087102
gdp_per_employed,SL.GDP.PCAP.EM.KD,GDP per person employed (const 2021 PPP $),ZAF,South Africa,1991,37530.8395767866
investment,NE.GDI.TOTL.ZS,Gross capital formation (% GDP),ARG,Argentina,2024,15.8378002382311
investment,NE.GDI.TOTL.ZS,Gross capital formation (% GDP),ARG,Argentina,2023,19.3822632919135
investment,NE.GDI.TOTL.ZS,Gross capital formation (% GDP),ARG,Argentina,2022,17.3855861358427
investment,NE.GDI.TOTL.ZS,Gross capital formation (% GDP),ARG,Argentina,2021,18.0762892471421
investment,NE.GDI.TOTL.ZS,Gross capital formation (% GDP),ARG,Argentina,2020,14.4151557410245
investment,NE.GDI.TOTL.ZS,Gross capital formation (% GDP),ARG,Argentina,2019,14.2100303992191
investment,NE.GDI.TOTL.ZS,Gross capital formation (% GDP),ARG,Argentina,2018,16.6138850156371
investment,NE.GDI.TOTL.ZS,Gross capital formation (% GDP),ARG,Argentina,2017,18.2125671747754
investment,NE.GDI.TOTL.ZS,Gross capital formation (% GDP),ARG,Argentina,2016,17.6632278606203
investment,NE.GDI.TOTL.ZS,Gross capital formation (% GDP),ARG,Argentina,2015,17.0707048841583
investment,NE.GDI.TOTL.ZS,Gross capital formation (% GDP),ARG,Argentina,2014,17.2628810064651
investment,NE.GDI.TOTL.ZS,Gross capital formation (% GDP),ARG,Argentina,2013,17.3057789012596
investment,NE.GDI.TOTL.ZS,Gross capital formation (% GDP),ARG,Argentina,2012,16.5019865298875
investment,NE.GDI.TOTL.ZS,Gross capital formation (% GDP),ARG,Argentina,2011,18.39845891735
investment,NE.GDI.TOTL.ZS,Gross capital formation (% GDP),ARG,Argentina,2010,17.7055338062046
investment,NE.GDI.TOTL.ZS,Gross capital formation (% GDP),ARG,Argentina,2009,16.0531123592112
investment,NE.GDI.TOTL.ZS,Gross capital formation (% GDP),ARG,Argentina,2008,19.5727758777106
investment,NE.GDI.TOTL.ZS,Gross capital formation (% GDP),ARG,Argentina,2007,20.099113202908
investment,NE.GDI.TOTL.ZS,Gross capital formation (% GDP),ARG,Argentina,2006,18.6804872364334
investment,NE.GDI.TOTL.ZS,Gross capital formation (% GDP),ARG,Argentina,2005,18.8882641376513
investment,NE.GDI.TOTL.ZS,Gross capital formation (% GDP),ARG,Argentina,2004,17.5512703642799
investment,NE.GDI.TOTL.ZS,Gross capital formation (% GDP),ARG,Argentina,2003,14.1469621012504
investment,NE.GDI.TOTL.ZS,Gross capital formation (% GDP),ARG,Argentina,2002,10.8539052402585
investment,NE.GDI.TOTL.ZS,Gross capital formation (% GDP),ARG,Argentina,2001,15.6259653308051
investment,NE.GDI.TOTL.ZS,Gross capital formation (% GDP),ARG,Argentina,2000,17.5334874363903
investment,NE.GDI.TOTL.ZS,Gross capital formation (% GDP),ARG,Argentina,1999,17.8629278753399
investment,NE.GDI.TOTL.ZS,Gross capital formation (% GDP),ARG,Argentina,1998,20.9707691548621
investment,NE.GDI.TOTL.ZS,Gross capital formation (% GDP),ARG,Argentina,1997,20.8260515469902
investment,NE.GDI.TOTL.ZS,Gross capital formation (% GDP),ARG,Argentina,1996,19.6238724452255
investment,NE.GDI.TOTL.ZS,Gross capital formation (% GDP),ARG,Argentina,1995,18.5004105114971
investment,NE.GDI.TOTL.ZS,Gross capital formation (% GDP),ARG,Argentina,1994,19.9656232520199
investment,NE.GDI.TOTL.ZS,Gross capital formation (% GDP),ARG,Argentina,1993,19.6881104233422
investment,NE.GDI.TOTL.ZS,Gross capital formation (% GDP),ARG,Argentina,1992,16.7024057741857
investment,NE.GDI.TOTL.ZS,Gross capital formation (% GDP),ARG,Argentina,1991,14.6369773950796
investment,NE.GDI.TOTL.ZS,Gross capital formation (% GDP),ARG,Argentina,1990,13.9969815756662
investment,NE.GDI.TOTL.ZS,Gross capital formation (% GDP),BGR,Bulgaria,2024,20.4299060253788
investment,NE.GDI.TOTL.ZS,Gross capital formation (% GDP),BGR,Bulgaria,2023,19.7877556466321
investment,NE.GDI.TOTL.ZS,Gross capital formation (% GDP),BGR,Bulgaria,2022,22.6875893032554
investment,NE.GDI.TOTL.ZS,Gross capital formation (% GDP),BGR,Bulgaria,2021,20.7058880948029
investment,NE.GDI.TOTL.ZS,Gross capital formation (% GDP),BGR,Bulgaria,2020,20.1519171584818
investment,NE.GDI.TOTL.ZS,Gross capital formation (% GDP),BGR,Bulgaria,2019,20.7340041548231
investment,NE.GDI.TOTL.ZS,Gross capital formation (% GDP),BGR,Bulgaria,2018,21.1661567293564
investment,NE.GDI.TOTL.ZS,Gross capital formation (% GDP),BGR,Bulgaria,2017,19.8169934625584
investment,NE.GDI.TOTL.ZS,Gross capital formation (% GDP),BGR,Bulgaria,2016,18.9624308573589
investment,NE.GDI.TOTL.ZS,Gross capital formation (% GDP),BGR,Bulgaria,2015,20.999927047816
investment,NE.GDI.TOTL.ZS,Gross capital formation (% GDP),BGR,Bulgaria,2014,21.5078429076067
investment,NE.GDI.TOTL.ZS,Gross capital formation (% GDP),BGR,Bulgaria,2013,21.0060147414226
investment,NE.GDI.TOTL.ZS,Gross capital formation (% GDP),BGR,Bulgaria,2012,21.8870795265983
investment,NE.GDI.TOTL.ZS,Gross capital formation (% GDP),BGR,Bulgaria,2011,21.3581940338909
investment,NE.GDI.TOTL.ZS,Gross capital formation (% GDP),BGR,Bulgaria,2010,22.5179653399321
investment,NE.GDI.TOTL.ZS,Gross capital formation (% GDP),BGR,Bulgaria,2009,28.5382141833642
investment,NE.GDI.TOTL.ZS,Gross capital formation (% GDP),BGR,Bulgaria,2008,36.9245307045696
investment,NE.GDI.TOTL.ZS,Gross capital formation (% GDP),BGR,Bulgaria,2007,33.606222556895
investment,NE.GDI.TOTL.ZS,Gross capital formation (% GDP),BGR,Bulgaria,2006,32.0563311507493
investment,NE.GDI.TOTL.ZS,Gross capital formation (% GDP),BGR,Bulgaria,2005,27.7396801127277
investment,NE.GDI.TOTL.ZS,Gross capital formation (% GDP),BGR,Bulgaria,2004,23.4333545983608
investment,NE.GDI.TOTL.ZS,Gross capital formation (% GDP),BGR,Bulgaria,2003,22.0741671260247
investment,NE.GDI.TOTL.ZS,Gross capital formation (% GDP),BGR,Bulgaria,2002,20.529013802931
investment,NE.GDI.TOTL.ZS,Gross capital formation (% GDP),BGR,Bulgaria,2001,21.3510606825964
investment,NE.GDI.TOTL.ZS,Gross capital formation (% GDP),BGR,Bulgaria,2000,19.0461421311854
investment,NE.GDI.TOTL.ZS,Gross capital formation (% GDP),BGR,Bulgaria,1999,19.8436643838826
investment,NE.GDI.TOTL.ZS,Gross capital formation (% GDP),BGR,Bulgaria,1998,18.7085980494502
investment,NE.GDI.TOTL.ZS,Gross capital formation (% GDP),BGR,Bulgaria,1997,9.72740977629433
investment,NE.GDI.TOTL.ZS,Gross capital formation (% GDP),BGR,Bulgaria,1996,1.15732750526262
investment,NE.GDI.TOTL.ZS,Gross capital formation (% GDP),BGR,Bulgaria,1995,17.7285696544682
investment,NE.GDI.TOTL.ZS,Gross capital formation (% GDP),BGR,Bulgaria,1994,9.39115290580193
investment,NE.GDI.TOTL.ZS,Gross capital formation (% GDP),BGR,Bulgaria,1993,15.2823311542564
investment,NE.GDI.TOTL.ZS,Gross capital formation (% GDP),BGR,Bulgaria,1992,19.8885663634061
investment,NE.GDI.TOTL.ZS,Gross capital formation (% GDP),BGR,Bulgaria,1991,22.5976159933121
investment,NE.GDI.TOTL.ZS,Gross capital formation (% GDP),BGR,Bulgaria,1990,25.5871073383031
investment,NE.GDI.TOTL.ZS,Gross capital formation (% GDP),BRA,Brazil,2024,16.9814356044398
investment,NE.GDI.TOTL.ZS,Gross capital formation (% GDP),BRA,Brazil,2023,15.7606472065087
investment,NE.GDI.TOTL.ZS,Gross capital formation (% GDP),BRA,Brazil,2022,18.0882204442366
investment,NE.GDI.TOTL.ZS,Gross capital formation (% GDP),BRA,Brazil,2021,19.5218850206383
investment,NE.GDI.TOTL.ZS,Gross capital formation (% GDP),BRA,Brazil,2020,16.1158206039466
investment,NE.GDI.TOTL.ZS,Gross capital formation (% GDP),BRA,Brazil,2019,15.5167908009424
investment,NE.GDI.TOTL.ZS,Gross capital formation (% GDP),BRA,Brazil,2018,15.0950416291605
investment,NE.GDI.TOTL.ZS,Gross capital formation (% GDP),BRA,Brazil,2017,14.6255875978858
investment,NE.GDI.TOTL.ZS,Gross capital formation (% GDP),BRA,Brazil,2016,14.9695469721031
investment,NE.GDI.TOTL.ZS,Gross capital formation (% GDP),BRA,Brazil,2015,17.4116258675005
investment,NE.GDI.TOTL.ZS,Gross capital formation (% GDP),BRA,Brazil,2014,20.5484107553739
investment,NE.GDI.TOTL.ZS,Gross capital formation (% GDP),BRA,Brazil,2013,21.6937669568432
investment,NE.GDI.TOTL.ZS,Gross capital formation (% GDP),BRA,Brazil,2012,21.4172253691912
investment,NE.GDI.TOTL.ZS,Gross capital formation (% GDP),BRA,Brazil,2011,21.8262711166856
investment,NE.GDI.TOTL.ZS,Gross capital formation (% GDP),BRA,Brazil,2010,21.8013215585586
investment,NE.GDI.TOTL.ZS,Gross capital formation (% GDP),BRA,Brazil,2009,18.796135029807
investment,NE.GDI.TOTL.ZS,Gross capital formation (% GDP),BRA,Brazil,2008,21.6193828541669
investment,NE.GDI.TOTL.ZS,Gross capital formation (% GDP),BRA,Brazil,2007,19.8193259830854
investment,NE.GDI.TOTL.ZS,Gross capital formation (% GDP),BRA,Brazil,2006,17.8164738793472
investment,NE.GDI.TOTL.ZS,Gross capital formation (% GDP),BRA,Brazil,2005,17.2048834494962
investment,NE.GDI.TOTL.ZS,Gross capital formation (% GDP),BRA,Brazil,2004,17.9125683422575
investment,NE.GDI.TOTL.ZS,Gross capital formation (% GDP),BRA,Brazil,2003,16.8566884007152
investment,NE.GDI.TOTL.ZS,Gross capital formation (% GDP),BRA,Brazil,2002,17.4490794834956
investment,NE.GDI.TOTL.ZS,Gross capital formation (% GDP),BRA,Brazil,2001,18.7418602950836
investment,NE.GDI.TOTL.ZS,Gross capital formation (% GDP),BRA,Brazil,2000,18.9031192683871
investment,NE.GDI.TOTL.ZS,Gross capital formation (% GDP),BRA,Brazil,1999,17.3895597435179
investment,NE.GDI.TOTL.ZS,Gross capital formation (% GDP),BRA,Brazil,1998,18.1647519194741
investment,NE.GDI.TOTL.ZS,Gross capital formation (% GDP),BRA,Brazil,1997,17.7639856110956
investment,NE.GDI.TOTL.ZS,Gross capital formation (% GDP),BRA,Brazil,1996,17.2669463759545
investment,NE.GDI.TOTL.ZS,Gross capital formation (% GDP),BRA,Brazil,1995,17.2923463458623
investment,NE.GDI.TOTL.ZS,Gross capital formation (% GDP),BRA,Brazil,1994,22.1455629464805
investment,NE.GDI.TOTL.ZS,Gross capital formation (% GDP),BRA,Brazil,1993,20.8463552065145
investment,NE.GDI.TOTL.ZS,Gross capital formation (% GDP),BRA,Brazil,1992,18.9345399423489
investment,NE.GDI.TOTL.ZS,Gross capital formation (% GDP),BRA,Brazil,1991,19.768768868394
investment,NE.GDI.TOTL.ZS,Gross capital formation (% GDP),BRA,Brazil,1990,20.1677066020429
investment,NE.GDI.TOTL.ZS,Gross capital formation (% GDP),CHL,Chile,2024,23.1192669583529
investment,NE.GDI.TOTL.ZS,Gross capital formation (% GDP),CHL,Chile,2023,23.3331278198537
investment,NE.GDI.TOTL.ZS,Gross capital formation (% GDP),CHL,Chile,2022,25.7670400608281
investment,NE.GDI.TOTL.ZS,Gross capital formation (% GDP),CHL,Chile,2021,24.1498841986761
investment,NE.GDI.TOTL.ZS,Gross capital formation (% GDP),CHL,Chile,2020,21.0773285826388
investment,NE.GDI.TOTL.ZS,Gross capital formation (% GDP),CHL,Chile,2019,24.94531502311
investment,NE.GDI.TOTL.ZS,Gross capital formation (% GDP),CHL,Chile,2018,24.2030786765181
investment,NE.GDI.TOTL.ZS,Gross capital formation (% GDP),CHL,Chile,2017,22.6366697426235
investment,NE.GDI.TOTL.ZS,Gross capital formation (% GDP),CHL,Chile,2016,23.7087897319925
investment,NE.GDI.TOTL.ZS,Gross capital formation (% GDP),CHL,Chile,2015,25.5994382084201
investment,NE.GDI.TOTL.ZS,Gross capital formation (% GDP),CHL,Chile,2014,25.1580935799669
investment,NE.GDI.TOTL.ZS,Gross capital formation (% GDP),CHL,Chile,2013,27.4969595601166
investment,NE.GDI.TOTL.ZS,Gross capital formation (% GDP),CHL,Chile,2012,28.791349395371
investment,NE.GDI.TOTL.ZS,Gross capital formation (% GDP),CHL,Chile,2011,26.6462973582796
investment,NE.GDI.TOTL.ZS,Gross capital formation (% GDP),CHL,Chile,2010,24.7754671336591
investment,NE.GDI.TOTL.ZS,Gross capital formation (% GDP),CHL,Chile,2009,22.9200072895058
investment,NE.GDI.TOTL.ZS,Gross capital formation (% GDP),CHL,Chile,2008,28.8969424277685
investment,NE.GDI.TOTL.ZS,Gross capital formation (% GDP),CHL,Chile,2007,22.3480228340307
investment,NE.GDI.TOTL.ZS,Gross capital formation (% GDP),CHL,Chile,2006,22.1863204596536
investment,NE.GDI.TOTL.ZS,Gross capital formation (% GDP),CHL,Chile,2005,23.2677016954958
investment,NE.GDI.TOTL.ZS,Gross capital formation (% GDP),CHL,Chile,2004,21.2432280953364
investment,NE.GDI.TOTL.ZS,Gross capital formation (% GDP),CHL,Chile,2003,23.3991373808031
investment,NE.GDI.TOTL.ZS,Gross capital formation (% GDP),CHL,Chile,2002,24.1083893516193
investment,NE.GDI.TOTL.ZS,Gross capital formation (% GDP),CHL,Chile,2001,24.0912149524836
investment,NE.GDI.TOTL.ZS,Gross capital formation (% GDP),CHL,Chile,2000,23.7507565901543
investment,NE.GDI.TOTL.ZS,Gross capital formation (% GDP),CHL,Chile,1999,22.5504742140038
investment,NE.GDI.TOTL.ZS,Gross capital formation (% GDP),CHL,Chile,1998,28.6186850894279
investment,NE.GDI.TOTL.ZS,Gross capital formation (% GDP),CHL,Chile,1997,29.8592663281389
investment,NE.GDI.TOTL.ZS,Gross capital formation (% GDP),CHL,Chile,1996,29.8812134444565
investment,NE.GDI.TOTL.ZS,Gross capital formation (% GDP),CHL,Chile,1995,27.5292622461532
investment,NE.GDI.TOTL.ZS,Gross capital formation (% GDP),CHL,Chile,1994,25.5343368834102
investment,NE.GDI.TOTL.ZS,Gross capital formation (% GDP),CHL,Chile,1993,27.7812912604082
investment,NE.GDI.TOTL.ZS,Gross capital formation (% GDP),CHL,Chile,1992,24.8635574680026
investment,NE.GDI.TOTL.ZS,Gross capital formation (% GDP),CHL,Chile,1991,23.341676276014
investment,NE.GDI.TOTL.ZS,Gross capital formation (% GDP),CHL,Chile,1990,25.7232653777983
investment,NE.GDI.TOTL.ZS,Gross capital formation (% GDP),CHN,China,2024,40.4815134449629
investment,NE.GDI.TOTL.ZS,Gross capital formation (% GDP),CHN,China,2023,41.1297102455381
investment,NE.GDI.TOTL.ZS,Gross capital formation (% GDP),CHN,China,2022,42.3554333470499
investment,NE.GDI.TOTL.ZS,Gross capital formation (% GDP),CHN,China,2021,42.6822612949312
investment,NE.GDI.TOTL.ZS,Gross capital formation (% GDP),CHN,China,2020,42.5723735094229
investment,NE.GDI.TOTL.ZS,Gross capital formation (% GDP),CHN,China,2019,42.6695374085222
investment,NE.GDI.TOTL.ZS,Gross capital formation (% GDP),CHN,China,2018,43.313827489682
investment,NE.GDI.TOTL.ZS,Gross capital formation (% GDP),CHN,China,2017,42.5497375507577
investment,NE.GDI.TOTL.ZS,Gross capital formation (% GDP),CHN,China,2016,42.1386166189127
investment,NE.GDI.TOTL.ZS,Gross capital formation (% GDP),CHN,China,2015,42.7349872564364
investment,NE.GDI.TOTL.ZS,Gross capital formation (% GDP),CHN,China,2014,45.3115352657107
investment,NE.GDI.TOTL.ZS,Gross capital formation (% GDP),CHN,China,2013,45.9224093546636
investment,NE.GDI.TOTL.ZS,Gross capital formation (% GDP),CHN,China,2012,45.8169211701107
investment,NE.GDI.TOTL.ZS,Gross capital formation (% GDP),CHN,China,2011,46.2703012824496
investment,NE.GDI.TOTL.ZS,Gross capital formation (% GDP),CHN,China,2010,46.1023443345586
investment,NE.GDI.TOTL.ZS,Gross capital formation (% GDP),CHN,China,2009,44.9282638913962
investment,NE.GDI.TOTL.ZS,Gross capital formation (% GDP),CHN,China,2008,41.9607249432501
investment,NE.GDI.TOTL.ZS,Gross capital formation (% GDP),CHN,China,2007,40.2220879226288
investment,NE.GDI.TOTL.ZS,Gross capital formation (% GDP),CHN,China,2006,39.6897003482818
investment,NE.GDI.TOTL.ZS,Gross capital formation (% GDP),CHN,China,2005,40.178086700104
investment,NE.GDI.TOTL.ZS,Gross capital formation (% GDP),CHN,China,2004,41.6343741627493
investment,NE.GDI.TOTL.ZS,Gross capital formation (% GDP),CHN,China,2003,39.4280130265115
investment,NE.GDI.TOTL.ZS,Gross capital formation (% GDP),CHN,China,2002,36.0687816828708
investment,NE.GDI.TOTL.ZS,Gross capital formation (% GDP),CHN,China,2001,35.523858010134
investment,NE.GDI.TOTL.ZS,Gross capital formation (% GDP),CHN,China,2000,33.6326827140045
investment,NE.GDI.TOTL.ZS,Gross capital formation (% GDP),CHN,China,1999,34.2336141056633
investment,NE.GDI.TOTL.ZS,Gross capital formation (% GDP),CHN,China,1998,34.9859486932226
investment,NE.GDI.TOTL.ZS,Gross capital formation (% GDP),CHN,China,1997,35.7413524462449
investment,NE.GDI.TOTL.ZS,Gross capital formation (% GDP),CHN,China,1996,37.7768637845413
investment,NE.GDI.TOTL.ZS,Gross capital formation (% GDP),CHN,China,1995,39.092189056179
investment,NE.GDI.TOTL.ZS,Gross capital formation (% GDP),CHN,China,1994,40.2783746945492
investment,NE.GDI.TOTL.ZS,Gross capital formation (% GDP),CHN,China,1993,43.4763551900211
investment,NE.GDI.TOTL.ZS,Gross capital formation (% GDP),CHN,China,1992,39.3081668840399
investment,NE.GDI.TOTL.ZS,Gross capital formation (% GDP),CHN,China,1991,35.5377442696039
investment,NE.GDI.TOTL.ZS,Gross capital formation (% GDP),CHN,China,1990,34.0914985430681
investment,NE.GDI.TOTL.ZS,Gross capital formation (% GDP),COL,Colombia,2024,16.4725596445723
investment,NE.GDI.TOTL.ZS,Gross capital formation (% GDP),COL,Colombia,2023,16.380607358871
investment,NE.GDI.TOTL.ZS,Gross capital formation (% GDP),COL,Colombia,2022,19.7872446007318
investment,NE.GDI.TOTL.ZS,Gross capital formation (% GDP),COL,Colombia,2021,18.9169518896828
investment,NE.GDI.TOTL.ZS,Gross capital formation (% GDP),COL,Colombia,2020,19.1281469366662
investment,NE.GDI.TOTL.ZS,Gross capital formation (% GDP),COL,Colombia,2019,21.3806095458027
investment,NE.GDI.TOTL.ZS,Gross capital formation (% GDP),COL,Colombia,2018,21.1954755611258
investment,NE.GDI.TOTL.ZS,Gross capital formation (% GDP),COL,Colombia,2017,21.5993768407696
investment,NE.GDI.TOTL.ZS,Gross capital formation (% GDP),COL,Colombia,2016,23.1674195572494
investment,NE.GDI.TOTL.ZS,Gross capital formation (% GDP),COL,Colombia,2015,23.7736922946916
investment,NE.GDI.TOTL.ZS,Gross capital formation (% GDP),COL,Colombia,2014,24.0033136584861
investment,NE.GDI.TOTL.ZS,Gross capital formation (% GDP),COL,Colombia,2013,22.1825448506007
investment,NE.GDI.TOTL.ZS,Gross capital formation (% GDP),COL,Colombia,2012,22.1046440622529
investment,NE.GDI.TOTL.ZS,Gross capital formation (% GDP),COL,Colombia,2011,22.9955914400596
investment,NE.GDI.TOTL.ZS,Gross capital formation (% GDP),COL,Colombia,2010,21.8887622688674
investment,NE.GDI.TOTL.ZS,Gross capital formation (% GDP),COL,Colombia,2009,21.9875830884376
investment,NE.GDI.TOTL.ZS,Gross capital formation (% GDP),COL,Colombia,2008,23.7209214485662
investment,NE.GDI.TOTL.ZS,Gross capital formation (% GDP),COL,Colombia,2007,23.4542806868515
investment,NE.GDI.TOTL.ZS,Gross capital formation (% GDP),COL,Colombia,2006,22.9389629039528
investment,NE.GDI.TOTL.ZS,Gross capital formation (% GDP),COL,Colombia,2005,21.6562413080915
investment,NE.GDI.TOTL.ZS,Gross capital formation (% GDP),COL,Colombia,2004,19.4409966142669
investment,NE.GDI.TOTL.ZS,Gross capital formation (% GDP),COL,Colombia,2003,18.6818190163212
investment,NE.GDI.TOTL.ZS,Gross capital formation (% GDP),COL,Colombia,2002,17.2515418448331
investment,NE.GDI.TOTL.ZS,Gross capital formation (% GDP),COL,Colombia,2001,16.0322513515548
investment,NE.GDI.TOTL.ZS,Gross capital formation (% GDP),COL,Colombia,2000,14.8956270290748
investment,NE.GDI.TOTL.ZS,Gross capital formation (% GDP),COL,Colombia,1999,12.8801341708134
investment,NE.GDI.TOTL.ZS,Gross capital formation (% GDP),COL,Colombia,1998,19.7280791808155
investment,NE.GDI.TOTL.ZS,Gross capital formation (% GDP),COL,Colombia,1997,20.9237506240474
investment,NE.GDI.TOTL.ZS,Gross capital formation (% GDP),COL,Colombia,1996,22.1509386589832
investment,NE.GDI.TOTL.ZS,Gross capital formation (% GDP),COL,Colombia,1995,25.7987433287578
investment,NE.GDI.TOTL.ZS,Gross capital formation (% GDP),COL,Colombia,1994,25.5384467490805
investment,NE.GDI.TOTL.ZS,Gross capital formation (% GDP),COL,Colombia,1993,24.9421331103752
investment,NE.GDI.TOTL.ZS,Gross capital formation (% GDP),COL,Colombia,1992,20.5545014602291
investment,NE.GDI.TOTL.ZS,Gross capital formation (% GDP),COL,Colombia,1991,19.1054638472664
investment,NE.GDI.TOTL.ZS,Gross capital formation (% GDP),COL,Colombia,1990,20.606730546634
investment,NE.GDI.TOTL.ZS,Gross capital formation (% GDP),CZE,Czechia,2024,26.3223927850509
investment,NE.GDI.TOTL.ZS,Gross capital formation (% GDP),CZE,Czechia,2023,28.2189210871769
investment,NE.GDI.TOTL.ZS,Gross capital formation (% GDP),CZE,Czechia,2022,31.0333010301464
investment,NE.GDI.TOTL.ZS,Gross capital formation (% GDP),CZE,Czechia,2021,28.1285338444502
investment,NE.GDI.TOTL.ZS,Gross capital formation (% GDP),CZE,Czechia,2020,24.7302051809802
investment,NE.GDI.TOTL.ZS,Gross capital formation (% GDP),CZE,Czechia,2019,26.171850655873
investment,NE.GDI.TOTL.ZS,Gross capital formation (% GDP),CZE,Czechia,2018,25.6426079021172
investment,NE.GDI.TOTL.ZS,Gross capital formation (% GDP),CZE,Czechia,2017,25.0897410946251
investment,NE.GDI.TOTL.ZS,Gross capital formation (% GDP),CZE,Czechia,2016,25.0750046974725
investment,NE.GDI.TOTL.ZS,Gross capital formation (% GDP),CZE,Czechia,2015,26.9686249210792
investment,NE.GDI.TOTL.ZS,Gross capital formation (% GDP),CZE,Czechia,2014,25.3494353917128
investment,NE.GDI.TOTL.ZS,Gross capital formation (% GDP),CZE,Czechia,2013,24.3768606031502
investment,NE.GDI.TOTL.ZS,Gross capital formation (% GDP),CZE,Czechia,2012,25.6688421143623
investment,NE.GDI.TOTL.ZS,Gross capital formation (% GDP),CZE,Czechia,2011,26.6053370220652
investment,NE.GDI.TOTL.ZS,Gross capital formation (% GDP),CZE,Czechia,2010,26.7312876523202
investment,NE.GDI.TOTL.ZS,Gross capital formation (% GDP),CZE,Czechia,2009,26.3978882297703
investment,NE.GDI.TOTL.ZS,Gross capital formation (% GDP),CZE,Czechia,2008,30.9994095449633
investment,NE.GDI.TOTL.ZS,Gross capital formation (% GDP),CZE,Czechia,2007,32.1072107272958
investment,NE.GDI.TOTL.ZS,Gross capital formation (% GDP),CZE,Czechia,2006,30.0796940275085
investment,NE.GDI.TOTL.ZS,Gross capital formation (% GDP),CZE,Czechia,2005,29.2856028582089
investment,NE.GDI.TOTL.ZS,Gross capital formation (% GDP),CZE,Czechia,2004,29.8242716361965
investment,NE.GDI.TOTL.ZS,Gross capital formation (% GDP),CZE,Czechia,2003,29.5495865624593
investment,NE.GDI.TOTL.ZS,Gross capital formation (% GDP),CZE,Czechia,2002,30.4816181826653
investment,NE.GDI.TOTL.ZS,Gross capital formation (% GDP),CZE,Czechia,2001,32.0060318555442
investment,NE.GDI.TOTL.ZS,Gross capital formation (% GDP),CZE,Czechia,2000,31.8350210442972
investment,NE.GDI.TOTL.ZS,Gross capital formation (% GDP),CZE,Czechia,1999,29.7451345778523
investment,NE.GDI.TOTL.ZS,Gross capital formation (% GDP),CZE,Czechia,1998,30.7431840522591
investment,NE.GDI.TOTL.ZS,Gross capital formation (% GDP),CZE,Czechia,1997,32.6953430221502
investment,NE.GDI.TOTL.ZS,Gross capital formation (% GDP),CZE,Czechia,1996,35.8320529231384
investment,NE.GDI.TOTL.ZS,Gross capital formation (% GDP),CZE,Czechia,1995,33.8561860572745
investment,NE.GDI.TOTL.ZS,Gross capital formation (% GDP),CZE,Czechia,1994,29.7817050664405
investment,NE.GDI.TOTL.ZS,Gross capital formation (% GDP),CZE,Czechia,1993,26.4647230849772
investment,NE.GDI.TOTL.ZS,Gross capital formation (% GDP),CZE,Czechia,1992,25.3890238994575
investment,NE.GDI.TOTL.ZS,Gross capital formation (% GDP),CZE,Czechia,1991,22.2724066655312
investment,NE.GDI.TOTL.ZS,Gross capital formation (% GDP),CZE,Czechia,1990,24.3277286034708
investment,NE.GDI.TOTL.ZS,Gross capital formation (% GDP),ECU,Ecuador,2024,19.5061364493705
investment,NE.GDI.TOTL.ZS,Gross capital formation (% GDP),ECU,Ecuador,2023,20.7283478756321
investment,NE.GDI.TOTL.ZS,Gross capital formation (% GDP),ECU,Ecuador,2022,22.4059052025305
investment,NE.GDI.TOTL.ZS,Gross capital formation (% GDP),ECU,Ecuador,2021,20.7476106763154
investment,NE.GDI.TOTL.ZS,Gross capital formation (% GDP),ECU,Ecuador,2020,17.5849129748726
investment,NE.GDI.TOTL.ZS,Gross capital formation (% GDP),ECU,Ecuador,2019,21.04923118303
investment,NE.GDI.TOTL.ZS,Gross capital formation (% GDP),ECU,Ecuador,2018,22.5404393330524
investment,NE.GDI.TOTL.ZS,Gross capital formation (% GDP),ECU,Ecuador,2017,22.4803878213361
investment,NE.GDI.TOTL.ZS,Gross capital formation (% GDP),ECU,Ecuador,2016,20.2460508591084
investment,NE.GDI.TOTL.ZS,Gross capital formation (% GDP),ECU,Ecuador,2015,22.6864358338097
investment,NE.GDI.TOTL.ZS,Gross capital formation (% GDP),ECU,Ecuador,2014,24.7058907826623
investment,NE.GDI.TOTL.ZS,Gross capital formation (% GDP),ECU,Ecuador,2013,24.8833528938608
investment,NE.GDI.TOTL.ZS,Gross capital formation (% GDP),ECU,Ecuador,2012,23.0133036457677
investment,NE.GDI.TOTL.ZS,Gross capital formation (% GDP),ECU,Ecuador,2011,23.5320911453288
investment,NE.GDI.TOTL.ZS,Gross capital formation (% GDP),ECU,Ecuador,2010,23.4900158733515
investment,NE.GDI.TOTL.ZS,Gross capital formation (% GDP),ECU,Ecuador,2009,21.1732351412126
investment,NE.GDI.TOTL.ZS,Gross capital formation (% GDP),ECU,Ecuador,2008,21.5659407925863
investment,NE.GDI.TOTL.ZS,Gross capital formation (% GDP),ECU,Ecuador,2007,18.3175597771056
investment,NE.GDI.TOTL.ZS,Gross capital formation (% GDP),ECU,Ecuador,2006,18.118128561743
investment,NE.GDI.TOTL.ZS,Gross capital formation (% GDP),ECU,Ecuador,2005,17.4645010337808
investment,NE.GDI.TOTL.ZS,Gross capital formation (% GDP),ECU,Ecuador,2004,16.2503185471483
investment,NE.GDI.TOTL.ZS,Gross capital formation (% GDP),ECU,Ecuador,2003,15.7730766736655
investment,NE.GDI.TOTL.ZS,Gross capital formation (% GDP),ECU,Ecuador,2002,19.6562625754518
investment,NE.GDI.TOTL.ZS,Gross capital formation (% GDP),ECU,Ecuador,2001,18.4913081237538
investment,NE.GDI.TOTL.ZS,Gross capital formation (% GDP),ECU,Ecuador,2000,17.1669504072431
investment,NE.GDI.TOTL.ZS,Gross capital formation (% GDP),ECU,Ecuador,1999,15.7601582851424
investment,NE.GDI.TOTL.ZS,Gross capital formation (% GDP),ECU,Ecuador,1998,19.9849105614128
investment,NE.GDI.TOTL.ZS,Gross capital formation (% GDP),ECU,Ecuador,1997,16.6179432038656
investment,NE.GDI.TOTL.ZS,Gross capital formation (% GDP),ECU,Ecuador,1996,14.9386605261091
investment,NE.GDI.TOTL.ZS,Gross capital formation (% GDP),ECU,Ecuador,1995,16.0884542552235
investment,NE.GDI.TOTL.ZS,Gross capital formation (% GDP),ECU,Ecuador,1994,17.4256704062713
investment,NE.GDI.TOTL.ZS,Gross capital formation (% GDP),ECU,Ecuador,1993,17.0310040842616
investment,NE.GDI.TOTL.ZS,Gross capital formation (% GDP),ECU,Ecuador,1992,18.5671580687204
investment,NE.GDI.TOTL.ZS,Gross capital formation (% GDP),ECU,Ecuador,1991,17.8993560734041
investment,NE.GDI.TOTL.ZS,Gross capital formation (% GDP),ECU,Ecuador,1990,20.1520380846263
investment,NE.GDI.TOTL.ZS,Gross capital formation (% GDP),HUN,Hungary,2024,23.6636684415802
investment,NE.GDI.TOTL.ZS,Gross capital formation (% GDP),HUN,Hungary,2023,26.1919852280501
investment,NE.GDI.TOTL.ZS,Gross capital formation (% GDP),HUN,Hungary,2022,34.253984477795
investment,NE.GDI.TOTL.ZS,Gross capital formation (% GDP),HUN,Hungary,2021,30.9364017933183
investment,NE.GDI.TOTL.ZS,Gross capital formation (% GDP),HUN,Hungary,2020,27.4644940725212
investment,NE.GDI.TOTL.ZS,Gross capital formation (% GDP),HUN,Hungary,2019,28.6983472177676
investment,NE.GDI.TOTL.ZS,Gross capital formation (% GDP),HUN,Hungary,2018,27.0910945827596
investment,NE.GDI.TOTL.ZS,Gross capital formation (% GDP),HUN,Hungary,2017,23.2730768860194
investment,NE.GDI.TOTL.ZS,Gross capital formation (% GDP),HUN,Hungary,2016,22.0321821931455
investment,NE.GDI.TOTL.ZS,Gross capital formation (% GDP),HUN,Hungary,2015,23.8567656111926
investment,NE.GDI.TOTL.ZS,Gross capital formation (% GDP),HUN,Hungary,2014,24.4405160787979
investment,NE.GDI.TOTL.ZS,Gross capital formation (% GDP),HUN,Hungary,2013,21.8946534040546
investment,NE.GDI.TOTL.ZS,Gross capital formation (% GDP),HUN,Hungary,2012,20.2865308170944
investment,NE.GDI.TOTL.ZS,Gross capital formation (% GDP),HUN,Hungary,2011,21.0337908782192
investment,NE.GDI.TOTL.ZS,Gross capital formation (% GDP),HUN,Hungary,2010,21.1892791243323
investment,NE.GDI.TOTL.ZS,Gross capital formation (% GDP),HUN,Hungary,2009,20.9966487581136
investment,NE.GDI.TOTL.ZS,Gross capital formation (% GDP),HUN,Hungary,2008,25.1420059545726
investment,NE.GDI.TOTL.ZS,Gross capital formation (% GDP),HUN,Hungary,2007,24.8978381794695
investment,NE.GDI.TOTL.ZS,Gross capital formation (% GDP),HUN,Hungary,2006,26.3418856770072
investment,NE.GDI.TOTL.ZS,Gross capital formation (% GDP),HUN,Hungary,2005,26.164171343722
investment,NE.GDI.TOTL.ZS,Gross capital formation (% GDP),HUN,Hungary,2004,27.5022265501896
investment,NE.GDI.TOTL.ZS,Gross capital formation (% GDP),HUN,Hungary,2003,24.7088343047099
investment,NE.GDI.TOTL.ZS,Gross capital formation (% GDP),HUN,Hungary,2002,25.7468753302212
investment,NE.GDI.TOTL.ZS,Gross capital formation (% GDP),HUN,Hungary,2001,26.3575592807833
investment,NE.GDI.TOTL.ZS,Gross capital formation (% GDP),HUN,Hungary,2000,28.1973908964954
investment,NE.GDI.TOTL.ZS,Gross capital formation (% GDP),HUN,Hungary,1999,27.2873039051869
investment,NE.GDI.TOTL.ZS,Gross capital formation (% GDP),HUN,Hungary,1998,28.8224890364809
investment,NE.GDI.TOTL.ZS,Gross capital formation (% GDP),HUN,Hungary,1997,26.4418752273102
investment,NE.GDI.TOTL.ZS,Gross capital formation (% GDP),HUN,Hungary,1996,25.1079029013767
investment,NE.GDI.TOTL.ZS,Gross capital formation (% GDP),HUN,Hungary,1995,23.420550366966
investment,NE.GDI.TOTL.ZS,Gross capital formation (% GDP),HUN,Hungary,1994,22.9964145435708
investment,NE.GDI.TOTL.ZS,Gross capital formation (% GDP),HUN,Hungary,1993,20.679039803699
investment,NE.GDI.TOTL.ZS,Gross capital formation (% GDP),HUN,Hungary,1992,16.6599937556592
investment,NE.GDI.TOTL.ZS,Gross capital formation (% GDP),HUN,Hungary,1991,21.1958705871222
investment,NE.GDI.TOTL.ZS,Gross capital formation (% GDP),IDN,Indonesia,2024,31.396316156558
investment,NE.GDI.TOTL.ZS,Gross capital formation (% GDP),IDN,Indonesia,2023,30.3426390629498
investment,NE.GDI.TOTL.ZS,Gross capital formation (% GDP),IDN,Indonesia,2022,29.7453138212259
investment,NE.GDI.TOTL.ZS,Gross capital formation (% GDP),IDN,Indonesia,2021,31.4488724858485
investment,NE.GDI.TOTL.ZS,Gross capital formation (% GDP),IDN,Indonesia,2020,32.3434120537481
investment,NE.GDI.TOTL.ZS,Gross capital formation (% GDP),IDN,Indonesia,2019,33.7801423773995
investment,NE.GDI.TOTL.ZS,Gross capital formation (% GDP),IDN,Indonesia,2018,34.5705858319707
investment,NE.GDI.TOTL.ZS,Gross capital formation (% GDP),IDN,Indonesia,2017,33.7105947957751
investment,NE.GDI.TOTL.ZS,Gross capital formation (% GDP),IDN,Indonesia,2016,33.8587393039462
investment,NE.GDI.TOTL.ZS,Gross capital formation (% GDP),IDN,Indonesia,2015,34.0627921803386
investment,NE.GDI.TOTL.ZS,Gross capital formation (% GDP),IDN,Indonesia,2014,34.6003439149803
investment,NE.GDI.TOTL.ZS,Gross capital formation (% GDP),IDN,Indonesia,2013,33.8313567879018
investment,NE.GDI.TOTL.ZS,Gross capital formation (% GDP),IDN,Indonesia,2012,35.0715936108893
investment,NE.GDI.TOTL.ZS,Gross capital formation (% GDP),IDN,Indonesia,2011,32.9843332593045
investment,NE.GDI.TOTL.ZS,Gross capital formation (% GDP),IDN,Indonesia,2010,32.8801214533558
investment,NE.GDI.TOTL.ZS,Gross capital formation (% GDP),IDN,Indonesia,2009,30.9851924139981
investment,NE.GDI.TOTL.ZS,Gross capital formation (% GDP),IDN,Indonesia,2008,27.8162445798583
investment,NE.GDI.TOTL.ZS,Gross capital formation (% GDP),IDN,Indonesia,2007,24.9202838487256
investment,NE.GDI.TOTL.ZS,Gross capital formation (% GDP),IDN,Indonesia,2006,25.4002172943548
investment,NE.GDI.TOTL.ZS,Gross capital formation (% GDP),IDN,Indonesia,2005,25.0814099389568
investment,NE.GDI.TOTL.ZS,Gross capital formation (% GDP),IDN,Indonesia,2004,24.0563663747717
investment,NE.GDI.TOTL.ZS,Gross capital formation (% GDP),IDN,Indonesia,2003,25.5984983869787
investment,NE.GDI.TOTL.ZS,Gross capital formation (% GDP),IDN,Indonesia,2002,21.4040702075173
investment,NE.GDI.TOTL.ZS,Gross capital formation (% GDP),IDN,Indonesia,2001,22.539266316067
investment,NE.GDI.TOTL.ZS,Gross capital formation (% GDP),IDN,Indonesia,2000,22.2456969315568
investment,NE.GDI.TOTL.ZS,Gross capital formation (% GDP),IDN,Indonesia,1999,22.1387593118175
investment,NE.GDI.TOTL.ZS,Gross capital formation (% GDP),IDN,Indonesia,1998,27.4295066667294
investment,NE.GDI.TOTL.ZS,Gross capital formation (% GDP),IDN,Indonesia,1997,30.3076757881764
investment,NE.GDI.TOTL.ZS,Gross capital formation (% GDP),IDN,Indonesia,1996,31.6023606375148
investment,NE.GDI.TOTL.ZS,Gross capital formation (% GDP),IDN,Indonesia,1995,30.4298110883689
investment,NE.GDI.TOTL.ZS,Gross capital formation (% GDP),IDN,Indonesia,1994,29.5706877484337
investment,NE.GDI.TOTL.ZS,Gross capital formation (% GDP),IDN,Indonesia,1993,28.2806731118536
investment,NE.GDI.TOTL.ZS,Gross capital formation (% GDP),IDN,Indonesia,1992,30.1758273386831
investment,NE.GDI.TOTL.ZS,Gross capital formation (% GDP),IDN,Indonesia,1991,31.8694254830288
investment,NE.GDI.TOTL.ZS,Gross capital formation (% GDP),IDN,Indonesia,1990,32.7076900896332
investment,NE.GDI.TOTL.ZS,Gross capital formation (% GDP),IND,India,2024,34.3459060404746
investment,NE.GDI.TOTL.ZS,Gross capital formation (% GDP),IND,India,2023,34.504684353812
investment,NE.GDI.TOTL.ZS,Gross capital formation (% GDP),IND,India,2022,34.4117962357355
investment,NE.GDI.TOTL.ZS,Gross capital formation (% GDP),IND,India,2021,32.1158221755014
investment,NE.GDI.TOTL.ZS,Gross capital formation (% GDP),IND,India,2020,28.9223840080659
investment,NE.GDI.TOTL.ZS,Gross capital formation (% GDP),IND,India,2019,30.0961975685688
investment,NE.GDI.TOTL.ZS,Gross capital formation (% GDP),IND,India,2018,32.3432182154485
investment,NE.GDI.TOTL.ZS,Gross capital formation (% GDP),IND,India,2017,30.9821728344733
investment,NE.GDI.TOTL.ZS,Gross capital formation (% GDP),IND,India,2016,30.172690580036
investment,NE.GDI.TOTL.ZS,Gross capital formation (% GDP),IND,India,2015,32.1167301358276
investment,NE.GDI.TOTL.ZS,Gross capital formation (% GDP),IND,India,2014,34.2678056268836
investment,NE.GDI.TOTL.ZS,Gross capital formation (% GDP),IND,India,2013,34.0231978997548
investment,NE.GDI.TOTL.ZS,Gross capital formation (% GDP),IND,India,2012,38.3474156730403
investment,NE.GDI.TOTL.ZS,Gross capital formation (% GDP),IND,India,2011,39.590421855219
investment,NE.GDI.TOTL.ZS,Gross capital formation (% GDP),IND,India,2010,39.7856241847736
investment,NE.GDI.TOTL.ZS,Gross capital formation (% GDP),IND,India,2009,39.2567917551336
investment,NE.GDI.TOTL.ZS,Gross capital formation (% GDP),IND,India,2008,38.4224196528192
investment,NE.GDI.TOTL.ZS,Gross capital formation (% GDP),IND,India,2007,41.9507982267334
investment,NE.GDI.TOTL.ZS,Gross capital formation (% GDP),IND,India,2006,38.9985063717532
investment,NE.GDI.TOTL.ZS,Gross capital formation (% GDP),IND,India,2005,37.4282640165983
investment,NE.GDI.TOTL.ZS,Gross capital formation (% GDP),IND,India,2004,35.0964917017773
investment,NE.GDI.TOTL.ZS,Gross capital formation (% GDP),IND,India,2003,30.8396999424416
investment,NE.GDI.TOTL.ZS,Gross capital formation (% GDP),IND,India,2002,30.2513001207186
investment,NE.GDI.TOTL.ZS,Gross capital formation (% GDP),IND,India,2001,29.9078889827325
investment,NE.GDI.TOTL.ZS,Gross capital formation (% GDP),IND,India,2000,25.677316683955
investment,NE.GDI.TOTL.ZS,Gross capital formation (% GDP),IND,India,1999,30.9580879683861
investment,NE.GDI.TOTL.ZS,Gross capital formation (% GDP),IND,India,1998,24.9753699423901
investment,NE.GDI.TOTL.ZS,Gross capital formation (% GDP),IND,India,1997,25.6927329065132
investment,NE.GDI.TOTL.ZS,Gross capital formation (% GDP),IND,India,1996,22.7592531809279
investment,NE.GDI.TOTL.ZS,Gross capital formation (% GDP),IND,India,1995,29.1523371515588
investment,NE.GDI.TOTL.ZS,Gross capital formation (% GDP),IND,India,1994,26.3101665553988
investment,NE.GDI.TOTL.ZS,Gross capital formation (% GDP),IND,India,1993,22.716410511618
investment,NE.GDI.TOTL.ZS,Gross capital formation (% GDP),IND,India,1992,27.44020415513
investment,NE.GDI.TOTL.ZS,Gross capital formation (% GDP),IND,India,1991,25.1405052782292
investment,NE.GDI.TOTL.ZS,Gross capital formation (% GDP),IND,India,1990,27.3361977013687
investment,NE.GDI.TOTL.ZS,Gross capital formation (% GDP),KOR,"Korea, Rep.",2024,29.9738499299961
investment,NE.GDI.TOTL.ZS,Gross capital formation (% GDP),KOR,"Korea, Rep.",2023,31.8912200894147
investment,NE.GDI.TOTL.ZS,Gross capital formation (% GDP),KOR,"Korea, Rep.",2022,33.3254869272348
investment,NE.GDI.TOTL.ZS,Gross capital formation (% GDP),KOR,"Korea, Rep.",2021,32.4929253527445
investment,NE.GDI.TOTL.ZS,Gross capital formation (% GDP),KOR,"Korea, Rep.",2020,31.5248657192138
investment,NE.GDI.TOTL.ZS,Gross capital formation (% GDP),KOR,"Korea, Rep.",2019,31.1955884616555
investment,NE.GDI.TOTL.ZS,Gross capital formation (% GDP),KOR,"Korea, Rep.",2018,31.2486531343572
investment,NE.GDI.TOTL.ZS,Gross capital formation (% GDP),KOR,"Korea, Rep.",2017,31.9652912711332
investment,NE.GDI.TOTL.ZS,Gross capital formation (% GDP),KOR,"Korea, Rep.",2016,29.9823963274728
investment,NE.GDI.TOTL.ZS,Gross capital formation (% GDP),KOR,"Korea, Rep.",2015,29.3122032932439
investment,NE.GDI.TOTL.ZS,Gross capital formation (% GDP),KOR,"Korea, Rep.",2014,29.7893883422049
investment,NE.GDI.TOTL.ZS,Gross capital formation (% GDP),KOR,"Korea, Rep.",2013,29.8990183063853
investment,NE.GDI.TOTL.ZS,Gross capital formation (% GDP),KOR,"Korea, Rep.",2012,31.2149587741292
investment,NE.GDI.TOTL.ZS,Gross capital formation (% GDP),KOR,"Korea, Rep.",2011,33.2613430738444
investment,NE.GDI.TOTL.ZS,Gross capital formation (% GDP),KOR,"Korea, Rep.",2010,32.7792421992313
investment,NE.GDI.TOTL.ZS,Gross capital formation (% GDP),KOR,"Korea, Rep.",2009,29.5580079908835
investment,NE.GDI.TOTL.ZS,Gross capital formation (% GDP),KOR,"Korea, Rep.",2008,33.7038348910437
investment,NE.GDI.TOTL.ZS,Gross capital formation (% GDP),KOR,"Korea, Rep.",2007,33.2491377792946
investment,NE.GDI.TOTL.ZS,Gross capital formation (% GDP),KOR,"Korea, Rep.",2006,33.0040207975187
investment,NE.GDI.TOTL.ZS,Gross capital formation (% GDP),KOR,"Korea, Rep.",2005,32.7143604319037
investment,NE.GDI.TOTL.ZS,Gross capital formation (% GDP),KOR,"Korea, Rep.",2004,32.6846860376336
investment,NE.GDI.TOTL.ZS,Gross capital formation (% GDP),KOR,"Korea, Rep.",2003,32.3968627960539
investment,NE.GDI.TOTL.ZS,Gross capital formation (% GDP),KOR,"Korea, Rep.",2002,31.3062897445161
investment,NE.GDI.TOTL.ZS,Gross capital formation (% GDP),KOR,"Korea, Rep.",2001,31.8665946248999
investment,NE.GDI.TOTL.ZS,Gross capital formation (% GDP),KOR,"Korea, Rep.",2000,33.0175871343191
investment,NE.GDI.TOTL.ZS,Gross capital formation (% GDP),KOR,"Korea, Rep.",1999,31.2530573623569
investment,NE.GDI.TOTL.ZS,Gross capital formation (% GDP),KOR,"Korea, Rep.",1998,28.1282300284005
investment,NE.GDI.TOTL.ZS,Gross capital formation (% GDP),KOR,"Korea, Rep.",1997,37.3821324455577
investment,NE.GDI.TOTL.ZS,Gross capital formation (% GDP),KOR,"Korea, Rep.",1996,39.7079062029067
investment,NE.GDI.TOTL.ZS,Gross capital formation (% GDP),KOR,"Korea, Rep.",1995,39.3437583690468
investment,NE.GDI.TOTL.ZS,Gross capital formation (% GDP),KOR,"Korea, Rep.",1994,38.9077981467888
investment,NE.GDI.TOTL.ZS,Gross capital formation (% GDP),KOR,"Korea, Rep.",1993,38.0802818259482
investment,NE.GDI.TOTL.ZS,Gross capital formation (% GDP),KOR,"Korea, Rep.",1992,39.1134328128938
investment,NE.GDI.TOTL.ZS,Gross capital formation (% GDP),KOR,"Korea, Rep.",1991,41.6650097673713
investment,NE.GDI.TOTL.ZS,Gross capital formation (% GDP),KOR,"Korea, Rep.",1990,40.1529466515345
investment,NE.GDI.TOTL.ZS,Gross capital formation (% GDP),LCN,Latin America & Caribbean,2024,19.1110584083828
investment,NE.GDI.TOTL.ZS,Gross capital formation (% GDP),LCN,Latin America & Caribbean,2023,19.0482353514155
investment,NE.GDI.TOTL.ZS,Gross capital formation (% GDP),LCN,Latin America & Caribbean,2022,20.0257479106024
investment,NE.GDI.TOTL.ZS,Gross capital formation (% GDP),LCN,Latin America & Caribbean,2021,20.1499016322397
investment,NE.GDI.TOTL.ZS,Gross capital formation (% GDP),LCN,Latin America & Caribbean,2020,17.5090832328517
investment,NE.GDI.TOTL.ZS,Gross capital formation (% GDP),LCN,Latin America & Caribbean,2019,18.5867701632935
investment,NE.GDI.TOTL.ZS,Gross capital formation (% GDP),LCN,Latin America & Caribbean,2018,18.8982335501982
investment,NE.GDI.TOTL.ZS,Gross capital formation (% GDP),LCN,Latin America & Caribbean,2017,18.4364215563045
investment,NE.GDI.TOTL.ZS,Gross capital formation (% GDP),LCN,Latin America & Caribbean,2016,18.8636798214431
investment,NE.GDI.TOTL.ZS,Gross capital formation (% GDP),LCN,Latin America & Caribbean,2015,20.1406903389411
investment,NE.GDI.TOTL.ZS,Gross capital formation (% GDP),LCN,Latin America & Caribbean,2014,21.0602066817199
investment,NE.GDI.TOTL.ZS,Gross capital formation (% GDP),LCN,Latin America & Caribbean,2013,22.1440915066985
investment,NE.GDI.TOTL.ZS,Gross capital formation (% GDP),LCN,Latin America & Caribbean,2012,22.0034983915789
investment,NE.GDI.TOTL.ZS,Gross capital formation (% GDP),LCN,Latin America & Caribbean,2011,22.456617153368
investment,NE.GDI.TOTL.ZS,Gross capital formation (% GDP),LCN,Latin America & Caribbean,2010,21.4822818333475
investment,NE.GDI.TOTL.ZS,Gross capital formation (% GDP),LCN,Latin America & Caribbean,2009,19.6620957728864
investment,NE.GDI.TOTL.ZS,Gross capital formation (% GDP),LCN,Latin America & Caribbean,2008,22.5489977030919
investment,NE.GDI.TOTL.ZS,Gross capital formation (% GDP),LCN,Latin America & Caribbean,2007,21.3280708740851
investment,NE.GDI.TOTL.ZS,Gross capital formation (% GDP),LCN,Latin America & Caribbean,2006,20.2828093493539
investment,NE.GDI.TOTL.ZS,Gross capital formation (% GDP),LCN,Latin America & Caribbean,2005,19.644494559549
investment,NE.GDI.TOTL.ZS,Gross capital formation (% GDP),LCN,Latin America & Caribbean,2004,19.7939617707312
investment,NE.GDI.TOTL.ZS,Gross capital formation (% GDP),LCN,Latin America & Caribbean,2003,19.0862976608314
investment,NE.GDI.TOTL.ZS,Gross capital formation (% GDP),LCN,Latin America & Caribbean,2002,19.0195885734992
investment,NE.GDI.TOTL.ZS,Gross capital formation (% GDP),LCN,Latin America & Caribbean,2001,19.1306698458545
investment,NE.GDI.TOTL.ZS,Gross capital formation (% GDP),LCN,Latin America & Caribbean,2000,20.2058918017453
investment,NE.GDI.TOTL.ZS,Gross capital formation (% GDP),LCN,Latin America & Caribbean,1999,19.7646708530421
investment,NE.GDI.TOTL.ZS,Gross capital formation (% GDP),LCN,Latin America & Caribbean,1998,21.0768112023332
investment,NE.GDI.TOTL.ZS,Gross capital formation (% GDP),LCN,Latin America & Caribbean,1997,20.4778566136987
investment,NE.GDI.TOTL.ZS,Gross capital formation (% GDP),LCN,Latin America & Caribbean,1996,19.682682446012
investment,NE.GDI.TOTL.ZS,Gross capital formation (% GDP),LCN,Latin America & Caribbean,1995,19.4426400511068
investment,NE.GDI.TOTL.ZS,Gross capital formation (% GDP),LCN,Latin America & Caribbean,1994,23.0009367918589
investment,NE.GDI.TOTL.ZS,Gross capital formation (% GDP),LCN,Latin America & Caribbean,1993,21.8177735808693
investment,NE.GDI.TOTL.ZS,Gross capital formation (% GDP),LCN,Latin America & Caribbean,1992,20.1857329416962
investment,NE.GDI.TOTL.ZS,Gross capital formation (% GDP),LCN,Latin America & Caribbean,1991,19.9177917231525
investment,NE.GDI.TOTL.ZS,Gross capital formation (% GDP),LCN,Latin America & Caribbean,1990,20.4873764683503
investment,NE.GDI.TOTL.ZS,Gross capital formation (% GDP),MEX,Mexico,2024,23.9034064485777
investment,NE.GDI.TOTL.ZS,Gross capital formation (% GDP),MEX,Mexico,2023,23.3050041337289
investment,NE.GDI.TOTL.ZS,Gross capital formation (% GDP),MEX,Mexico,2022,22.7701948917166
investment,NE.GDI.TOTL.ZS,Gross capital formation (% GDP),MEX,Mexico,2021,21.7074939319357
investment,NE.GDI.TOTL.ZS,Gross capital formation (% GDP),MEX,Mexico,2020,20.2366593532112
investment,NE.GDI.TOTL.ZS,Gross capital formation (% GDP),MEX,Mexico,2019,22.1485426356359
investment,NE.GDI.TOTL.ZS,Gross capital formation (% GDP),MEX,Mexico,2018,23.4774930613878
investment,NE.GDI.TOTL.ZS,Gross capital formation (% GDP),MEX,Mexico,2017,23.8923507105876
investment,NE.GDI.TOTL.ZS,Gross capital formation (% GDP),MEX,Mexico,2016,24.3433923355958
investment,NE.GDI.TOTL.ZS,Gross capital formation (% GDP),MEX,Mexico,2015,23.7361297452632
investment,NE.GDI.TOTL.ZS,Gross capital formation (% GDP),MEX,Mexico,2014,22.2932759787798
investment,NE.GDI.TOTL.ZS,Gross capital formation (% GDP),MEX,Mexico,2013,22.6807316048179
investment,NE.GDI.TOTL.ZS,Gross capital formation (% GDP),MEX,Mexico,2012,24.3777390631793
investment,NE.GDI.TOTL.ZS,Gross capital formation (% GDP),MEX,Mexico,2011,24.2517581318792
investment,NE.GDI.TOTL.ZS,Gross capital formation (% GDP),MEX,Mexico,2010,23.3314894119207
investment,NE.GDI.TOTL.ZS,Gross capital formation (% GDP),MEX,Mexico,2009,23.2592508075838
investment,NE.GDI.TOTL.ZS,Gross capital formation (% GDP),MEX,Mexico,2008,24.1213158802068
investment,NE.GDI.TOTL.ZS,Gross capital formation (% GDP),MEX,Mexico,2007,23.0719146894422
investment,NE.GDI.TOTL.ZS,Gross capital formation (% GDP),MEX,Mexico,2006,22.5641029454858
investment,NE.GDI.TOTL.ZS,Gross capital formation (% GDP),MEX,Mexico,2005,21.5221459719898
investment,NE.GDI.TOTL.ZS,Gross capital formation (% GDP),MEX,Mexico,2004,22.0461782270566
investment,NE.GDI.TOTL.ZS,Gross capital formation (% GDP),MEX,Mexico,2003,20.8808458648635
investment,NE.GDI.TOTL.ZS,Gross capital formation (% GDP),MEX,Mexico,2002,20.4084256272915
investment,NE.GDI.TOTL.ZS,Gross capital formation (% GDP),MEX,Mexico,2001,20.2738215598554
investment,NE.GDI.TOTL.ZS,Gross capital formation (% GDP),MEX,Mexico,2000,22.2649246086997
investment,NE.GDI.TOTL.ZS,Gross capital formation (% GDP),MEX,Mexico,1999,22.2434377526015
investment,NE.GDI.TOTL.ZS,Gross capital formation (% GDP),MEX,Mexico,1998,22.8039516150861
investment,NE.GDI.TOTL.ZS,Gross capital formation (% GDP),MEX,Mexico,1997,21.1460171251619
investment,NE.GDI.TOTL.ZS,Gross capital formation (% GDP),MEX,Mexico,1996,19.7376269610509
investment,NE.GDI.TOTL.ZS,Gross capital formation (% GDP),MEX,Mexico,1995,19.311543363515
investment,NE.GDI.TOTL.ZS,Gross capital formation (% GDP),MEX,Mexico,1994,24.3372579448117
investment,NE.GDI.TOTL.ZS,Gross capital formation (% GDP),MEX,Mexico,1993,22.6240306711262
investment,NE.GDI.TOTL.ZS,Gross capital formation (% GDP),MEX,Mexico,1992,23.3205990261669
investment,NE.GDI.TOTL.ZS,Gross capital formation (% GDP),MEX,Mexico,1991,23.4262767281749
investment,NE.GDI.TOTL.ZS,Gross capital formation (% GDP),MEX,Mexico,1990,23.270603544648
investment,NE.GDI.TOTL.ZS,Gross capital formation (% GDP),MYS,Malaysia,2024,21.9538831069426
investment,NE.GDI.TOTL.ZS,Gross capital formation (% GDP),MYS,Malaysia,2023,22.8017590224926
investment,NE.GDI.TOTL.ZS,Gross capital formation (% GDP),MYS,Malaysia,2022,23.5862921622175
investment,NE.GDI.TOTL.ZS,Gross capital formation (% GDP),MYS,Malaysia,2021,22.1257083996672
investment,NE.GDI.TOTL.ZS,Gross capital formation (% GDP),MYS,Malaysia,2020,19.6580082281542
investment,NE.GDI.TOTL.ZS,Gross capital formation (% GDP),MYS,Malaysia,2019,21.0482403944815
investment,NE.GDI.TOTL.ZS,Gross capital formation (% GDP),MYS,Malaysia,2018,23.8974199608763
investment,NE.GDI.TOTL.ZS,Gross capital formation (% GDP),MYS,Malaysia,2017,25.5473434515187
investment,NE.GDI.TOTL.ZS,Gross capital formation (% GDP),MYS,Malaysia,2016,25.9955119994004
investment,NE.GDI.TOTL.ZS,Gross capital formation (% GDP),MYS,Malaysia,2015,25.424263277142
investment,NE.GDI.TOTL.ZS,Gross capital formation (% GDP),MYS,Malaysia,2014,24.9776084262813
investment,NE.GDI.TOTL.ZS,Gross capital formation (% GDP),MYS,Malaysia,2013,25.9371066959614
investment,NE.GDI.TOTL.ZS,Gross capital formation (% GDP),MYS,Malaysia,2012,25.7486213670602
investment,NE.GDI.TOTL.ZS,Gross capital formation (% GDP),MYS,Malaysia,2011,23.1882579658738
investment,NE.GDI.TOTL.ZS,Gross capital formation (% GDP),MYS,Malaysia,2010,23.3865410976414
investment,NE.GDI.TOTL.ZS,Gross capital formation (% GDP),MYS,Malaysia,2009,17.8356949570531
investment,NE.GDI.TOTL.ZS,Gross capital formation (% GDP),MYS,Malaysia,2008,21.4583043811993
investment,NE.GDI.TOTL.ZS,Gross capital formation (% GDP),MYS,Malaysia,2007,23.4095349745995
investment,NE.GDI.TOTL.ZS,Gross capital formation (% GDP),MYS,Malaysia,2006,22.7035242231695
investment,NE.GDI.TOTL.ZS,Gross capital formation (% GDP),MYS,Malaysia,2005,22.3964178094036
investment,NE.GDI.TOTL.ZS,Gross capital formation (% GDP),MYS,Malaysia,2004,23.0495646010531
investment,NE.GDI.TOTL.ZS,Gross capital formation (% GDP),MYS,Malaysia,2003,22.7633850643195
investment,NE.GDI.TOTL.ZS,Gross capital formation (% GDP),MYS,Malaysia,2002,24.7773431485884
investment,NE.GDI.TOTL.ZS,Gross capital formation (% GDP),MYS,Malaysia,2001,24.398219973396
investment,NE.GDI.TOTL.ZS,Gross capital formation (% GDP),MYS,Malaysia,2000,26.8674891484592
investment,NE.GDI.TOTL.ZS,Gross capital formation (% GDP),MYS,Malaysia,1999,22.3820005053796
investment,NE.GDI.TOTL.ZS,Gross capital formation (% GDP),MYS,Malaysia,1998,26.6749751979749
investment,NE.GDI.TOTL.ZS,Gross capital formation (% GDP),MYS,Malaysia,1997,42.9730832697528
investment,NE.GDI.TOTL.ZS,Gross capital formation (% GDP),MYS,Malaysia,1996,41.4791985244273
investment,NE.GDI.TOTL.ZS,Gross capital formation (% GDP),MYS,Malaysia,1995,43.6399023701753
investment,NE.GDI.TOTL.ZS,Gross capital formation (% GDP),MYS,Malaysia,1994,41.2020812335965
investment,NE.GDI.TOTL.ZS,Gross capital formation (% GDP),MYS,Malaysia,1993,39.1837113952867
investment,NE.GDI.TOTL.ZS,Gross capital formation (% GDP),MYS,Malaysia,1992,35.3625515987311
investment,NE.GDI.TOTL.ZS,Gross capital formation (% GDP),MYS,Malaysia,1991,37.7904739350522
investment,NE.GDI.TOTL.ZS,Gross capital formation (% GDP),MYS,Malaysia,1990,32.3603261645435
investment,NE.GDI.TOTL.ZS,Gross capital formation (% GDP),PER,Peru,2024,19.72883590637
investment,NE.GDI.TOTL.ZS,Gross capital formation (% GDP),PER,Peru,2023,19.572988492574
investment,NE.GDI.TOTL.ZS,Gross capital formation (% GDP),PER,Peru,2022,22.3569175495124
investment,NE.GDI.TOTL.ZS,Gross capital formation (% GDP),PER,Peru,2021,22.3072203928835
investment,NE.GDI.TOTL.ZS,Gross capital formation (% GDP),PER,Peru,2020,18.1912588877919
investment,NE.GDI.TOTL.ZS,Gross capital formation (% GDP),PER,Peru,2019,20.8336395514866
investment,NE.GDI.TOTL.ZS,Gross capital formation (% GDP),PER,Peru,2018,21.3111751422932
investment,NE.GDI.TOTL.ZS,Gross capital formation (% GDP),PER,Peru,2017,20.7118137063238
investment,NE.GDI.TOTL.ZS,Gross capital formation (% GDP),PER,Peru,2016,22.0213133889585
investment,NE.GDI.TOTL.ZS,Gross capital formation (% GDP),PER,Peru,2015,24.3051143583227
investment,NE.GDI.TOTL.ZS,Gross capital formation (% GDP),PER,Peru,2014,24.6661205071214
investment,NE.GDI.TOTL.ZS,Gross capital formation (% GDP),PER,Peru,2013,25.5741818690255
investment,NE.GDI.TOTL.ZS,Gross capital formation (% GDP),PER,Peru,2012,24.6060563122502
investment,NE.GDI.TOTL.ZS,Gross capital formation (% GDP),PER,Peru,2011,24.200875596397
investment,NE.GDI.TOTL.ZS,Gross capital formation (% GDP),PER,Peru,2010,23.7605090406542
investment,NE.GDI.TOTL.ZS,Gross capital formation (% GDP),PER,Peru,2009,19.9786779797935
investment,NE.GDI.TOTL.ZS,Gross capital formation (% GDP),PER,Peru,2008,26.178345935433
investment,NE.GDI.TOTL.ZS,Gross capital formation (% GDP),PER,Peru,2007,22.0323873215866
investment,NE.GDI.TOTL.ZS,Gross capital formation (% GDP),PER,Peru,2006,19.6506023681318
investment,NE.GDI.TOTL.ZS,Gross capital formation (% GDP),PER,Peru,2005,17.2838176822241
investment,NE.GDI.TOTL.ZS,Gross capital formation (% GDP),PER,Peru,2004,16.8556825410753
investment,NE.GDI.TOTL.ZS,Gross capital formation (% GDP),PER,Peru,2003,17.5102893749052
investment,NE.GDI.TOTL.ZS,Gross capital formation (% GDP),PER,Peru,2002,17.9681458916088
investment,NE.GDI.TOTL.ZS,Gross capital formation (% GDP),PER,Peru,2001,18.1595051690983
investment,NE.GDI.TOTL.ZS,Gross capital formation (% GDP),PER,Peru,2000,19.6279847605546
investment,NE.GDI.TOTL.ZS,Gross capital formation (% GDP),PER,Peru,1999,20.6612543344774
investment,NE.GDI.TOTL.ZS,Gross capital formation (% GDP),PER,Peru,1998,23.2049499956946
investment,NE.GDI.TOTL.ZS,Gross capital formation (% GDP),PER,Peru,1997,23.7894193215196
investment,NE.GDI.TOTL.ZS,Gross capital formation (% GDP),PER,Peru,1996,22.5867586979927
investment,NE.GDI.TOTL.ZS,Gross capital formation (% GDP),PER,Peru,1995,24.7391134430373
investment,NE.GDI.TOTL.ZS,Gross capital formation (% GDP),PER,Peru,1994,22.2471317420546
investment,NE.GDI.TOTL.ZS,Gross capital formation (% GDP),PER,Peru,1993,19.0714045693532
investment,NE.GDI.TOTL.ZS,Gross capital formation (% GDP),PER,Peru,1992,17.784731115296
investment,NE.GDI.TOTL.ZS,Gross capital formation (% GDP),PER,Peru,1991,17.3980924261389
investment,NE.GDI.TOTL.ZS,Gross capital formation (% GDP),PER,Peru,1990,16.1644055092045
investment,NE.GDI.TOTL.ZS,Gross capital formation (% GDP),POL,Poland,2024,17.8032326864165
investment,NE.GDI.TOTL.ZS,Gross capital formation (% GDP),POL,Poland,2023,17.6684506133329
investment,NE.GDI.TOTL.ZS,Gross capital formation (% GDP),POL,Poland,2022,22.059467565345
investment,NE.GDI.TOTL.ZS,Gross capital formation (% GDP),POL,Poland,2021,21.8106734577786
investment,NE.GDI.TOTL.ZS,Gross capital formation (% GDP),POL,Poland,2020,18.8394051569485
investment,NE.GDI.TOTL.ZS,Gross capital formation (% GDP),POL,Poland,2019,20.7076794491101
investment,NE.GDI.TOTL.ZS,Gross capital formation (% GDP),POL,Poland,2018,21.443880969665
investment,NE.GDI.TOTL.ZS,Gross capital formation (% GDP),POL,Poland,2017,19.9081446848915
investment,NE.GDI.TOTL.ZS,Gross capital formation (% GDP),POL,Poland,2016,20.0873009067718
investment,NE.GDI.TOTL.ZS,Gross capital formation (% GDP),POL,Poland,2015,20.8016958781231
investment,NE.GDI.TOTL.ZS,Gross capital formation (% GDP),POL,Poland,2014,20.8272789201168
investment,NE.GDI.TOTL.ZS,Gross capital formation (% GDP),POL,Poland,2013,19.1280449978263
investment,NE.GDI.TOTL.ZS,Gross capital formation (% GDP),POL,Poland,2012,20.8019518666142
investment,NE.GDI.TOTL.ZS,Gross capital formation (% GDP),POL,Poland,2011,22.3450463094694
investment,NE.GDI.TOTL.ZS,Gross capital formation (% GDP),POL,Poland,2010,20.8586688863455
investment,NE.GDI.TOTL.ZS,Gross capital formation (% GDP),POL,Poland,2009,20.7579141114998
investment,NE.GDI.TOTL.ZS,Gross capital formation (% GDP),POL,Poland,2008,24.7561450970576
investment,NE.GDI.TOTL.ZS,Gross capital formation (% GDP),POL,Poland,2007,25.4186459060222
investment,NE.GDI.TOTL.ZS,Gross capital formation (% GDP),POL,Poland,2006,21.9561662978922
investment,NE.GDI.TOTL.ZS,Gross capital formation (% GDP),POL,Poland,2005,20.1073600639489
investment,NE.GDI.TOTL.ZS,Gross capital formation (% GDP),POL,Poland,2004,20.4890653221513
investment,NE.GDI.TOTL.ZS,Gross capital formation (% GDP),POL,Poland,2003,18.9111542221715
investment,NE.GDI.TOTL.ZS,Gross capital formation (% GDP),POL,Poland,2002,18.5444793558839
investment,NE.GDI.TOTL.ZS,Gross capital formation (% GDP),POL,Poland,2001,20.6408974856903
investment,NE.GDI.TOTL.ZS,Gross capital formation (% GDP),POL,Poland,2000,24.6999676719407
investment,NE.GDI.TOTL.ZS,Gross capital formation (% GDP),POL,Poland,1999,25.5001823677686
investment,NE.GDI.TOTL.ZS,Gross capital formation (% GDP),POL,Poland,1998,25.2181635520769
investment,NE.GDI.TOTL.ZS,Gross capital formation (% GDP),POL,Poland,1997,23.7783189882881
investment,NE.GDI.TOTL.ZS,Gross capital formation (% GDP),POL,Poland,1996,21.8581629640564
investment,NE.GDI.TOTL.ZS,Gross capital formation (% GDP),POL,Poland,1995,19.862521327671
investment,NE.GDI.TOTL.ZS,Gross capital formation (% GDP),RUS,Russian Federation,2024,26.4795760497971
investment,NE.GDI.TOTL.ZS,Gross capital formation (% GDP),RUS,Russian Federation,2023,27.303131349175
investment,NE.GDI.TOTL.ZS,Gross capital formation (% GDP),RUS,Russian Federation,2022,23.1732337652661
investment,NE.GDI.TOTL.ZS,Gross capital formation (% GDP),RUS,Russian Federation,2021,23.0093392226061
investment,NE.GDI.TOTL.ZS,Gross capital formation (% GDP),RUS,Russian Federation,2020,23.4558291480158
investment,NE.GDI.TOTL.ZS,Gross capital formation (% GDP),RUS,Russian Federation,2019,22.6615137722235
investment,NE.GDI.TOTL.ZS,Gross capital formation (% GDP),RUS,Russian Federation,2018,21.9180891512463
investment,NE.GDI.TOTL.ZS,Gross capital formation (% GDP),RUS,Russian Federation,2017,23.6067558621651
investment,NE.GDI.TOTL.ZS,Gross capital formation (% GDP),RUS,Russian Federation,2016,23.0954224731096
investment,NE.GDI.TOTL.ZS,Gross capital formation (% GDP),RUS,Russian Federation,2015,22.148725318159
investment,NE.GDI.TOTL.ZS,Gross capital formation (% GDP),RUS,Russian Federation,2014,22.3908642287739
investment,NE.GDI.TOTL.ZS,Gross capital formation (% GDP),RUS,Russian Federation,2013,23.2716819870194
investment,NE.GDI.TOTL.ZS,Gross capital formation (% GDP),RUS,Russian Federation,2012,24.5536933545168
investment,NE.GDI.TOTL.ZS,Gross capital formation (% GDP),RUS,Russian Federation,2011,24.2607379312639
investment,NE.GDI.TOTL.ZS,Gross capital formation (% GDP),RUS,Russian Federation,2010,22.6150505519736
investment,NE.GDI.TOTL.ZS,Gross capital formation (% GDP),RUS,Russian Federation,2009,18.9263757354968
investment,NE.GDI.TOTL.ZS,Gross capital formation (% GDP),RUS,Russian Federation,2008,25.5012197086864
investment,NE.GDI.TOTL.ZS,Gross capital formation (% GDP),RUS,Russian Federation,2007,24.1645140334655
investment,NE.GDI.TOTL.ZS,Gross capital formation (% GDP),RUS,Russian Federation,2006,21.1715918033474
investment,NE.GDI.TOTL.ZS,Gross capital formation (% GDP),RUS,Russian Federation,2005,20.0774969178103
investment,NE.GDI.TOTL.ZS,Gross capital formation (% GDP),RUS,Russian Federation,2004,20.9012750797344
investment,NE.GDI.TOTL.ZS,Gross capital formation (% GDP),RUS,Russian Federation,2003,20.8589584807348
investment,NE.GDI.TOTL.ZS,Gross capital formation (% GDP),RUS,Russian Federation,2002,20.0295461890033
investment,NE.GDI.TOTL.ZS,Gross capital formation (% GDP),RUS,Russian Federation,2001,21.9498173349418
investment,NE.GDI.TOTL.ZS,Gross capital formation (% GDP),RUS,Russian Federation,2000,18.6937601947688
investment,NE.GDI.TOTL.ZS,Gross capital formation (% GDP),RUS,Russian Federation,1999,14.8303000466388
investment,NE.GDI.TOTL.ZS,Gross capital formation (% GDP),RUS,Russian Federation,1998,14.9641222334913
investment,NE.GDI.TOTL.ZS,Gross capital formation (% GDP),RUS,Russian Federation,1997,21.9763894687502
investment,NE.GDI.TOTL.ZS,Gross capital formation (% GDP),RUS,Russian Federation,1996,23.6674001136852
investment,NE.GDI.TOTL.ZS,Gross capital formation (% GDP),RUS,Russian Federation,1995,25.4388784044713
investment,NE.GDI.TOTL.ZS,Gross capital formation (% GDP),RUS,Russian Federation,1994,25.5374539500614
investment,NE.GDI.TOTL.ZS,Gross capital formation (% GDP),RUS,Russian Federation,1993,27.0071715934931
investment,NE.GDI.TOTL.ZS,Gross capital formation (% GDP),RUS,Russian Federation,1992,34.6133613887428
investment,NE.GDI.TOTL.ZS,Gross capital formation (% GDP),RUS,Russian Federation,1991,36.2674293886307
investment,NE.GDI.TOTL.ZS,Gross capital formation (% GDP),RUS,Russian Federation,1990,30.1303942874884
investment,NE.GDI.TOTL.ZS,Gross capital formation (% GDP),THA,Thailand,2024,21.4528153883175
investment,NE.GDI.TOTL.ZS,Gross capital formation (% GDP),THA,Thailand,2023,22.3940359236883
investment,NE.GDI.TOTL.ZS,Gross capital formation (% GDP),THA,Thailand,2022,27.8232930802592
investment,NE.GDI.TOTL.ZS,Gross capital formation (% GDP),THA,Thailand,2021,28.6772507306111
investment,NE.GDI.TOTL.ZS,Gross capital formation (% GDP),THA,Thailand,2020,23.7642761877022
investment,NE.GDI.TOTL.ZS,Gross capital formation (% GDP),THA,Thailand,2019,23.8147525746375
investment,NE.GDI.TOTL.ZS,Gross capital formation (% GDP),THA,Thailand,2018,25.2195901594439
investment,NE.GDI.TOTL.ZS,Gross capital formation (% GDP),THA,Thailand,2017,22.9342956887695
investment,NE.GDI.TOTL.ZS,Gross capital formation (% GDP),THA,Thailand,2016,21.1054892015174
investment,NE.GDI.TOTL.ZS,Gross capital formation (% GDP),THA,Thailand,2015,22.3556406383245
investment,NE.GDI.TOTL.ZS,Gross capital formation (% GDP),THA,Thailand,2014,23.9190195478501
investment,NE.GDI.TOTL.ZS,Gross capital formation (% GDP),THA,Thailand,2013,27.4571011829666
investment,NE.GDI.TOTL.ZS,Gross capital formation (% GDP),THA,Thailand,2012,28.0241657146011
investment,NE.GDI.TOTL.ZS,Gross capital formation (% GDP),THA,Thailand,2011,26.7914582468449
investment,NE.GDI.TOTL.ZS,Gross capital formation (% GDP),THA,Thailand,2010,25.3566546340746
investment,NE.GDI.TOTL.ZS,Gross capital formation (% GDP),THA,Thailand,2009,20.6363983767118
investment,NE.GDI.TOTL.ZS,Gross capital formation (% GDP),THA,Thailand,2008,28.2264349517752
investment,NE.GDI.TOTL.ZS,Gross capital formation (% GDP),THA,Thailand,2007,25.4960142904031
investment,NE.GDI.TOTL.ZS,Gross capital formation (% GDP),THA,Thailand,2006,27.0116433930542
investment,NE.GDI.TOTL.ZS,Gross capital formation (% GDP),THA,Thailand,2005,30.4207508630674
investment,NE.GDI.TOTL.ZS,Gross capital formation (% GDP),THA,Thailand,2004,25.6814147024811
investment,NE.GDI.TOTL.ZS,Gross capital formation (% GDP),THA,Thailand,2003,23.829298673817
investment,NE.GDI.TOTL.ZS,Gross capital formation (% GDP),THA,Thailand,2002,22.7441937694577
investment,NE.GDI.TOTL.ZS,Gross capital formation (% GDP),THA,Thailand,2001,23.1124372100211
investment,NE.GDI.TOTL.ZS,Gross capital formation (% GDP),THA,Thailand,2000,22.2826056940878
investment,NE.GDI.TOTL.ZS,Gross capital formation (% GDP),THA,Thailand,1999,20.1734050464464
investment,NE.GDI.TOTL.ZS,Gross capital formation (% GDP),THA,Thailand,1998,20.0714955249893
investment,NE.GDI.TOTL.ZS,Gross capital formation (% GDP),THA,Thailand,1997,34.2747292641036
investment,NE.GDI.TOTL.ZS,Gross capital formation (% GDP),THA,Thailand,1996,42.5326887141045
investment,NE.GDI.TOTL.ZS,Gross capital formation (% GDP),THA,Thailand,1995,42.8626944049408
investment,NE.GDI.TOTL.ZS,Gross capital formation (% GDP),THA,Thailand,1994,40.9077848466695
investment,NE.GDI.TOTL.ZS,Gross capital formation (% GDP),THA,Thailand,1993,39.6561466385326
investment,NE.GDI.TOTL.ZS,Gross capital formation (% GDP),THA,Thailand,1992,39.9639476511796
investment,NE.GDI.TOTL.ZS,Gross capital formation (% GDP),THA,Thailand,1991,42.8413775479448
investment,NE.GDI.TOTL.ZS,Gross capital formation (% GDP),THA,Thailand,1990,41.3537625860488
investment,NE.GDI.TOTL.ZS,Gross capital formation (% GDP),TUR,Turkiye,2024,30.7311559549208
investment,NE.GDI.TOTL.ZS,Gross capital formation (% GDP),TUR,Turkiye,2023,34.5882765114043
investment,NE.GDI.TOTL.ZS,Gross capital formation (% GDP),TUR,Turkiye,2022,38.602139717568
investment,NE.GDI.TOTL.ZS,Gross capital formation (% GDP),TUR,Turkiye,2021,34.3761444701623
investment,NE.GDI.TOTL.ZS,Gross capital formation (% GDP),TUR,Turkiye,2020,34.1540560799477
investment,NE.GDI.TOTL.ZS,Gross capital formation (% GDP),TUR,Turkiye,2019,27.5058303832163
investment,NE.GDI.TOTL.ZS,Gross capital formation (% GDP),TUR,Turkiye,2018,31.3408009091416
investment,NE.GDI.TOTL.ZS,Gross capital formation (% GDP),TUR,Turkiye,2017,32.7946921972451
investment,NE.GDI.TOTL.ZS,Gross capital formation (% GDP),TUR,Turkiye,2016,29.8288300175216
investment,NE.GDI.TOTL.ZS,Gross capital formation (% GDP),TUR,Turkiye,2015,30.062899150791
investment,NE.GDI.TOTL.ZS,Gross capital formation (% GDP),TUR,Turkiye,2014,30.2115390664919
investment,NE.GDI.TOTL.ZS,Gross capital formation (% GDP),TUR,Turkiye,2013,31.3649431990856
investment,NE.GDI.TOTL.ZS,Gross capital formation (% GDP),TUR,Turkiye,2012,29.421538205313
investment,NE.GDI.TOTL.ZS,Gross capital formation (% GDP),TUR,Turkiye,2011,31.958286232969
investment,NE.GDI.TOTL.ZS,Gross capital formation (% GDP),TUR,Turkiye,2010,28.4520777825517
investment,NE.GDI.TOTL.ZS,Gross capital formation (% GDP),TUR,Turkiye,2009,23.6948756749495
investment,NE.GDI.TOTL.ZS,Gross capital formation (% GDP),TUR,Turkiye,2008,29.7262007474574
investment,NE.GDI.TOTL.ZS,Gross capital formation (% GDP),TUR,Turkiye,2007,29.5493413273707
investment,NE.GDI.TOTL.ZS,Gross capital formation (% GDP),TUR,Turkiye,2006,30.1577149171837
investment,NE.GDI.TOTL.ZS,Gross capital formation (% GDP),TUR,Turkiye,2005,27.5674708715615
investment,NE.GDI.TOTL.ZS,Gross capital formation (% GDP),TUR,Turkiye,2004,25.167773403717
investment,NE.GDI.TOTL.ZS,Gross capital formation (% GDP),TUR,Turkiye,2003,22.8567811256469
investment,NE.GDI.TOTL.ZS,Gross capital formation (% GDP),TUR,Turkiye,2002,21.525989356389
investment,NE.GDI.TOTL.ZS,Gross capital formation (% GDP),TUR,Turkiye,2001,19.6143621979648
investment,NE.GDI.TOTL.ZS,Gross capital formation (% GDP),TUR,Turkiye,2000,24.011318241332
investment,NE.GDI.TOTL.ZS,Gross capital formation (% GDP),TUR,Turkiye,1999,21.5049637841958
investment,NE.GDI.TOTL.ZS,Gross capital formation (% GDP),TUR,Turkiye,1998,25.2997631419224
investment,NE.GDI.TOTL.ZS,Gross capital formation (% GDP),TUR,Turkiye,1997,27.0279861254657
investment,NE.GDI.TOTL.ZS,Gross capital formation (% GDP),TUR,Turkiye,1996,29.0861159032907
investment,NE.GDI.TOTL.ZS,Gross capital formation (% GDP),TUR,Turkiye,1995,27.4023252690356
investment,NE.GDI.TOTL.ZS,Gross capital formation (% GDP),TUR,Turkiye,1994,21.3205329264016
investment,NE.GDI.TOTL.ZS,Gross capital formation (% GDP),TUR,Turkiye,1993,26.6156090890252
investment,NE.GDI.TOTL.ZS,Gross capital formation (% GDP),TUR,Turkiye,1992,23.3622714401738
investment,NE.GDI.TOTL.ZS,Gross capital formation (% GDP),TUR,Turkiye,1991,22.7120396231239
investment,NE.GDI.TOTL.ZS,Gross capital formation (% GDP),TUR,Turkiye,1990,24.5492675167824
investment,NE.GDI.TOTL.ZS,Gross capital formation (% GDP),UKR,Ukraine,2024,19.2236716130871
investment,NE.GDI.TOTL.ZS,Gross capital formation (% GDP),UKR,Ukraine,2023,18.0705046393604
investment,NE.GDI.TOTL.ZS,Gross capital formation (% GDP),UKR,Ukraine,2022,12.1132886209386
investment,NE.GDI.TOTL.ZS,Gross capital formation (% GDP),UKR,Ukraine,2021,14.4674526848937
investment,NE.GDI.TOTL.ZS,Gross capital formation (% GDP),UKR,Ukraine,2020,8.93229932738453
investment,NE.GDI.TOTL.ZS,Gross capital formation (% GDP),UKR,Ukraine,2019,14.8903574828309
investment,NE.GDI.TOTL.ZS,Gross capital formation (% GDP),UKR,Ukraine,2018,18.5883388544006
investment,NE.GDI.TOTL.ZS,Gross capital formation (% GDP),UKR,Ukraine,2017,19.9647326419625
investment,NE.GDI.TOTL.ZS,Gross capital formation (% GDP),UKR,Ukraine,2016,21.7241623615989
investment,NE.GDI.TOTL.ZS,Gross capital formation (% GDP),UKR,Ukraine,2015,15.9333160342442
investment,NE.GDI.TOTL.ZS,Gross capital formation (% GDP),UKR,Ukraine,2014,13.3964957165318
investment,NE.GDI.TOTL.ZS,Gross capital formation (% GDP),UKR,Ukraine,2013,16.4257610216877
investment,NE.GDI.TOTL.ZS,Gross capital formation (% GDP),UKR,Ukraine,2012,19.6146792260413
investment,NE.GDI.TOTL.ZS,Gross capital formation (% GDP),UKR,Ukraine,2011,20.4440036822421
investment,NE.GDI.TOTL.ZS,Gross capital formation (% GDP),UKR,Ukraine,2010,18.3723680042121
investment,NE.GDI.TOTL.ZS,Gross capital formation (% GDP),UKR,Ukraine,2009,17.0684087928518
investment,NE.GDI.TOTL.ZS,Gross capital formation (% GDP),UKR,Ukraine,2008,27.3925913814733
investment,NE.GDI.TOTL.ZS,Gross capital formation (% GDP),UKR,Ukraine,2007,27.781165374794
investment,NE.GDI.TOTL.ZS,Gross capital formation (% GDP),UKR,Ukraine,2006,24.5427579298359
investment,NE.GDI.TOTL.ZS,Gross capital formation (% GDP),UKR,Ukraine,2005,22.5065325534357
investment,NE.GDI.TOTL.ZS,Gross capital formation (% GDP),UKR,Ukraine,2004,21.0958651242924
investment,NE.GDI.TOTL.ZS,Gross capital formation (% GDP),UKR,Ukraine,2003,21.9426366930468
investment,NE.GDI.TOTL.ZS,Gross capital formation (% GDP),UKR,Ukraine,2002,20.1906567921482
investment,NE.GDI.TOTL.ZS,Gross capital formation (% GDP),UKR,Ukraine,2001,21.8131881141234
investment,NE.GDI.TOTL.ZS,Gross capital formation (% GDP),UKR,Ukraine,2000,19.8037790697674
investment,NE.GDI.TOTL.ZS,Gross capital formation (% GDP),UKR,Ukraine,1999,17.5129546465096
investment,NE.GDI.TOTL.ZS,Gross capital formation (% GDP),UKR,Ukraine,1998,20.8172104334604
investment,NE.GDI.TOTL.ZS,Gross capital formation (% GDP),UKR,Ukraine,1997,21.4459381995394
investment,NE.GDI.TOTL.ZS,Gross capital formation (% GDP),UKR,Ukraine,1996,22.6707881598155
investment,NE.GDI.TOTL.ZS,Gross capital formation (% GDP),UKR,Ukraine,1995,26.6832084718696
investment,NE.GDI.TOTL.ZS,Gross capital formation (% GDP),UKR,Ukraine,1994,35.3314464818416
investment,NE.GDI.TOTL.ZS,Gross capital formation (% GDP),UKR,Ukraine,1993,36.2925144834191
investment,NE.GDI.TOTL.ZS,Gross capital formation (% GDP),UKR,Ukraine,1992,34.4506258692629
investment,NE.GDI.TOTL.ZS,Gross capital formation (% GDP),UKR,Ukraine,1991,26.3879598662207
investment,NE.GDI.TOTL.ZS,Gross capital formation (% GDP),UMC,Upper middle income,2024,33.722069345502
investment,NE.GDI.TOTL.ZS,Gross capital formation (% GDP),UMC,Upper middle income,2023,34.2103646160472
investment,NE.GDI.TOTL.ZS,Gross capital formation (% GDP),UMC,Upper middle income,2022,35.6261851329301
investment,NE.GDI.TOTL.ZS,Gross capital formation (% GDP),UMC,Upper middle income,2021,36.2405404942584
investment,NE.GDI.TOTL.ZS,Gross capital formation (% GDP),UMC,Upper middle income,2020,35.3989948188907
investment,NE.GDI.TOTL.ZS,Gross capital formation (% GDP),UMC,Upper middle income,2019,34.8346819475488
investment,NE.GDI.TOTL.ZS,Gross capital formation (% GDP),UMC,Upper middle income,2018,35.3248038641793
investment,NE.GDI.TOTL.ZS,Gross capital formation (% GDP),UMC,Upper middle income,2017,34.275324793113
investment,NE.GDI.TOTL.ZS,Gross capital formation (% GDP),UMC,Upper middle income,2016,34.0581240415465
investment,NE.GDI.TOTL.ZS,Gross capital formation (% GDP),UMC,Upper middle income,2015,34.4267856326681
investment,NE.GDI.TOTL.ZS,Gross capital formation (% GDP),UMC,Upper middle income,2014,35.1181695042548
investment,NE.GDI.TOTL.ZS,Gross capital formation (% GDP),UMC,Upper middle income,2013,35.0975302946263
investment,NE.GDI.TOTL.ZS,Gross capital formation (% GDP),UMC,Upper middle income,2012,34.5106698001545
investment,NE.GDI.TOTL.ZS,Gross capital formation (% GDP),UMC,Upper middle income,2011,34.2745131436916
investment,NE.GDI.TOTL.ZS,Gross capital formation (% GDP),UMC,Upper middle income,2010,33.7418076714054
investment,NE.GDI.TOTL.ZS,Gross capital formation (% GDP),UMC,Upper middle income,2009,32.4407631550813
investment,NE.GDI.TOTL.ZS,Gross capital formation (% GDP),UMC,Upper middle income,2008,31.7072395774348
investment,NE.GDI.TOTL.ZS,Gross capital formation (% GDP),UMC,Upper middle income,2007,29.8958655511892
investment,NE.GDI.TOTL.ZS,Gross capital formation (% GDP),UMC,Upper middle income,2006,28.9264634176816
investment,NE.GDI.TOTL.ZS,Gross capital formation (% GDP),UMC,Upper middle income,2005,28.4936657861451
investment,NE.GDI.TOTL.ZS,Gross capital formation (% GDP),UMC,Upper middle income,2004,29.0883794116431
investment,NE.GDI.TOTL.ZS,Gross capital formation (% GDP),UMC,Upper middle income,2003,27.5340875692762
investment,NE.GDI.TOTL.ZS,Gross capital formation (% GDP),UMC,Upper middle income,2002,25.8684846022803
investment,NE.GDI.TOTL.ZS,Gross capital formation (% GDP),UMC,Upper middle income,2001,25.1328185065998
investment,NE.GDI.TOTL.ZS,Gross capital formation (% GDP),UMC,Upper middle income,2000,24.530068169516
investment,NE.GDI.TOTL.ZS,Gross capital formation (% GDP),UMC,Upper middle income,1999,23.9990999992259
investment,NE.GDI.TOTL.ZS,Gross capital formation (% GDP),UMC,Upper middle income,1998,24.78529455816
investment,NE.GDI.TOTL.ZS,Gross capital formation (% GDP),UMC,Upper middle income,1997,25.6049527294763
investment,NE.GDI.TOTL.ZS,Gross capital formation (% GDP),UMC,Upper middle income,1996,26.6398631800118
investment,NE.GDI.TOTL.ZS,Gross capital formation (% GDP),UMC,Upper middle income,1995,26.4078957381523
investment,NE.GDI.TOTL.ZS,Gross capital formation (% GDP),UMC,Upper middle income,1994,27.3980463910699
investment,NE.GDI.TOTL.ZS,Gross capital formation (% GDP),UMC,Upper middle income,1993,27.2163076337366
investment,NE.GDI.TOTL.ZS,Gross capital formation (% GDP),UMC,Upper middle income,1992,26.657887729437
investment,NE.GDI.TOTL.ZS,Gross capital formation (% GDP),UMC,Upper middle income,1991,26.0436521095821
investment,NE.GDI.TOTL.ZS,Gross capital formation (% GDP),UMC,Upper middle income,1990,27.053969609831
investment,NE.GDI.TOTL.ZS,Gross capital formation (% GDP),URY,Uruguay,2024,15.9230113680645
investment,NE.GDI.TOTL.ZS,Gross capital formation (% GDP),URY,Uruguay,2023,17.6566283807228
investment,NE.GDI.TOTL.ZS,Gross capital formation (% GDP),URY,Uruguay,2022,18.6148403942578
investment,NE.GDI.TOTL.ZS,Gross capital formation (% GDP),URY,Uruguay,2021,18.1967019774225
investment,NE.GDI.TOTL.ZS,Gross capital formation (% GDP),URY,Uruguay,2020,16.2336557099158
investment,NE.GDI.TOTL.ZS,Gross capital formation (% GDP),URY,Uruguay,2019,14.1208113485001
investment,NE.GDI.TOTL.ZS,Gross capital formation (% GDP),URY,Uruguay,2018,14.8534139816678
investment,NE.GDI.TOTL.ZS,Gross capital formation (% GDP),URY,Uruguay,2017,15.9240093229089
investment,NE.GDI.TOTL.ZS,Gross capital formation (% GDP),URY,Uruguay,2016,17.3891865703063
investment,NE.GDI.TOTL.ZS,Gross capital formation (% GDP),URY,Uruguay,2015,19.7053903958941
investment,NE.GDI.TOTL.ZS,Gross capital formation (% GDP),URY,Uruguay,2014,21.2028122395297
investment,NE.GDI.TOTL.ZS,Gross capital formation (% GDP),URY,Uruguay,2013,22.4844120119644
investment,NE.GDI.TOTL.ZS,Gross capital formation (% GDP),URY,Uruguay,2012,22.9153797295437
investment,NE.GDI.TOTL.ZS,Gross capital formation (% GDP),URY,Uruguay,2011,20.8823110125109
investment,NE.GDI.TOTL.ZS,Gross capital formation (% GDP),URY,Uruguay,2010,19.4076054759968
investment,NE.GDI.TOTL.ZS,Gross capital formation (% GDP),URY,Uruguay,2009,19.6247745177406
investment,NE.GDI.TOTL.ZS,Gross capital formation (% GDP),URY,Uruguay,2008,23.2080945884283
investment,NE.GDI.TOTL.ZS,Gross capital formation (% GDP),URY,Uruguay,2007,19.5260552843706
investment,NE.GDI.TOTL.ZS,Gross capital formation (% GDP),URY,Uruguay,2006,19.4605734296218
investment,NE.GDI.TOTL.ZS,Gross capital formation (% GDP),URY,Uruguay,2005,17.6988581639875
investment,NE.GDI.TOTL.ZS,Gross capital formation (% GDP),URY,Uruguay,2004,17.468462801397
investment,NE.GDI.TOTL.ZS,Gross capital formation (% GDP),URY,Uruguay,2003,15.2063088501279
investment,NE.GDI.TOTL.ZS,Gross capital formation (% GDP),URY,Uruguay,2002,13.0729059521491
investment,NE.GDI.TOTL.ZS,Gross capital formation (% GDP),URY,Uruguay,2001,14.3279397868346
investment,NE.GDI.TOTL.ZS,Gross capital formation (% GDP),URY,Uruguay,2000,14.4570209010912
investment,NE.GDI.TOTL.ZS,Gross capital formation (% GDP),URY,Uruguay,1999,15.0753309600382
investment,NE.GDI.TOTL.ZS,Gross capital formation (% GDP),URY,Uruguay,1998,17.3375780810385
investment,NE.GDI.TOTL.ZS,Gross capital formation (% GDP),URY,Uruguay,1997,16.8452933890758
investment,NE.GDI.TOTL.ZS,Gross capital formation (% GDP),URY,Uruguay,1996,15.2402122742298
investment,NE.GDI.TOTL.ZS,Gross capital formation (% GDP),URY,Uruguay,1995,15.4077114197278
investment,NE.GDI.TOTL.ZS,Gross capital formation (% GDP),URY,Uruguay,1994,15.8716341305374
investment,NE.GDI.TOTL.ZS,Gross capital formation (% GDP),URY,Uruguay,1993,15.6412955091165
investment,NE.GDI.TOTL.ZS,Gross capital formation (% GDP),URY,Uruguay,1992,15.3848955969299
investment,NE.GDI.TOTL.ZS,Gross capital formation (% GDP),URY,Uruguay,1991,15.1253447103372
investment,NE.GDI.TOTL.ZS,Gross capital formation (% GDP),URY,Uruguay,1990,12.2008510128042
investment,NE.GDI.TOTL.ZS,Gross capital formation (% GDP),ZAF,South Africa,2024,14.0695508769888
investment,NE.GDI.TOTL.ZS,Gross capital formation (% GDP),ZAF,South Africa,2023,15.3913174995668
investment,NE.GDI.TOTL.ZS,Gross capital formation (% GDP),ZAF,South Africa,2022,15.6721092997041
investment,NE.GDI.TOTL.ZS,Gross capital formation (% GDP),ZAF,South Africa,2021,12.8355522251838
investment,NE.GDI.TOTL.ZS,Gross capital formation (% GDP),ZAF,South Africa,2020,12.3455441478462
investment,NE.GDI.TOTL.ZS,Gross capital formation (% GDP),ZAF,South Africa,2019,15.8207933783179
investment,NE.GDI.TOTL.ZS,Gross capital formation (% GDP),ZAF,South Africa,2018,16.1705829786619
investment,NE.GDI.TOTL.ZS,Gross capital formation (% GDP),ZAF,South Africa,2017,16.6107340612402
investment,NE.GDI.TOTL.ZS,Gross capital formation (% GDP),ZAF,South Africa,2016,16.9604522948246
investment,NE.GDI.TOTL.ZS,Gross capital formation (% GDP),ZAF,South Africa,2015,18.6332066638376
investment,NE.GDI.TOTL.ZS,Gross capital formation (% GDP),ZAF,South Africa,2014,18.4879638168327
investment,NE.GDI.TOTL.ZS,Gross capital formation (% GDP),ZAF,South Africa,2013,19.1687625943111
investment,NE.GDI.TOTL.ZS,Gross capital formation (% GDP),ZAF,South Africa,2012,18.5845354435045
investment,NE.GDI.TOTL.ZS,Gross capital formation (% GDP),ZAF,South Africa,2011,18.8532376550132
investment,NE.GDI.TOTL.ZS,Gross capital formation (% GDP),ZAF,South Africa,2010,17.5956446037105
investment,NE.GDI.TOTL.ZS,Gross capital formation (% GDP),ZAF,South Africa,2009,18.7669441984248
investment,NE.GDI.TOTL.ZS,Gross capital formation (% GDP),ZAF,South Africa,2008,21.2872491181391
investment,NE.GDI.TOTL.ZS,Gross capital formation (% GDP),ZAF,South Africa,2007,19.3259650755187
investment,NE.GDI.TOTL.ZS,Gross capital formation (% GDP),ZAF,South Africa,2006,18.4902026867601
investment,NE.GDI.TOTL.ZS,Gross capital formation (% GDP),ZAF,South Africa,2005,16.8318153447643
investment,NE.GDI.TOTL.ZS,Gross capital formation (% GDP),ZAF,South Africa,2004,16.9603513170499
investment,NE.GDI.TOTL.ZS,Gross capital formation (% GDP),ZAF,South Africa,2003,15.6571145272722
investment,NE.GDI.TOTL.ZS,Gross capital formation (% GDP),ZAF,South Africa,2002,15.036119660525
investment,NE.GDI.TOTL.ZS,Gross capital formation (% GDP),ZAF,South Africa,2001,14.5737803066035
investment,NE.GDI.TOTL.ZS,Gross capital formation (% GDP),ZAF,South Africa,2000,15.0602810875446
investment,NE.GDI.TOTL.ZS,Gross capital formation (% GDP),ZAF,South Africa,1999,15.6550464913797
investment,NE.GDI.TOTL.ZS,Gross capital formation (% GDP),ZAF,South Africa,1998,16.4278913701127
investment,NE.GDI.TOTL.ZS,Gross capital formation (% GDP),ZAF,South Africa,1997,16.2941004369842
investment,NE.GDI.TOTL.ZS,Gross capital formation (% GDP),ZAF,South Africa,1996,16.5683988950434
investment,NE.GDI.TOTL.ZS,Gross capital formation (% GDP),ZAF,South Africa,1995,17.7000132325077
investment,NE.GDI.TOTL.ZS,Gross capital formation (% GDP),ZAF,South Africa,1994,16.4704957860317
investment,NE.GDI.TOTL.ZS,Gross capital formation (% GDP),ZAF,South Africa,1993,14.161207817224
investment,NE.GDI.TOTL.ZS,Gross capital formation (% GDP),ZAF,South Africa,1992,15.7145549853145
investment,NE.GDI.TOTL.ZS,Gross capital formation (% GDP),ZAF,South Africa,1991,17.8354850806236
investment,NE.GDI.TOTL.ZS,Gross capital formation (% GDP),ZAF,South Africa,1990,18.2312412035802
trade,NE.TRD.GNFS.ZS,Trade (% GDP),ARG,Argentina,2024,27.929760849367
trade,NE.TRD.GNFS.ZS,Trade (% GDP),ARG,Argentina,2023,26.6769512482215
trade,NE.TRD.GNFS.ZS,Trade (% GDP),ARG,Argentina,2022,31.5801792606256
trade,NE.TRD.GNFS.ZS,Trade (% GDP),ARG,Argentina,2021,33.078689567466
trade,NE.TRD.GNFS.ZS,Trade (% GDP),ARG,Argentina,2020,30.203698807416
trade,NE.TRD.GNFS.ZS,Trade (% GDP),ARG,Argentina,2019,32.6306150458499
trade,NE.TRD.GNFS.ZS,Trade (% GDP),ARG,Argentina,2018,30.7625359549926
trade,NE.TRD.GNFS.ZS,Trade (% GDP),ARG,Argentina,2017,25.2896011376779
trade,NE.TRD.GNFS.ZS,Trade (% GDP),ARG,Argentina,2016,26.0938878488799
trade,NE.TRD.GNFS.ZS,Trade (% GDP),ARG,Argentina,2015,22.4862260889792
trade,NE.TRD.GNFS.ZS,Trade (% GDP),ARG,Argentina,2014,28.4067936452275
trade,NE.TRD.GNFS.ZS,Trade (% GDP),ARG,Argentina,2013,29.3339290021037
trade,NE.TRD.GNFS.ZS,Trade (% GDP),ARG,Argentina,2012,30.5265423717108
trade,NE.TRD.GNFS.ZS,Trade (% GDP),ARG,Argentina,2011,35.2061549999644
trade,NE.TRD.GNFS.ZS,Trade (% GDP),ARG,Argentina,2010,34.9710132635696
trade,NE.TRD.GNFS.ZS,Trade (% GDP),ARG,Argentina,2009,34.0571269054879
trade,NE.TRD.GNFS.ZS,Trade (% GDP),ARG,Argentina,2008,40.4026733790382
trade,NE.TRD.GNFS.ZS,Trade (% GDP),ARG,Argentina,2007,40.945170618571
trade,NE.TRD.GNFS.ZS,Trade (% GDP),ARG,Argentina,2006,40.4334798719151
trade,NE.TRD.GNFS.ZS,Trade (% GDP),ARG,Argentina,2005,40.5512709706238
trade,NE.TRD.GNFS.ZS,Trade (% GDP),ARG,Argentina,2004,40.692646108947
trade,NE.TRD.GNFS.ZS,Trade (% GDP),ARG,Argentina,2003,40.6447480311085
trade,NE.TRD.GNFS.ZS,Trade (% GDP),ARG,Argentina,2002,41.7527243585642
trade,NE.TRD.GNFS.ZS,Trade (% GDP),ARG,Argentina,2001,21.8522554515453
trade,NE.TRD.GNFS.ZS,Trade (% GDP),ARG,Argentina,2000,22.6224447777343
trade,NE.TRD.GNFS.ZS,Trade (% GDP),ARG,Argentina,1999,21.3827449624898
trade,NE.TRD.GNFS.ZS,Trade (% GDP),ARG,Argentina,1998,23.3500279730689
trade,NE.TRD.GNFS.ZS,Trade (% GDP),ARG,Argentina,1997,23.3361788437439
trade,NE.TRD.GNFS.ZS,Trade (% GDP),ARG,Argentina,1996,21.5064684057215
trade,NE.TRD.GNFS.ZS,Trade (% GDP),ARG,Argentina,1995,19.7714230903755
trade,NE.TRD.GNFS.ZS,Trade (% GDP),ARG,Argentina,1994,18.1343458669981
trade,NE.TRD.GNFS.ZS,Trade (% GDP),ARG,Argentina,1993,16.223151447784
trade,NE.TRD.GNFS.ZS,Trade (% GDP),ARG,Argentina,1992,14.730980586353
trade,NE.TRD.GNFS.ZS,Trade (% GDP),ARG,Argentina,1991,13.7530541588891
trade,NE.TRD.GNFS.ZS,Trade (% GDP),ARG,Argentina,1990,14.9908589999441
trade,NE.TRD.GNFS.ZS,Trade (% GDP),BGR,Bulgaria,2024,110.226317731322
trade,NE.TRD.GNFS.ZS,Trade (% GDP),BGR,Bulgaria,2023,119.899505851916
trade,NE.TRD.GNFS.ZS,Trade (% GDP),BGR,Bulgaria,2022,138.844872770267
trade,NE.TRD.GNFS.ZS,Trade (% GDP),BGR,Bulgaria,2021,121.214091012604
trade,NE.TRD.GNFS.ZS,Trade (% GDP),BGR,Bulgaria,2020,110.423903082333
trade,NE.TRD.GNFS.ZS,Trade (% GDP),BGR,Bulgaria,2019,125.260415075086
trade,NE.TRD.GNFS.ZS,Trade (% GDP),BGR,Bulgaria,2018,129.166502231244
trade,NE.TRD.GNFS.ZS,Trade (% GDP),BGR,Bulgaria,2017,129.634433774038
trade,NE.TRD.GNFS.ZS,Trade (% GDP),BGR,Bulgaria,2016,122.805519071127
trade,NE.TRD.GNFS.ZS,Trade (% GDP),BGR,Bulgaria,2015,126.736652288689
trade,NE.TRD.GNFS.ZS,Trade (% GDP),BGR,Bulgaria,2014,130.248372124871
trade,NE.TRD.GNFS.ZS,Trade (% GDP),BGR,Bulgaria,2013,129.688685003845
trade,NE.TRD.GNFS.ZS,Trade (% GDP),BGR,Bulgaria,2012,123.97132336227
trade,NE.TRD.GNFS.ZS,Trade (% GDP),BGR,Bulgaria,2011,117.418101416931
trade,NE.TRD.GNFS.ZS,Trade (% GDP),BGR,Bulgaria,2010,103.380518426721
trade,NE.TRD.GNFS.ZS,Trade (% GDP),BGR,Bulgaria,2009,92.6926410550003
trade,NE.TRD.GNFS.ZS,Trade (% GDP),BGR,Bulgaria,2008,124.68876138203
trade,NE.TRD.GNFS.ZS,Trade (% GDP),BGR,Bulgaria,2007,123.532578691039
trade,NE.TRD.GNFS.ZS,Trade (% GDP),BGR,Bulgaria,2006,111.047459756649
trade,NE.TRD.GNFS.ZS,Trade (% GDP),BGR,Bulgaria,2005,99.714224874021
trade,NE.TRD.GNFS.ZS,Trade (% GDP),BGR,Bulgaria,2004,93.0639046910296
trade,NE.TRD.GNFS.ZS,Trade (% GDP),BGR,Bulgaria,2003,79.0138894271643
trade,NE.TRD.GNFS.ZS,Trade (% GDP),BGR,Bulgaria,2002,75.269621415721
trade,NE.TRD.GNFS.ZS,Trade (% GDP),BGR,Bulgaria,2001,79.0813824014922
trade,NE.TRD.GNFS.ZS,Trade (% GDP),BGR,Bulgaria,2000,77.7456854212701
trade,NE.TRD.GNFS.ZS,Trade (% GDP),BGR,Bulgaria,1999,90.0749813655593
trade,NE.TRD.GNFS.ZS,Trade (% GDP),BGR,Bulgaria,1998,77.0452015666429
trade,NE.TRD.GNFS.ZS,Trade (% GDP),BGR,Bulgaria,1997,86.4637363337509
trade,NE.TRD.GNFS.ZS,Trade (% GDP),BGR,Bulgaria,1996,85.8207260168869
trade,NE.TRD.GNFS.ZS,Trade (% GDP),BGR,Bulgaria,1995,55.2630086118475
trade,NE.TRD.GNFS.ZS,Trade (% GDP),BGR,Bulgaria,1994,90.7201149147257
trade,NE.TRD.GNFS.ZS,Trade (% GDP),BGR,Bulgaria,1993,84.0416969316241
trade,NE.TRD.GNFS.ZS,Trade (% GDP),BGR,Bulgaria,1992,100.050651652997
trade,NE.TRD.GNFS.ZS,Trade (% GDP),BGR,Bulgaria,1991,82.6820795918073
trade,NE.TRD.GNFS.ZS,Trade (% GDP),BGR,Bulgaria,1990,69.8453052958159
trade,NE.TRD.GNFS.ZS,Trade (% GDP),BRA,Brazil,2024,35.5845239386244
trade,NE.TRD.GNFS.ZS,Trade (% GDP),BRA,Brazil,2023,33.6662298301438
trade,NE.TRD.GNFS.ZS,Trade (% GDP),BRA,Brazil,2022,38.8160659763397
trade,NE.TRD.GNFS.ZS,Trade (% GDP),BRA,Brazil,2021,37.6563307598082
trade,NE.TRD.GNFS.ZS,Trade (% GDP),BRA,Brazil,2020,32.3020785437939
trade,NE.TRD.GNFS.ZS,Trade (% GDP),BRA,Brazil,2019,28.8902578698964
trade,NE.TRD.GNFS.ZS,Trade (% GDP),BRA,Brazil,2018,28.8762033763866
trade,NE.TRD.GNFS.ZS,Trade (% GDP),BRA,Brazil,2017,24.3197343743057
trade,NE.TRD.GNFS.ZS,Trade (% GDP),BRA,Brazil,2016,24.5336820777006
trade,NE.TRD.GNFS.ZS,Trade (% GDP),BRA,Brazil,2015,26.95362593736
trade,NE.TRD.GNFS.ZS,Trade (% GDP),BRA,Brazil,2014,24.6854058131291
trade,NE.TRD.GNFS.ZS,Trade (% GDP),BRA,Brazil,2013,25.7859573274674
trade,NE.TRD.GNFS.ZS,Trade (% GDP),BRA,Brazil,2012,25.1142736107398
trade,NE.TRD.GNFS.ZS,Trade (% GDP),BRA,Brazil,2011,23.9344051758721
trade,NE.TRD.GNFS.ZS,Trade (% GDP),BRA,Brazil,2010,22.772178113177
trade,NE.TRD.GNFS.ZS,Trade (% GDP),BRA,Brazil,2009,22.1059756060333
trade,NE.TRD.GNFS.ZS,Trade (% GDP),BRA,Brazil,2008,27.257569417356
trade,NE.TRD.GNFS.ZS,Trade (% GDP),BRA,Brazil,2007,25.2926113755394
trade,NE.TRD.GNFS.ZS,Trade (% GDP),BRA,Brazil,2006,26.04169989179
trade,NE.TRD.GNFS.ZS,Trade (% GDP),BRA,Brazil,2005,27.0867952043315
trade,NE.TRD.GNFS.ZS,Trade (% GDP),BRA,Brazil,2004,29.6782524787535
trade,NE.TRD.GNFS.ZS,Trade (% GDP),BRA,Brazil,2003,28.1403847231593
trade,NE.TRD.GNFS.ZS,Trade (% GDP),BRA,Brazil,2002,27.6183574022309
trade,NE.TRD.GNFS.ZS,Trade (% GDP),BRA,Brazil,2001,26.936285022064
trade,NE.TRD.GNFS.ZS,Trade (% GDP),BRA,Brazil,2000,22.6397613567941
trade,NE.TRD.GNFS.ZS,Trade (% GDP),BRA,Brazil,1999,20.9821664782285
trade,NE.TRD.GNFS.ZS,Trade (% GDP),BRA,Brazil,1998,16.4385849312059
trade,NE.TRD.GNFS.ZS,Trade (% GDP),BRA,Brazil,1997,16.5762092613247
trade,NE.TRD.GNFS.ZS,Trade (% GDP),BRA,Brazil,1996,15.6355914758682
trade,NE.TRD.GNFS.ZS,Trade (% GDP),BRA,Brazil,1995,16.9844599991956
trade,NE.TRD.GNFS.ZS,Trade (% GDP),BRA,Brazil,1994,18.6747597961023
trade,NE.TRD.GNFS.ZS,Trade (% GDP),BRA,Brazil,1993,19.5993205474635
trade,NE.TRD.GNFS.ZS,Trade (% GDP),BRA,Brazil,1992,19.2533747878959
trade,NE.TRD.GNFS.ZS,Trade (% GDP),BRA,Brazil,1991,16.5920777626646
trade,NE.TRD.GNFS.ZS,Trade (% GDP),BRA,Brazil,1990,15.1555990810218
trade,NE.TRD.GNFS.ZS,Trade (% GDP),CHL,Chile,2024,63.9577465302563
trade,NE.TRD.GNFS.ZS,Trade (% GDP),CHL,Chile,2023,60.6766444736157
trade,NE.TRD.GNFS.ZS,Trade (% GDP),CHL,Chile,2022,75.2334197533759
trade,NE.TRD.GNFS.ZS,Trade (% GDP),CHL,Chile,2021,64.8399924791736
trade,NE.TRD.GNFS.ZS,Trade (% GDP),CHL,Chile,2020,58.1687693933374
trade,NE.TRD.GNFS.ZS,Trade (% GDP),CHL,Chile,2019,57.6069157856537
trade,NE.TRD.GNFS.ZS,Trade (% GDP),CHL,Chile,2018,58.1770513035882
trade,NE.TRD.GNFS.ZS,Trade (% GDP),CHL,Chile,2017,56.0261586393213
trade,NE.TRD.GNFS.ZS,Trade (% GDP),CHL,Chile,2016,56.0578603070995
trade,NE.TRD.GNFS.ZS,Trade (% GDP),CHL,Chile,2015,59.3491105681231
trade,NE.TRD.GNFS.ZS,Trade (% GDP),CHL,Chile,2014,65.6346274347707
trade,NE.TRD.GNFS.ZS,Trade (% GDP),CHL,Chile,2013,65.1432877063737
trade,NE.TRD.GNFS.ZS,Trade (% GDP),CHL,Chile,2012,68.1561435339271
trade,NE.TRD.GNFS.ZS,Trade (% GDP),CHL,Chile,2011,72.481642209343
trade,NE.TRD.GNFS.ZS,Trade (% GDP),CHL,Chile,2010,69.7176802332624
trade,NE.TRD.GNFS.ZS,Trade (% GDP),CHL,Chile,2009,66.6860312494996
trade,NE.TRD.GNFS.ZS,Trade (% GDP),CHL,Chile,2008,80.676626653784
trade,NE.TRD.GNFS.ZS,Trade (% GDP),CHL,Chile,2007,76.9770240591423
trade,NE.TRD.GNFS.ZS,Trade (% GDP),CHL,Chile,2006,73.7116341203328
trade,NE.TRD.GNFS.ZS,Trade (% GDP),CHL,Chile,2005,72.062533372953
trade,NE.TRD.GNFS.ZS,Trade (% GDP),CHL,Chile,2004,69.8893603825954
trade,NE.TRD.GNFS.ZS,Trade (% GDP),CHL,Chile,2003,65.6934161956491
trade,NE.TRD.GNFS.ZS,Trade (% GDP),CHL,Chile,2002,62.4838547414591
trade,NE.TRD.GNFS.ZS,Trade (% GDP),CHL,Chile,2001,62.144766332768
trade,NE.TRD.GNFS.ZS,Trade (% GDP),CHL,Chile,2000,58.7119233335812
trade,NE.TRD.GNFS.ZS,Trade (% GDP),CHL,Chile,1999,54.6956096251975
trade,NE.TRD.GNFS.ZS,Trade (% GDP),CHL,Chile,1998,53.8361806045338
trade,NE.TRD.GNFS.ZS,Trade (% GDP),CHL,Chile,1997,54.099302009374
trade,NE.TRD.GNFS.ZS,Trade (% GDP),CHL,Chile,1996,53.9207522864456
trade,NE.TRD.GNFS.ZS,Trade (% GDP),CHL,Chile,1995,54.6874835998853
trade,NE.TRD.GNFS.ZS,Trade (% GDP),CHL,Chile,1994,52.8076839539658
trade,NE.TRD.GNFS.ZS,Trade (% GDP),CHL,Chile,1993,52.9138530560271
trade,NE.TRD.GNFS.ZS,Trade (% GDP),CHL,Chile,1992,55.5417477003547
trade,NE.TRD.GNFS.ZS,Trade (% GDP),CHL,Chile,1991,57.5075471638552
trade,NE.TRD.GNFS.ZS,Trade (% GDP),CHL,Chile,1990,61.2086377787818
trade,NE.TRD.GNFS.ZS,Trade (% GDP),CHN,China,2024,37.9560601372544
trade,NE.TRD.GNFS.ZS,Trade (% GDP),CHN,China,2023,36.7391496938394
trade,NE.TRD.GNFS.ZS,Trade (% GDP),CHN,China,2022,37.512555678171
trade,NE.TRD.GNFS.ZS,Trade (% GDP),CHN,China,2021,36.6428789643754
trade,NE.TRD.GNFS.ZS,Trade (% GDP),CHN,China,2020,34.337778473884
trade,NE.TRD.GNFS.ZS,Trade (% GDP),CHN,China,2019,35.4544350281407
trade,NE.TRD.GNFS.ZS,Trade (% GDP),CHN,China,2018,36.8943843914718
trade,NE.TRD.GNFS.ZS,Trade (% GDP),CHN,China,2017,36.95085261586
trade,NE.TRD.GNFS.ZS,Trade (% GDP),CHN,China,2016,36.177170692978
trade,NE.TRD.GNFS.ZS,Trade (% GDP),CHN,China,2015,38.6971848362625
trade,NE.TRD.GNFS.ZS,Trade (% GDP),CHN,China,2014,44.0684564812532
trade,NE.TRD.GNFS.ZS,Trade (% GDP),CHN,China,2013,45.9160413795571
trade,NE.TRD.GNFS.ZS,Trade (% GDP),CHN,China,2012,47.4802130784317
trade,NE.TRD.GNFS.ZS,Trade (% GDP),CHN,China,2011,49.9458272253643
trade,NE.TRD.GNFS.ZS,Trade (% GDP),CHN,China,2010,49.8540722338977
trade,NE.TRD.GNFS.ZS,Trade (% GDP),CHN,China,2009,44.4197644331119
trade,NE.TRD.GNFS.ZS,Trade (% GDP),CHN,China,2008,56.7111330003209
trade,NE.TRD.GNFS.ZS,Trade (% GDP),CHN,China,2007,61.2664640006176
trade,NE.TRD.GNFS.ZS,Trade (% GDP),CHN,China,2006,63.5695798621627
trade,NE.TRD.GNFS.ZS,Trade (% GDP),CHN,China,2005,61.3600749408237
trade,NE.TRD.GNFS.ZS,Trade (% GDP),CHN,China,2004,58.6403340408439
trade,NE.TRD.GNFS.ZS,Trade (% GDP),CHN,China,2003,51.0774801301803
trade,NE.TRD.GNFS.ZS,Trade (% GDP),CHN,China,2002,42.1944423387413
trade,NE.TRD.GNFS.ZS,Trade (% GDP),CHN,China,2001,38.0826469518334
trade,NE.TRD.GNFS.ZS,Trade (% GDP),CHN,China,2000,39.0109424774998
trade,NE.TRD.GNFS.ZS,Trade (% GDP),CHN,China,1999,33.2255380760054
trade,NE.TRD.GNFS.ZS,Trade (% GDP),CHN,China,1998,32.1717399357488
trade,NE.TRD.GNFS.ZS,Trade (% GDP),CHN,China,1997,34.3135763220021
trade,NE.TRD.GNFS.ZS,Trade (% GDP),CHN,China,1996,33.6287512313005
trade,NE.TRD.GNFS.ZS,Trade (% GDP),CHN,China,1995,34.1049521589323
trade,NE.TRD.GNFS.ZS,Trade (% GDP),CHN,China,1994,35.605463524878
trade,NE.TRD.GNFS.ZS,Trade (% GDP),CHN,China,1993,35.9086416582146
trade,NE.TRD.GNFS.ZS,Trade (% GDP),CHN,China,1992,30.0340940533808
trade,NE.TRD.GNFS.ZS,Trade (% GDP),CHN,China,1991,25.8729814947102
trade,NE.TRD.GNFS.ZS,Trade (% GDP),CHN,China,1990,24.2259824799678
trade,NE.TRD.GNFS.ZS,Trade (% GDP),COL,Colombia,2024,36.3179938785373
trade,NE.TRD.GNFS.ZS,Trade (% GDP),COL,Colombia,2023,40.1333165322581
trade,NE.TRD.GNFS.ZS,Trade (% GDP),COL,Colombia,2022,48.2826551123359
trade,NE.TRD.GNFS.ZS,Trade (% GDP),COL,Colombia,2021,40.0591463936128
trade,NE.TRD.GNFS.ZS,Trade (% GDP),COL,Colombia,2020,34.0555709680101
trade,NE.TRD.GNFS.ZS,Trade (% GDP),COL,Colombia,2019,37.558533980839
trade,NE.TRD.GNFS.ZS,Trade (% GDP),COL,Colombia,2018,36.5347527968973
trade,NE.TRD.GNFS.ZS,Trade (% GDP),COL,Colombia,2017,35.2829149424588
trade,NE.TRD.GNFS.ZS,Trade (% GDP),COL,Colombia,2016,36.202652984202
trade,NE.TRD.GNFS.ZS,Trade (% GDP),COL,Colombia,2015,38.3607641184453
trade,NE.TRD.GNFS.ZS,Trade (% GDP),COL,Colombia,2014,37.4874656411103
trade,NE.TRD.GNFS.ZS,Trade (% GDP),COL,Colombia,2013,37.9866487978457
trade,NE.TRD.GNFS.ZS,Trade (% GDP),COL,Colombia,2012,38.835151018669
trade,NE.TRD.GNFS.ZS,Trade (% GDP),COL,Colombia,2011,39.4704235545367
trade,NE.TRD.GNFS.ZS,Trade (% GDP),COL,Colombia,2010,34.2646031687681
trade,NE.TRD.GNFS.ZS,Trade (% GDP),COL,Colombia,2009,35.1561285074585
trade,NE.TRD.GNFS.ZS,Trade (% GDP),COL,Colombia,2008,39.1676494164355
trade,NE.TRD.GNFS.ZS,Trade (% GDP),COL,Colombia,2007,37.0988970982903
trade,NE.TRD.GNFS.ZS,Trade (% GDP),COL,Colombia,2006,39.6413559606293
trade,NE.TRD.GNFS.ZS,Trade (% GDP),COL,Colombia,2005,37.422697494955
trade,NE.TRD.GNFS.ZS,Trade (% GDP),COL,Colombia,2004,35.8634269337995
trade,NE.TRD.GNFS.ZS,Trade (% GDP),COL,Colombia,2003,36.51618351723
trade,NE.TRD.GNFS.ZS,Trade (% GDP),COL,Colombia,2002,32.9826392144234
trade,NE.TRD.GNFS.ZS,Trade (% GDP),COL,Colombia,2001,33.9011117949445
trade,NE.TRD.GNFS.ZS,Trade (% GDP),COL,Colombia,2000,32.6670854693067
trade,NE.TRD.GNFS.ZS,Trade (% GDP),COL,Colombia,1999,36.1492793141794
trade,NE.TRD.GNFS.ZS,Trade (% GDP),COL,Colombia,1998,35.9089230535138
trade,NE.TRD.GNFS.ZS,Trade (% GDP),COL,Colombia,1997,35.5970680886793
trade,NE.TRD.GNFS.ZS,Trade (% GDP),COL,Colombia,1996,36.0441071863282
trade,NE.TRD.GNFS.ZS,Trade (% GDP),COL,Colombia,1995,35.4972303177666
trade,NE.TRD.GNFS.ZS,Trade (% GDP),COL,Colombia,1994,35.917537450138
trade,NE.TRD.GNFS.ZS,Trade (% GDP),COL,Colombia,1993,36.1774714449627
trade,NE.TRD.GNFS.ZS,Trade (% GDP),COL,Colombia,1992,33.6115913436524
trade,NE.TRD.GNFS.ZS,Trade (% GDP),COL,Colombia,1991,33.5299180947153
trade,NE.TRD.GNFS.ZS,Trade (% GDP),COL,Colombia,1990,34.7778103803081
trade,NE.TRD.GNFS.ZS,Trade (% GDP),CZE,Czechia,2024,131.466608125579
trade,NE.TRD.GNFS.ZS,Trade (% GDP),CZE,Czechia,2023,131.892598295876
trade,NE.TRD.GNFS.ZS,Trade (% GDP),CZE,Czechia,2022,144.011494109397
trade,NE.TRD.GNFS.ZS,Trade (% GDP),CZE,Czechia,2021,137.378116302868
trade,NE.TRD.GNFS.ZS,Trade (% GDP),CZE,Czechia,2020,128.780430305965
trade,NE.TRD.GNFS.ZS,Trade (% GDP),CZE,Czechia,2019,138.154609993871
trade,NE.TRD.GNFS.ZS,Trade (% GDP),CZE,Czechia,2018,145.141717890789
trade,NE.TRD.GNFS.ZS,Trade (% GDP),CZE,Czechia,2017,147.750834854762
trade,NE.TRD.GNFS.ZS,Trade (% GDP),CZE,Czechia,2016,148.547004664435
trade,NE.TRD.GNFS.ZS,Trade (% GDP),CZE,Czechia,2015,154.018400997633
trade,NE.TRD.GNFS.ZS,Trade (% GDP),CZE,Czechia,2014,156.415122826886
trade,NE.TRD.GNFS.ZS,Trade (% GDP),CZE,Czechia,2013,145.502230624961
trade,NE.TRD.GNFS.ZS,Trade (% GDP),CZE,Czechia,2012,145.480195396935
trade,NE.TRD.GNFS.ZS,Trade (% GDP),CZE,Czechia,2011,136.750855542438
trade,NE.TRD.GNFS.ZS,Trade (% GDP),CZE,Czechia,2010,126.756480116798
trade,NE.TRD.GNFS.ZS,Trade (% GDP),CZE,Czechia,2009,113.049254784875
trade,NE.TRD.GNFS.ZS,Trade (% GDP),CZE,Czechia,2008,123.904809929948
trade,NE.TRD.GNFS.ZS,Trade (% GDP),CZE,Czechia,2007,129.876739504889
trade,NE.TRD.GNFS.ZS,Trade (% GDP),CZE,Czechia,2006,127.051015055016
trade,NE.TRD.GNFS.ZS,Trade (% GDP),CZE,Czechia,2005,121.191287316105
trade,NE.TRD.GNFS.ZS,Trade (% GDP),CZE,Czechia,2004,113.173975970415
trade,NE.TRD.GNFS.ZS,Trade (% GDP),CZE,Czechia,2003,94.6468600665608
trade,NE.TRD.GNFS.ZS,Trade (% GDP),CZE,Czechia,2002,90.8792715456582
trade,NE.TRD.GNFS.ZS,Trade (% GDP),CZE,Czechia,2001,98.5368737300189
trade,NE.TRD.GNFS.ZS,Trade (% GDP),CZE,Czechia,2000,97.4983956327874
trade,NE.TRD.GNFS.ZS,Trade (% GDP),CZE,Czechia,1999,85.4571236396114
trade,NE.TRD.GNFS.ZS,Trade (% GDP),CZE,Czechia,1998,83.9386523207327
trade,NE.TRD.GNFS.ZS,Trade (% GDP),CZE,Czechia,1997,84.1532306677233
trade,NE.TRD.GNFS.ZS,Trade (% GDP),CZE,Czechia,1996,80.59955795966
trade,NE.TRD.GNFS.ZS,Trade (% GDP),CZE,Czechia,1995,82.9009990725253
trade,NE.TRD.GNFS.ZS,Trade (% GDP),CZE,Czechia,1994,74.8030180799195
trade,NE.TRD.GNFS.ZS,Trade (% GDP),CZE,Czechia,1993,78.1977381830196
trade,NE.TRD.GNFS.ZS,Trade (% GDP),CZE,Czechia,1992,77.9611310848888
trade,NE.TRD.GNFS.ZS,Trade (% GDP),CZE,Czechia,1991,70.771227667197
trade,NE.TRD.GNFS.ZS,Trade (% GDP),CZE,Czechia,1990,63.0512785845125
trade,NE.TRD.GNFS.ZS,Trade (% GDP),ECU,Ecuador,2024,57.4436448205751
trade,NE.TRD.GNFS.ZS,Trade (% GDP),ECU,Ecuador,2023,57.1626938264309
trade,NE.TRD.GNFS.ZS,Trade (% GDP),ECU,Ecuador,2022,61.880792818786
trade,NE.TRD.GNFS.ZS,Trade (% GDP),ECU,Ecuador,2021,53.261275610573
trade,NE.TRD.GNFS.ZS,Trade (% GDP),ECU,Ecuador,2020,43.9893109378389
trade,NE.TRD.GNFS.ZS,Trade (% GDP),ECU,Ecuador,2019,48.0828494933307
trade,NE.TRD.GNFS.ZS,Trade (% GDP),ECU,Ecuador,2018,48.0093476154836
trade,NE.TRD.GNFS.ZS,Trade (% GDP),ECU,Ecuador,2017,43.6177233172817
trade,NE.TRD.GNFS.ZS,Trade (% GDP),ECU,Ecuador,2016,40.5344917996647
trade,NE.TRD.GNFS.ZS,Trade (% GDP),ECU,Ecuador,2015,47.8280397077826
trade,NE.TRD.GNFS.ZS,Trade (% GDP),ECU,Ecuador,2014,61.4263766217565
trade,NE.TRD.GNFS.ZS,Trade (% GDP),ECU,Ecuador,2013,63.4333003342414
trade,NE.TRD.GNFS.ZS,Trade (% GDP),ECU,Ecuador,2012,67.0029290916898
trade,NE.TRD.GNFS.ZS,Trade (% GDP),ECU,Ecuador,2011,70.0356837525249
trade,NE.TRD.GNFS.ZS,Trade (% GDP),ECU,Ecuador,2010,65.7773849135062
trade,NE.TRD.GNFS.ZS,Trade (% GDP),ECU,Ecuador,2009,57.3473460627608
trade,NE.TRD.GNFS.ZS,Trade (% GDP),ECU,Ecuador,2008,74.5902963648439
trade,NE.TRD.GNFS.ZS,Trade (% GDP),ECU,Ecuador,2007,68.8505854462677
trade,NE.TRD.GNFS.ZS,Trade (% GDP),ECU,Ecuador,2006,65.8423556166562
trade,NE.TRD.GNFS.ZS,Trade (% GDP),ECU,Ecuador,2005,61.9581507902572
trade,NE.TRD.GNFS.ZS,Trade (% GDP),ECU,Ecuador,2004,56.0745467239942
trade,NE.TRD.GNFS.ZS,Trade (% GDP),ECU,Ecuador,2003,52.3575426975979
trade,NE.TRD.GNFS.ZS,Trade (% GDP),ECU,Ecuador,2002,54.7966439366136
trade,NE.TRD.GNFS.ZS,Trade (% GDP),ECU,Ecuador,2001,56.128486744205
trade,NE.TRD.GNFS.ZS,Trade (% GDP),ECU,Ecuador,2000,65.4042953826391
trade,NE.TRD.GNFS.ZS,Trade (% GDP),ECU,Ecuador,1999,49.2012507989376
trade,NE.TRD.GNFS.ZS,Trade (% GDP),ECU,Ecuador,1998,43.395107949805
trade,NE.TRD.GNFS.ZS,Trade (% GDP),ECU,Ecuador,1997,45.0171863180765
trade,NE.TRD.GNFS.ZS,Trade (% GDP),ECU,Ecuador,1996,44.2157026832153
trade,NE.TRD.GNFS.ZS,Trade (% GDP),ECU,Ecuador,1995,45.9112707318244
trade,NE.TRD.GNFS.ZS,Trade (% GDP),ECU,Ecuador,1994,43.7777474951998
trade,NE.TRD.GNFS.ZS,Trade (% GDP),ECU,Ecuador,1993,43.1712184234683
trade,NE.TRD.GNFS.ZS,Trade (% GDP),ECU,Ecuador,1992,44.8065436522069
trade,NE.TRD.GNFS.ZS,Trade (% GDP),ECU,Ecuador,1991,45.196639984556
trade,NE.TRD.GNFS.ZS,Trade (% GDP),ECU,Ecuador,1990,44.5949122940278
trade,NE.TRD.GNFS.ZS,Trade (% GDP),HUN,Hungary,2024,147.926666538068
trade,NE.TRD.GNFS.ZS,Trade (% GDP),HUN,Hungary,2023,158.618825607913
trade,NE.TRD.GNFS.ZS,Trade (% GDP),HUN,Hungary,2022,184.969952581351
trade,NE.TRD.GNFS.ZS,Trade (% GDP),HUN,Hungary,2021,159.187527332834
trade,NE.TRD.GNFS.ZS,Trade (% GDP),HUN,Hungary,2020,154.527002936377
trade,NE.TRD.GNFS.ZS,Trade (% GDP),HUN,Hungary,2019,159.925556464831
trade,NE.TRD.GNFS.ZS,Trade (% GDP),HUN,Hungary,2018,162.700858777925
trade,NE.TRD.GNFS.ZS,Trade (% GDP),HUN,Hungary,2017,165.032855840268
trade,NE.TRD.GNFS.ZS,Trade (% GDP),HUN,Hungary,2016,163.97194450015
trade,NE.TRD.GNFS.ZS,Trade (% GDP),HUN,Hungary,2015,167.290738494524
trade,NE.TRD.GNFS.ZS,Trade (% GDP),HUN,Hungary,2014,168.358355086413
trade,NE.TRD.GNFS.ZS,Trade (% GDP),HUN,Hungary,2013,164.476024791467
trade,NE.TRD.GNFS.ZS,Trade (% GDP),HUN,Hungary,2012,166.17569860957
trade,NE.TRD.GNFS.ZS,Trade (% GDP),HUN,Hungary,2011,166.754347209897
trade,NE.TRD.GNFS.ZS,Trade (% GDP),HUN,Hungary,2010,157.838960085896
trade,NE.TRD.GNFS.ZS,Trade (% GDP),HUN,Hungary,2009,145.30587733019
trade,NE.TRD.GNFS.ZS,Trade (% GDP),HUN,Hungary,2008,158.453224115619
trade,NE.TRD.GNFS.ZS,Trade (% GDP),HUN,Hungary,2007,155.60143236807
trade,NE.TRD.GNFS.ZS,Trade (% GDP),HUN,Hungary,2006,149.231531568461
trade,NE.TRD.GNFS.ZS,Trade (% GDP),HUN,Hungary,2005,128.004810647538
trade,NE.TRD.GNFS.ZS,Trade (% GDP),HUN,Hungary,2004,123.615686104174
trade,NE.TRD.GNFS.ZS,Trade (% GDP),HUN,Hungary,2003,116.787088540862
trade,NE.TRD.GNFS.ZS,Trade (% GDP),HUN,Hungary,2002,118.269335242555
trade,NE.TRD.GNFS.ZS,Trade (% GDP),HUN,Hungary,2001,130.903714236387
trade,NE.TRD.GNFS.ZS,Trade (% GDP),HUN,Hungary,2000,137.26231309347
trade,NE.TRD.GNFS.ZS,Trade (% GDP),HUN,Hungary,1999,113.869532830977
trade,NE.TRD.GNFS.ZS,Trade (% GDP),HUN,Hungary,1998,107.319335097669
trade,NE.TRD.GNFS.ZS,Trade (% GDP),HUN,Hungary,1997,94.6879101466758
trade,NE.TRD.GNFS.ZS,Trade (% GDP),HUN,Hungary,1996,83.021980635108
trade,NE.TRD.GNFS.ZS,Trade (% GDP),HUN,Hungary,1995,78.1758915933919
trade,NE.TRD.GNFS.ZS,Trade (% GDP),HUN,Hungary,1994,56.3059945915153
trade,NE.TRD.GNFS.ZS,Trade (% GDP),HUN,Hungary,1993,53.4135360713045
trade,NE.TRD.GNFS.ZS,Trade (% GDP),HUN,Hungary,1992,55.2935236018396
trade,NE.TRD.GNFS.ZS,Trade (% GDP),HUN,Hungary,1991,58.2052641583218
trade,NE.TRD.GNFS.ZS,Trade (% GDP),IDN,Indonesia,2024,42.809937870822
trade,NE.TRD.GNFS.ZS,Trade (% GDP),IDN,Indonesia,2023,41.4604765447233
trade,NE.TRD.GNFS.ZS,Trade (% GDP),IDN,Indonesia,2022,45.4646701959453
trade,NE.TRD.GNFS.ZS,Trade (% GDP),IDN,Indonesia,2021,40.2047582749671
trade,NE.TRD.GNFS.ZS,Trade (% GDP),IDN,Indonesia,2020,32.9721754002427
trade,NE.TRD.GNFS.ZS,Trade (% GDP),IDN,Indonesia,2019,37.6277775357108
trade,NE.TRD.GNFS.ZS,Trade (% GDP),IDN,Indonesia,2018,43.0743089552002
trade,NE.TRD.GNFS.ZS,Trade (% GDP),IDN,Indonesia,2017,39.3554970704606
trade,NE.TRD.GNFS.ZS,Trade (% GDP),IDN,Indonesia,2016,37.4213418023318
trade,NE.TRD.GNFS.ZS,Trade (% GDP),IDN,Indonesia,2015,41.9376402415294
trade,NE.TRD.GNFS.ZS,Trade (% GDP),IDN,Indonesia,2014,48.0801755855227
trade,NE.TRD.GNFS.ZS,Trade (% GDP),IDN,Indonesia,2013,48.6373726752893
trade,NE.TRD.GNFS.ZS,Trade (% GDP),IDN,Indonesia,2012,49.5828982992627
trade,NE.TRD.GNFS.ZS,Trade (% GDP),IDN,Indonesia,2011,50.1800131841104
trade,NE.TRD.GNFS.ZS,Trade (% GDP),IDN,Indonesia,2010,46.7012738758737
trade,NE.TRD.GNFS.ZS,Trade (% GDP),IDN,Indonesia,2009,45.5121213687054
trade,NE.TRD.GNFS.ZS,Trade (% GDP),IDN,Indonesia,2008,58.5613996312961
trade,NE.TRD.GNFS.ZS,Trade (% GDP),IDN,Indonesia,2007,54.8292499782075
trade,NE.TRD.GNFS.ZS,Trade (% GDP),IDN,Indonesia,2006,56.6571268148867
trade,NE.TRD.GNFS.ZS,Trade (% GDP),IDN,Indonesia,2005,63.9879358688635
trade,NE.TRD.GNFS.ZS,Trade (% GDP),IDN,Indonesia,2004,59.761294836691
trade,NE.TRD.GNFS.ZS,Trade (% GDP),IDN,Indonesia,2003,53.6164937473016
trade,NE.TRD.GNFS.ZS,Trade (% GDP),IDN,Indonesia,2002,59.0794617663723
trade,NE.TRD.GNFS.ZS,Trade (% GDP),IDN,Indonesia,2001,69.7932075256238
trade,NE.TRD.GNFS.ZS,Trade (% GDP),IDN,Indonesia,2000,71.4368759173731
trade,NE.TRD.GNFS.ZS,Trade (% GDP),IDN,Indonesia,1999,62.9439128601924
trade,NE.TRD.GNFS.ZS,Trade (% GDP),IDN,Indonesia,1998,96.1861923602686
trade,NE.TRD.GNFS.ZS,Trade (% GDP),IDN,Indonesia,1997,55.9938588086777
trade,NE.TRD.GNFS.ZS,Trade (% GDP),IDN,Indonesia,1996,52.264743657148
trade,NE.TRD.GNFS.ZS,Trade (% GDP),IDN,Indonesia,1995,53.9585900635426
trade,NE.TRD.GNFS.ZS,Trade (% GDP),IDN,Indonesia,1994,51.877101049475
trade,NE.TRD.GNFS.ZS,Trade (% GDP),IDN,Indonesia,1993,50.5233858882307
trade,NE.TRD.GNFS.ZS,Trade (% GDP),IDN,Indonesia,1992,57.4274341101528
trade,NE.TRD.GNFS.ZS,Trade (% GDP),IDN,Indonesia,1991,54.8395648805761
trade,NE.TRD.GNFS.ZS,Trade (% GDP),IDN,Indonesia,1990,52.8918614376893
trade,NE.TRD.GNFS.ZS,Trade (% GDP),IND,India,2024,45.9166907678748
trade,NE.TRD.GNFS.ZS,Trade (% GDP),IND,India,2023,46.3229520582338
trade,NE.TRD.GNFS.ZS,Trade (% GDP),IND,India,2022,50.6979382758042
trade,NE.TRD.GNFS.ZS,Trade (% GDP),IND,India,2021,45.4230887840446
trade,NE.TRD.GNFS.ZS,Trade (% GDP),IND,India,2020,37.7581053292768
trade,NE.TRD.GNFS.ZS,Trade (% GDP),IND,India,2019,39.9054035306442
trade,NE.TRD.GNFS.ZS,Trade (% GDP),IND,India,2018,43.6169693323889
trade,NE.TRD.GNFS.ZS,Trade (% GDP),IND,India,2017,40.7424969545225
trade,NE.TRD.GNFS.ZS,Trade (% GDP),IND,India,2016,40.082485713276
trade,NE.TRD.GNFS.ZS,Trade (% GDP),IND,India,2015,41.9229138658647
trade,NE.TRD.GNFS.ZS,Trade (% GDP),IND,India,2014,48.9221857470669
trade,NE.TRD.GNFS.ZS,Trade (% GDP),IND,India,2013,53.8441319466777
trade,NE.TRD.GNFS.ZS,Trade (% GDP),IND,India,2012,55.7937217287511
trade,NE.TRD.GNFS.ZS,Trade (% GDP),IND,India,2011,55.6238800135298
trade,NE.TRD.GNFS.ZS,Trade (% GDP),IND,India,2010,49.2552064974161
trade,NE.TRD.GNFS.ZS,Trade (% GDP),IND,India,2009,46.2728696428837
trade,NE.TRD.GNFS.ZS,Trade (% GDP),IND,India,2008,53.3682204392226
trade,NE.TRD.GNFS.ZS,Trade (% GDP),IND,India,2007,45.686268679348
trade,NE.TRD.GNFS.ZS,Trade (% GDP),IND,India,2006,45.7244804992652
trade,NE.TRD.GNFS.ZS,Trade (% GDP),IND,India,2005,42.0016696148691
trade,NE.TRD.GNFS.ZS,Trade (% GDP),IND,India,2004,37.503814059447
trade,NE.TRD.GNFS.ZS,Trade (% GDP),IND,India,2003,30.592436132908
trade,NE.TRD.GNFS.ZS,Trade (% GDP),IND,India,2002,29.5086629350614
trade,NE.TRD.GNFS.ZS,Trade (% GDP),IND,India,2001,25.9932547534365
trade,NE.TRD.GNFS.ZS,Trade (% GDP),IND,India,2000,26.9009229104474
trade,NE.TRD.GNFS.ZS,Trade (% GDP),IND,India,1999,24.8155980442929
trade,NE.TRD.GNFS.ZS,Trade (% GDP),IND,India,1998,23.6994700790647
trade,NE.TRD.GNFS.ZS,Trade (% GDP),IND,India,1997,22.6193868670479
trade,NE.TRD.GNFS.ZS,Trade (% GDP),IND,India,1996,21.9294878713867
trade,NE.TRD.GNFS.ZS,Trade (% GDP),IND,India,1995,22.8674487062499
trade,NE.TRD.GNFS.ZS,Trade (% GDP),IND,India,1994,20.0781443769255
trade,NE.TRD.GNFS.ZS,Trade (% GDP),IND,India,1993,19.6515397864684
trade,NE.TRD.GNFS.ZS,Trade (% GDP),IND,India,1992,18.433099041828
trade,NE.TRD.GNFS.ZS,Trade (% GDP),IND,India,1991,16.9877265511351
trade,NE.TRD.GNFS.ZS,Trade (% GDP),IND,India,1990,15.5062615101965
trade,NE.TRD.GNFS.ZS,Trade (% GDP),KOR,"Korea, Rep.",2024,84.6424951192038
trade,NE.TRD.GNFS.ZS,Trade (% GDP),KOR,"Korea, Rep.",2023,82.2580090716629
trade,NE.TRD.GNFS.ZS,Trade (% GDP),KOR,"Korea, Rep.",2022,90.5851475278549
trade,NE.TRD.GNFS.ZS,Trade (% GDP),KOR,"Korea, Rep.",2021,75.3063047610912
trade,NE.TRD.GNFS.ZS,Trade (% GDP),KOR,"Korea, Rep.",2020,65.544957860621
trade,NE.TRD.GNFS.ZS,Trade (% GDP),KOR,"Korea, Rep.",2019,71.4470632403511
trade,NE.TRD.GNFS.ZS,Trade (% GDP),KOR,"Korea, Rep.",2018,74.7075162140824
trade,NE.TRD.GNFS.ZS,Trade (% GDP),KOR,"Korea, Rep.",2017,73.1921408264016
trade,NE.TRD.GNFS.ZS,Trade (% GDP),KOR,"Korea, Rep.",2016,69.8997221316919
trade,NE.TRD.GNFS.ZS,Trade (% GDP),KOR,"Korea, Rep.",2015,75.3881774564907
trade,NE.TRD.GNFS.ZS,Trade (% GDP),KOR,"Korea, Rep.",2014,86.9342577972039
trade,NE.TRD.GNFS.ZS,Trade (% GDP),KOR,"Korea, Rep.",2013,94.1675235855873
trade,NE.TRD.GNFS.ZS,Trade (% GDP),KOR,"Korea, Rep.",2012,101.51727207905
trade,NE.TRD.GNFS.ZS,Trade (% GDP),KOR,"Korea, Rep.",2011,101.68061646213
trade,NE.TRD.GNFS.ZS,Trade (% GDP),KOR,"Korea, Rep.",2010,88.0278677123124
trade,NE.TRD.GNFS.ZS,Trade (% GDP),KOR,"Korea, Rep.",2009,83.1246099057162
trade,NE.TRD.GNFS.ZS,Trade (% GDP),KOR,"Korea, Rep.",2008,92.0833544961819
trade,NE.TRD.GNFS.ZS,Trade (% GDP),KOR,"Korea, Rep.",2007,71.3239614988013
trade,NE.TRD.GNFS.ZS,Trade (% GDP),KOR,"Korea, Rep.",2006,68.3749509402263
trade,NE.TRD.GNFS.ZS,Trade (% GDP),KOR,"Korea, Rep.",2005,66.1695148242697
trade,NE.TRD.GNFS.ZS,Trade (% GDP),KOR,"Korea, Rep.",2004,67.9270638751076
trade,NE.TRD.GNFS.ZS,Trade (% GDP),KOR,"Korea, Rep.",2003,59.4242945541732
trade,NE.TRD.GNFS.ZS,Trade (% GDP),KOR,"Korea, Rep.",2002,56.6688767960273
trade,NE.TRD.GNFS.ZS,Trade (% GDP),KOR,"Korea, Rep.",2001,60.4277386641693
trade,NE.TRD.GNFS.ZS,Trade (% GDP),KOR,"Korea, Rep.",2000,64.0588155729056
trade,NE.TRD.GNFS.ZS,Trade (% GDP),KOR,"Korea, Rep.",1999,57.8948578896383
trade,NE.TRD.GNFS.ZS,Trade (% GDP),KOR,"Korea, Rep.",1998,66.3289851108207
trade,NE.TRD.GNFS.ZS,Trade (% GDP),KOR,"Korea, Rep.",1997,55.894947743273
trade,NE.TRD.GNFS.ZS,Trade (% GDP),KOR,"Korea, Rep.",1996,51.6134521171463
trade,NE.TRD.GNFS.ZS,Trade (% GDP),KOR,"Korea, Rep.",1995,51.3967337856387
trade,NE.TRD.GNFS.ZS,Trade (% GDP),KOR,"Korea, Rep.",1994,47.7418242135125
trade,NE.TRD.GNFS.ZS,Trade (% GDP),KOR,"Korea, Rep.",1993,45.4216180794097
trade,NE.TRD.GNFS.ZS,Trade (% GDP),KOR,"Korea, Rep.",1992,47.2068242485094
trade,NE.TRD.GNFS.ZS,Trade (% GDP),KOR,"Korea, Rep.",1991,48.2898598963294
trade,NE.TRD.GNFS.ZS,Trade (% GDP),KOR,"Korea, Rep.",1990,49.1903734944072
trade,NE.TRD.GNFS.ZS,Trade (% GDP),LCN,Latin America & Caribbean,2024,49.651989177217
trade,NE.TRD.GNFS.ZS,Trade (% GDP),LCN,Latin America & Caribbean,2023,48.7349861200831
trade,NE.TRD.GNFS.ZS,Trade (% GDP),LCN,Latin America & Caribbean,2022,56.0021722062466
trade,NE.TRD.GNFS.ZS,Trade (% GDP),LCN,Latin America & Caribbean,2021,52.5995209680724
trade,NE.TRD.GNFS.ZS,Trade (% GDP),LCN,Latin America & Caribbean,2020,45.9729489898563
trade,NE.TRD.GNFS.ZS,Trade (% GDP),LCN,Latin America & Caribbean,2019,47.7094272418949
trade,NE.TRD.GNFS.ZS,Trade (% GDP),LCN,Latin America & Caribbean,2018,48.1938853908126
trade,NE.TRD.GNFS.ZS,Trade (% GDP),LCN,Latin America & Caribbean,2017,44.3407066193727
trade,NE.TRD.GNFS.ZS,Trade (% GDP),LCN,Latin America & Caribbean,2016,44.0364978465737
trade,NE.TRD.GNFS.ZS,Trade (% GDP),LCN,Latin America & Caribbean,2015,44.9920220039287
trade,NE.TRD.GNFS.ZS,Trade (% GDP),LCN,Latin America & Caribbean,2014,44.6454658978727
trade,NE.TRD.GNFS.ZS,Trade (% GDP),LCN,Latin America & Caribbean,2013,45.1932463665487
trade,NE.TRD.GNFS.ZS,Trade (% GDP),LCN,Latin America & Caribbean,2012,45.5786318554325
trade,NE.TRD.GNFS.ZS,Trade (% GDP),LCN,Latin America & Caribbean,2011,43.6297687431849
trade,NE.TRD.GNFS.ZS,Trade (% GDP),LCN,Latin America & Caribbean,2010,41.3522087476562
trade,NE.TRD.GNFS.ZS,Trade (% GDP),LCN,Latin America & Caribbean,2009,39.090034557931
trade,NE.TRD.GNFS.ZS,Trade (% GDP),LCN,Latin America & Caribbean,2008,45.2103642890729
trade,NE.TRD.GNFS.ZS,Trade (% GDP),LCN,Latin America & Caribbean,2007,43.2567219757197
trade,NE.TRD.GNFS.ZS,Trade (% GDP),LCN,Latin America & Caribbean,2006,43.1365348723449
trade,NE.TRD.GNFS.ZS,Trade (% GDP),LCN,Latin America & Caribbean,2005,42.5124159036249
trade,NE.TRD.GNFS.ZS,Trade (% GDP),LCN,Latin America & Caribbean,2004,42.7266042047369
trade,NE.TRD.GNFS.ZS,Trade (% GDP),LCN,Latin America & Caribbean,2003,40.694879990439
trade,NE.TRD.GNFS.ZS,Trade (% GDP),LCN,Latin America & Caribbean,2002,38.8652846184644
trade,NE.TRD.GNFS.ZS,Trade (% GDP),LCN,Latin America & Caribbean,2001,36.6371939763801
trade,NE.TRD.GNFS.ZS,Trade (% GDP),LCN,Latin America & Caribbean,2000,36.2505367402594
trade,NE.TRD.GNFS.ZS,Trade (% GDP),LCN,Latin America & Caribbean,1999,34.60105208689
trade,NE.TRD.GNFS.ZS,Trade (% GDP),LCN,Latin America & Caribbean,1998,33.3159595676905
trade,NE.TRD.GNFS.ZS,Trade (% GDP),LCN,Latin America & Caribbean,1997,33.0860829758952
trade,NE.TRD.GNFS.ZS,Trade (% GDP),LCN,Latin America & Caribbean,1996,32.6983148061916
trade,NE.TRD.GNFS.ZS,Trade (% GDP),LCN,Latin America & Caribbean,1995,32.0848911020376
trade,NE.TRD.GNFS.ZS,Trade (% GDP),LCN,Latin America & Caribbean,1994,29.0369144111796
trade,NE.TRD.GNFS.ZS,Trade (% GDP),LCN,Latin America & Caribbean,1993,28.55117130462
trade,NE.TRD.GNFS.ZS,Trade (% GDP),LCN,Latin America & Caribbean,1992,30.3295883472213
trade,NE.TRD.GNFS.ZS,Trade (% GDP),LCN,Latin America & Caribbean,1991,29.5725489739625
trade,NE.TRD.GNFS.ZS,Trade (% GDP),LCN,Latin America & Caribbean,1990,32.9430403175316
trade,NE.TRD.GNFS.ZS,Trade (% GDP),MEX,Mexico,2024,75.4259015415068
trade,NE.TRD.GNFS.ZS,Trade (% GDP),MEX,Mexico,2023,73.7390758255664
trade,NE.TRD.GNFS.ZS,Trade (% GDP),MEX,Mexico,2022,88.7984855897261
trade,NE.TRD.GNFS.ZS,Trade (% GDP),MEX,Mexico,2021,83.0692976264524
trade,NE.TRD.GNFS.ZS,Trade (% GDP),MEX,Mexico,2020,76.8545557151738
trade,NE.TRD.GNFS.ZS,Trade (% GDP),MEX,Mexico,2019,77.4619722509459
trade,NE.TRD.GNFS.ZS,Trade (% GDP),MEX,Mexico,2018,80.212661650262
trade,NE.TRD.GNFS.ZS,Trade (% GDP),MEX,Mexico,2017,76.95212604414
trade,NE.TRD.GNFS.ZS,Trade (% GDP),MEX,Mexico,2016,75.6903034088551
trade,NE.TRD.GNFS.ZS,Trade (% GDP),MEX,Mexico,2015,70.4129746799259
trade,NE.TRD.GNFS.ZS,Trade (% GDP),MEX,Mexico,2014,64.0984090315875
trade,NE.TRD.GNFS.ZS,Trade (% GDP),MEX,Mexico,2013,62.6916747661852
trade,NE.TRD.GNFS.ZS,Trade (% GDP),MEX,Mexico,2012,64.2579318938989
trade,NE.TRD.GNFS.ZS,Trade (% GDP),MEX,Mexico,2011,62.1623872764498
trade,NE.TRD.GNFS.ZS,Trade (% GDP),MEX,Mexico,2010,59.2733845336286
trade,NE.TRD.GNFS.ZS,Trade (% GDP),MEX,Mexico,2009,54.5917421356323
trade,NE.TRD.GNFS.ZS,Trade (% GDP),MEX,Mexico,2008,56.3652818731773
trade,NE.TRD.GNFS.ZS,Trade (% GDP),MEX,Mexico,2007,55.2585243990368
trade,NE.TRD.GNFS.ZS,Trade (% GDP),MEX,Mexico,2006,54.4821160886169
trade,NE.TRD.GNFS.ZS,Trade (% GDP),MEX,Mexico,2005,52.5626446570451
trade,NE.TRD.GNFS.ZS,Trade (% GDP),MEX,Mexico,2004,52.0406200335632
trade,NE.TRD.GNFS.ZS,Trade (% GDP),MEX,Mexico,2003,48.7004168690455
trade,NE.TRD.GNFS.ZS,Trade (% GDP),MEX,Mexico,2002,45.209829259652
trade,NE.TRD.GNFS.ZS,Trade (% GDP),MEX,Mexico,2001,44.7401090123173
trade,NE.TRD.GNFS.ZS,Trade (% GDP),MEX,Mexico,2000,49.9104091872497
trade,NE.TRD.GNFS.ZS,Trade (% GDP),MEX,Mexico,1999,48.0122495761105
trade,NE.TRD.GNFS.ZS,Trade (% GDP),MEX,Mexico,1998,48.0318841400179
trade,NE.TRD.GNFS.ZS,Trade (% GDP),MEX,Mexico,1997,46.4918755715735
trade,NE.TRD.GNFS.ZS,Trade (% GDP),MEX,Mexico,1996,47.7678235339067
trade,NE.TRD.GNFS.ZS,Trade (% GDP),MEX,Mexico,1995,43.6658317263397
trade,NE.TRD.GNFS.ZS,Trade (% GDP),MEX,Mexico,1994,29.1584721341582
trade,NE.TRD.GNFS.ZS,Trade (% GDP),MEX,Mexico,1993,26.1631235736702
trade,NE.TRD.GNFS.ZS,Trade (% GDP),MEX,Mexico,1992,35.553495904112
trade,NE.TRD.GNFS.ZS,Trade (% GDP),MEX,Mexico,1991,35.7865351574196
trade,NE.TRD.GNFS.ZS,Trade (% GDP),MEX,Mexico,1990,38.5196964133297
trade,NE.TRD.GNFS.ZS,Trade (% GDP),MYS,Malaysia,2024,137.362571161559
trade,NE.TRD.GNFS.ZS,Trade (% GDP),MYS,Malaysia,2023,132.593461641599
trade,NE.TRD.GNFS.ZS,Trade (% GDP),MYS,Malaysia,2022,146.424604753908
trade,NE.TRD.GNFS.ZS,Trade (% GDP),MYS,Malaysia,2021,134.035994690727
trade,NE.TRD.GNFS.ZS,Trade (% GDP),MYS,Malaysia,2020,116.788182437638
trade,NE.TRD.GNFS.ZS,Trade (% GDP),MYS,Malaysia,2019,123.028562027943
trade,NE.TRD.GNFS.ZS,Trade (% GDP),MYS,Malaysia,2018,130.402625502126
trade,NE.TRD.GNFS.ZS,Trade (% GDP),MYS,Malaysia,2017,133.155173371956
trade,NE.TRD.GNFS.ZS,Trade (% GDP),MYS,Malaysia,2016,126.8990100257
trade,NE.TRD.GNFS.ZS,Trade (% GDP),MYS,Malaysia,2015,131.37007244526
trade,NE.TRD.GNFS.ZS,Trade (% GDP),MYS,Malaysia,2014,138.312231176843
trade,NE.TRD.GNFS.ZS,Trade (% GDP),MYS,Malaysia,2013,142.720991464873
trade,NE.TRD.GNFS.ZS,Trade (% GDP),MYS,Malaysia,2012,147.841754766013
trade,NE.TRD.GNFS.ZS,Trade (% GDP),MYS,Malaysia,2011,154.937684607226
trade,NE.TRD.GNFS.ZS,Trade (% GDP),MYS,Malaysia,2010,157.944764886771
trade,NE.TRD.GNFS.ZS,Trade (% GDP),MYS,Malaysia,2009,162.558970452699
trade,NE.TRD.GNFS.ZS,Trade (% GDP),MYS,Malaysia,2008,176.668324785148
trade,NE.TRD.GNFS.ZS,Trade (% GDP),MYS,Malaysia,2007,192.465506357652
trade,NE.TRD.GNFS.ZS,Trade (% GDP),MYS,Malaysia,2006,202.577146840398
trade,NE.TRD.GNFS.ZS,Trade (% GDP),MYS,Malaysia,2005,203.854644595624
trade,NE.TRD.GNFS.ZS,Trade (% GDP),MYS,Malaysia,2004,210.374265897124
trade,NE.TRD.GNFS.ZS,Trade (% GDP),MYS,Malaysia,2003,194.195129056831
trade,NE.TRD.GNFS.ZS,Trade (% GDP),MYS,Malaysia,2002,199.356232695655
trade,NE.TRD.GNFS.ZS,Trade (% GDP),MYS,Malaysia,2001,203.364636010653
trade,NE.TRD.GNFS.ZS,Trade (% GDP),MYS,Malaysia,2000,220.406788982074
trade,NE.TRD.GNFS.ZS,Trade (% GDP),MYS,Malaysia,1999,217.570919391949
trade,NE.TRD.GNFS.ZS,Trade (% GDP),MYS,Malaysia,1998,209.492202808189
trade,NE.TRD.GNFS.ZS,Trade (% GDP),MYS,Malaysia,1997,185.66511116237
trade,NE.TRD.GNFS.ZS,Trade (% GDP),MYS,Malaysia,1996,181.766982485457
trade,NE.TRD.GNFS.ZS,Trade (% GDP),MYS,Malaysia,1995,192.113200253514
trade,NE.TRD.GNFS.ZS,Trade (% GDP),MYS,Malaysia,1994,179.904942673986
trade,NE.TRD.GNFS.ZS,Trade (% GDP),MYS,Malaysia,1993,157.940462501597
trade,NE.TRD.GNFS.ZS,Trade (% GDP),MYS,Malaysia,1992,150.611220981935
trade,NE.TRD.GNFS.ZS,Trade (% GDP),MYS,Malaysia,1991,159.311447263255
trade,NE.TRD.GNFS.ZS,Trade (% GDP),MYS,Malaysia,1990,146.888252533989
trade,NE.TRD.GNFS.ZS,Trade (% GDP),PER,Peru,2024,51.6811479870417
trade,NE.TRD.GNFS.ZS,Trade (% GDP),PER,Peru,2023,50.9070307213493
trade,NE.TRD.GNFS.ZS,Trade (% GDP),PER,Peru,2022,57.2727003111939
trade,NE.TRD.GNFS.ZS,Trade (% GDP),PER,Peru,2021,55.4083231938774
trade,NE.TRD.GNFS.ZS,Trade (% GDP),PER,Peru,2020,44.245967197744
trade,NE.TRD.GNFS.ZS,Trade (% GDP),PER,Peru,2019,46.9435053754409
trade,NE.TRD.GNFS.ZS,Trade (% GDP),PER,Peru,2018,48.631470171736
trade,NE.TRD.GNFS.ZS,Trade (% GDP),PER,Peru,2017,47.5135503619971
trade,NE.TRD.GNFS.ZS,Trade (% GDP),PER,Peru,2016,45.3888411964154
trade,NE.TRD.GNFS.ZS,Trade (% GDP),PER,Peru,2015,45.1627686891148
trade,NE.TRD.GNFS.ZS,Trade (% GDP),PER,Peru,2014,46.8531210912899
trade,NE.TRD.GNFS.ZS,Trade (% GDP),PER,Peru,2013,49.7871424471444
trade,NE.TRD.GNFS.ZS,Trade (% GDP),PER,Peru,2012,52.6198952632294
trade,NE.TRD.GNFS.ZS,Trade (% GDP),PER,Peru,2011,55.9882802838607
trade,NE.TRD.GNFS.ZS,Trade (% GDP),PER,Peru,2010,51.6728089370033
trade,NE.TRD.GNFS.ZS,Trade (% GDP),PER,Peru,2009,48.1119296153519
trade,NE.TRD.GNFS.ZS,Trade (% GDP),PER,Peru,2008,58.4337673899053
trade,NE.TRD.GNFS.ZS,Trade (% GDP),PER,Peru,2007,55.6881132836815
trade,NE.TRD.GNFS.ZS,Trade (% GDP),PER,Peru,2006,51.7850560338442
trade,NE.TRD.GNFS.ZS,Trade (% GDP),PER,Peru,2005,47.3573174768394
trade,NE.TRD.GNFS.ZS,Trade (% GDP),PER,Peru,2004,41.9360782679273
trade,NE.TRD.GNFS.ZS,Trade (% GDP),PER,Peru,2003,37.6246103251002
trade,NE.TRD.GNFS.ZS,Trade (% GDP),PER,Peru,2002,35.2491813317695
trade,NE.TRD.GNFS.ZS,Trade (% GDP),PER,Peru,2001,35.0644014310212
trade,NE.TRD.GNFS.ZS,Trade (% GDP),PER,Peru,2000,35.5380321623178
trade,NE.TRD.GNFS.ZS,Trade (% GDP),PER,Peru,1999,33.2057765558493
trade,NE.TRD.GNFS.ZS,Trade (% GDP),PER,Peru,1998,32.9530217853936
trade,NE.TRD.GNFS.ZS,Trade (% GDP),PER,Peru,1997,33.4695458506827
trade,NE.TRD.GNFS.ZS,Trade (% GDP),PER,Peru,1996,31.6542040912644
trade,NE.TRD.GNFS.ZS,Trade (% GDP),PER,Peru,1995,30.9272178475508
trade,NE.TRD.GNFS.ZS,Trade (% GDP),PER,Peru,1994,28.9229957698901
trade,NE.TRD.GNFS.ZS,Trade (% GDP),PER,Peru,1993,28.7665865706199
trade,NE.TRD.GNFS.ZS,Trade (% GDP),PER,Peru,1992,27.9772921552067
trade,NE.TRD.GNFS.ZS,Trade (% GDP),PER,Peru,1991,26.659254111884
trade,NE.TRD.GNFS.ZS,Trade (% GDP),PER,Peru,1990,29.469676899683
trade,NE.TRD.GNFS.ZS,Trade (% GDP),POL,Poland,2024,100.359442847164
trade,NE.TRD.GNFS.ZS,Trade (% GDP),POL,Poland,2023,110.024935041815
trade,NE.TRD.GNFS.ZS,Trade (% GDP),POL,Poland,2022,123.021332860345
trade,NE.TRD.GNFS.ZS,Trade (% GDP),POL,Poland,2021,110.874283021945
trade,NE.TRD.GNFS.ZS,Trade (% GDP),POL,Poland,2020,99.2590912303436
trade,NE.TRD.GNFS.ZS,Trade (% GDP),POL,Poland,2019,101.581033817373
trade,NE.TRD.GNFS.ZS,Trade (% GDP),POL,Poland,2018,102.442462168005
trade,NE.TRD.GNFS.ZS,Trade (% GDP),POL,Poland,2017,100.56589524628
trade,NE.TRD.GNFS.ZS,Trade (% GDP),POL,Poland,2016,96.8659028060623
trade,NE.TRD.GNFS.ZS,Trade (% GDP),POL,Poland,2015,92.2554272741942
trade,NE.TRD.GNFS.ZS,Trade (% GDP),POL,Poland,2014,92.0340197113178
trade,NE.TRD.GNFS.ZS,Trade (% GDP),POL,Poland,2013,90.4175072415629
trade,NE.TRD.GNFS.ZS,Trade (% GDP),POL,Poland,2012,88.8299033066583
trade,NE.TRD.GNFS.ZS,Trade (% GDP),POL,Poland,2011,86.9236892837618
trade,NE.TRD.GNFS.ZS,Trade (% GDP),POL,Poland,2010,82.2258523219922
trade,NE.TRD.GNFS.ZS,Trade (% GDP),POL,Poland,2009,74.9685965264269
trade,NE.TRD.GNFS.ZS,Trade (% GDP),POL,Poland,2008,80.5746815569207
trade,NE.TRD.GNFS.ZS,Trade (% GDP),POL,Poland,2007,80.745399056691
trade,NE.TRD.GNFS.ZS,Trade (% GDP),POL,Poland,2006,77.7008035402352
trade,NE.TRD.GNFS.ZS,Trade (% GDP),POL,Poland,2005,70.3114790902584
trade,NE.TRD.GNFS.ZS,Trade (% GDP),POL,Poland,2004,70.9815765694162
trade,NE.TRD.GNFS.ZS,Trade (% GDP),POL,Poland,2003,69.2134479841788
trade,NE.TRD.GNFS.ZS,Trade (% GDP),POL,Poland,2002,60.7967990573911
trade,NE.TRD.GNFS.ZS,Trade (% GDP),POL,Poland,2001,57.8785312712895
trade,NE.TRD.GNFS.ZS,Trade (% GDP),POL,Poland,2000,60.6107209423297
trade,NE.TRD.GNFS.ZS,Trade (% GDP),POL,Poland,1999,53.8980187624686
trade,NE.TRD.GNFS.ZS,Trade (% GDP),POL,Poland,1998,56.5460556555084
trade,NE.TRD.GNFS.ZS,Trade (% GDP),POL,Poland,1997,50.376378640536
trade,NE.TRD.GNFS.ZS,Trade (% GDP),POL,Poland,1996,45.3767344453465
trade,NE.TRD.GNFS.ZS,Trade (% GDP),POL,Poland,1995,43.5552180979904
trade,NE.TRD.GNFS.ZS,Trade (% GDP),RUS,Russian Federation,2024,39.4184058815423
trade,NE.TRD.GNFS.ZS,Trade (% GDP),RUS,Russian Federation,2023,41.3395116492933
trade,NE.TRD.GNFS.ZS,Trade (% GDP),RUS,Russian Federation,2022,42.7663082313349
trade,NE.TRD.GNFS.ZS,Trade (% GDP),RUS,Russian Federation,2021,50.5861954621752
trade,NE.TRD.GNFS.ZS,Trade (% GDP),RUS,Russian Federation,2020,45.9669082029127
trade,NE.TRD.GNFS.ZS,Trade (% GDP),RUS,Russian Federation,2019,49.2287536619033
trade,NE.TRD.GNFS.ZS,Trade (% GDP),RUS,Russian Federation,2018,51.5809003703964
trade,NE.TRD.GNFS.ZS,Trade (% GDP),RUS,Russian Federation,2017,46.8765243371311
trade,NE.TRD.GNFS.ZS,Trade (% GDP),RUS,Russian Federation,2016,46.5181198396096
trade,NE.TRD.GNFS.ZS,Trade (% GDP),RUS,Russian Federation,2015,49.3593493116887
trade,NE.TRD.GNFS.ZS,Trade (% GDP),RUS,Russian Federation,2014,47.8013412628116
trade,NE.TRD.GNFS.ZS,Trade (% GDP),RUS,Russian Federation,2013,46.287149400499
trade,NE.TRD.GNFS.ZS,Trade (% GDP),RUS,Russian Federation,2012,47.1513903857957
trade,NE.TRD.GNFS.ZS,Trade (% GDP),RUS,Russian Federation,2011,48.0353994077919
trade,NE.TRD.GNFS.ZS,Trade (% GDP),RUS,Russian Federation,2010,50.3555054872589
trade,NE.TRD.GNFS.ZS,Trade (% GDP),RUS,Russian Federation,2009,48.4350610278181
trade,NE.TRD.GNFS.ZS,Trade (% GDP),RUS,Russian Federation,2008,53.3824660408908
trade,NE.TRD.GNFS.ZS,Trade (% GDP),RUS,Russian Federation,2007,51.7061227454606
trade,NE.TRD.GNFS.ZS,Trade (% GDP),RUS,Russian Federation,2006,54.733401867266
trade,NE.TRD.GNFS.ZS,Trade (% GDP),RUS,Russian Federation,2005,56.7132484905422
trade,NE.TRD.GNFS.ZS,Trade (% GDP),RUS,Russian Federation,2004,56.5818523984055
trade,NE.TRD.GNFS.ZS,Trade (% GDP),RUS,Russian Federation,2003,59.1282690076014
trade,NE.TRD.GNFS.ZS,Trade (% GDP),RUS,Russian Federation,2002,59.6454457319607
trade,NE.TRD.GNFS.ZS,Trade (% GDP),RUS,Russian Federation,2001,61.1108586644206
trade,NE.TRD.GNFS.ZS,Trade (% GDP),RUS,Russian Federation,2000,68.0939070373555
trade,NE.TRD.GNFS.ZS,Trade (% GDP),RUS,Russian Federation,1999,69.393281498812
trade,NE.TRD.GNFS.ZS,Trade (% GDP),RUS,Russian Federation,1998,55.7722532849766
trade,NE.TRD.GNFS.ZS,Trade (% GDP),RUS,Russian Federation,1997,47.2569214100748
trade,NE.TRD.GNFS.ZS,Trade (% GDP),RUS,Russian Federation,1996,47.922500819419
trade,NE.TRD.GNFS.ZS,Trade (% GDP),RUS,Russian Federation,1995,55.1829054657257
trade,NE.TRD.GNFS.ZS,Trade (% GDP),RUS,Russian Federation,1994,50.9537126483831
trade,NE.TRD.GNFS.ZS,Trade (% GDP),RUS,Russian Federation,1993,68.6984432394613
trade,NE.TRD.GNFS.ZS,Trade (% GDP),RUS,Russian Federation,1992,110.577064702788
trade,NE.TRD.GNFS.ZS,Trade (% GDP),RUS,Russian Federation,1991,26.2567036110118
trade,NE.TRD.GNFS.ZS,Trade (% GDP),RUS,Russian Federation,1990,36.1067991307048
trade,NE.TRD.GNFS.ZS,Trade (% GDP),THA,Thailand,2024,135.724935837766
trade,NE.TRD.GNFS.ZS,Trade (% GDP),THA,Thailand,2023,128.792359690165
trade,NE.TRD.GNFS.ZS,Trade (% GDP),THA,Thailand,2022,132.813458288082
trade,NE.TRD.GNFS.ZS,Trade (% GDP),THA,Thailand,2021,117.131472183199
trade,NE.TRD.GNFS.ZS,Trade (% GDP),THA,Thailand,2020,97.6624419371158
trade,NE.TRD.GNFS.ZS,Trade (% GDP),THA,Thailand,2019,109.689514715166
trade,NE.TRD.GNFS.ZS,Trade (% GDP),THA,Thailand,2018,120.841864730984
trade,NE.TRD.GNFS.ZS,Trade (% GDP),THA,Thailand,2017,120.891427433638
trade,NE.TRD.GNFS.ZS,Trade (% GDP),THA,Thailand,2016,120.57522728913
trade,NE.TRD.GNFS.ZS,Trade (% GDP),THA,Thailand,2015,124.839662152526
trade,NE.TRD.GNFS.ZS,Trade (% GDP),THA,Thailand,2014,130.905495444398
trade,NE.TRD.GNFS.ZS,Trade (% GDP),THA,Thailand,2013,132.462274174269
trade,NE.TRD.GNFS.ZS,Trade (% GDP),THA,Thailand,2012,137.67493851024
trade,NE.TRD.GNFS.ZS,Trade (% GDP),THA,Thailand,2011,139.675407224576
trade,NE.TRD.GNFS.ZS,Trade (% GDP),THA,Thailand,2010,127.250522638251
trade,NE.TRD.GNFS.ZS,Trade (% GDP),THA,Thailand,2009,119.269418854589
trade,NE.TRD.GNFS.ZS,Trade (% GDP),THA,Thailand,2008,140.437011540931
trade,NE.TRD.GNFS.ZS,Trade (% GDP),THA,Thailand,2007,129.873226989717
trade,NE.TRD.GNFS.ZS,Trade (% GDP),THA,Thailand,2006,134.086946191268
trade,NE.TRD.GNFS.ZS,Trade (% GDP),THA,Thailand,2005,137.853866832247
trade,NE.TRD.GNFS.ZS,Trade (% GDP),THA,Thailand,2004,127.411873720393
trade,NE.TRD.GNFS.ZS,Trade (% GDP),THA,Thailand,2003,116.692819704865
trade,NE.TRD.GNFS.ZS,Trade (% GDP),THA,Thailand,2002,114.969743021067
trade,NE.TRD.GNFS.ZS,Trade (% GDP),THA,Thailand,2001,120.267966273533
trade,NE.TRD.GNFS.ZS,Trade (% GDP),THA,Thailand,2000,121.297955351472
trade,NE.TRD.GNFS.ZS,Trade (% GDP),THA,Thailand,1999,100.706288704433
trade,NE.TRD.GNFS.ZS,Trade (% GDP),THA,Thailand,1998,100.240473732828
trade,NE.TRD.GNFS.ZS,Trade (% GDP),THA,Thailand,1997,95.0517906464755
trade,NE.TRD.GNFS.ZS,Trade (% GDP),THA,Thailand,1996,84.2741479979753
trade,NE.TRD.GNFS.ZS,Trade (% GDP),THA,Thailand,1995,89.7561749368245
trade,NE.TRD.GNFS.ZS,Trade (% GDP),THA,Thailand,1994,81.2489529938277
trade,NE.TRD.GNFS.ZS,Trade (% GDP),THA,Thailand,1993,77.7461171174097
trade,NE.TRD.GNFS.ZS,Trade (% GDP),THA,Thailand,1992,77.9546456926093
trade,NE.TRD.GNFS.ZS,Trade (% GDP),THA,Thailand,1991,78.4711349774175
trade,NE.TRD.GNFS.ZS,Trade (% GDP),THA,Thailand,1990,75.7823643645399
trade,NE.TRD.GNFS.ZS,Trade (% GDP),TUR,Turkiye,2024,54.5988061195916
trade,NE.TRD.GNFS.ZS,Trade (% GDP),TUR,Turkiye,2023,65.6832084738667
trade,NE.TRD.GNFS.ZS,Trade (% GDP),TUR,Turkiye,2022,79.8982722314341
trade,NE.TRD.GNFS.ZS,Trade (% GDP),TUR,Turkiye,2021,69.6088976086437
trade,NE.TRD.GNFS.ZS,Trade (% GDP),TUR,Turkiye,2020,60.389853117297
trade,NE.TRD.GNFS.ZS,Trade (% GDP),TUR,Turkiye,2019,62.5784589326239
trade,NE.TRD.GNFS.ZS,Trade (% GDP),TUR,Turkiye,2018,62.8251323851165
trade,NE.TRD.GNFS.ZS,Trade (% GDP),TUR,Turkiye,2017,56.1356585158689
trade,NE.TRD.GNFS.ZS,Trade (% GDP),TUR,Turkiye,2016,48.870183807987
trade,NE.TRD.GNFS.ZS,Trade (% GDP),TUR,Turkiye,2015,51.8749252596832
trade,NE.TRD.GNFS.ZS,Trade (% GDP),TUR,Turkiye,2014,54.30677404128
trade,NE.TRD.GNFS.ZS,Trade (% GDP),TUR,Turkiye,2013,53.0683530043043
trade,NE.TRD.GNFS.ZS,Trade (% GDP),TUR,Turkiye,2012,53.3277612968607
trade,NE.TRD.GNFS.ZS,Trade (% GDP),TUR,Turkiye,2011,53.651583897618
trade,NE.TRD.GNFS.ZS,Trade (% GDP),TUR,Turkiye,2010,46.9433366709891
trade,NE.TRD.GNFS.ZS,Trade (% GDP),TUR,Turkiye,2009,47.0391385732199
trade,NE.TRD.GNFS.ZS,Trade (% GDP),TUR,Turkiye,2008,50.7612500066681
trade,NE.TRD.GNFS.ZS,Trade (% GDP),TUR,Turkiye,2007,48.027468179713
trade,NE.TRD.GNFS.ZS,Trade (% GDP),TUR,Turkiye,2006,48.9456766641314
trade,NE.TRD.GNFS.ZS,Trade (% GDP),TUR,Turkiye,2005,46.3088308846211
trade,NE.TRD.GNFS.ZS,Trade (% GDP),TUR,Turkiye,2004,48.9934575435266
trade,NE.TRD.GNFS.ZS,Trade (% GDP),TUR,Turkiye,2003,46.3681553387846
trade,NE.TRD.GNFS.ZS,Trade (% GDP),TUR,Turkiye,2002,48.1026101234402
trade,NE.TRD.GNFS.ZS,Trade (% GDP),TUR,Turkiye,2001,49.9447830679013
trade,NE.TRD.GNFS.ZS,Trade (% GDP),TUR,Turkiye,2000,42.3746746988077
trade,NE.TRD.GNFS.ZS,Trade (% GDP),TUR,Turkiye,1999,37.6665043273244
trade,NE.TRD.GNFS.ZS,Trade (% GDP),TUR,Turkiye,1998,40.3769887377902
trade,NE.TRD.GNFS.ZS,Trade (% GDP),TUR,Turkiye,1997,42.7610666826994
trade,NE.TRD.GNFS.ZS,Trade (% GDP),TUR,Turkiye,1996,39.6477180344549
trade,NE.TRD.GNFS.ZS,Trade (% GDP),TUR,Turkiye,1995,35.9924804952774
trade,NE.TRD.GNFS.ZS,Trade (% GDP),TUR,Turkiye,1994,41.7458523409412
trade,NE.TRD.GNFS.ZS,Trade (% GDP),TUR,Turkiye,1993,33.0170877754618
trade,NE.TRD.GNFS.ZS,Trade (% GDP),TUR,Turkiye,1992,31.737365644504
trade,NE.TRD.GNFS.ZS,Trade (% GDP),TUR,Turkiye,1991,30.4760116733895
trade,NE.TRD.GNFS.ZS,Trade (% GDP),TUR,Turkiye,1990,30.9429955004348
trade,NE.TRD.GNFS.ZS,Trade (% GDP),UKR,Ukraine,2024,79.6884673892276
trade,NE.TRD.GNFS.ZS,Trade (% GDP),UKR,Ukraine,2023,77.5096141935657
trade,NE.TRD.GNFS.ZS,Trade (% GDP),UKR,Ukraine,2022,87.3965139907244
trade,NE.TRD.GNFS.ZS,Trade (% GDP),UKR,Ukraine,2021,82.69796136345
trade,NE.TRD.GNFS.ZS,Trade (% GDP),UKR,Ukraine,2020,79.1564523761815
trade,NE.TRD.GNFS.ZS,Trade (% GDP),UKR,Ukraine,2019,90.5112342910763
trade,NE.TRD.GNFS.ZS,Trade (% GDP),UKR,Ukraine,2018,99.1998150718675
trade,NE.TRD.GNFS.ZS,Trade (% GDP),UKR,Ukraine,2017,104.034982911399
trade,NE.TRD.GNFS.ZS,Trade (% GDP),UKR,Ukraine,2016,105.521204913122
trade,NE.TRD.GNFS.ZS,Trade (% GDP),UKR,Ukraine,2015,107.806616298156
trade,NE.TRD.GNFS.ZS,Trade (% GDP),UKR,Ukraine,2014,100.691782483624
trade,NE.TRD.GNFS.ZS,Trade (% GDP),UKR,Ukraine,2013,94.0016694501782
trade,NE.TRD.GNFS.ZS,Trade (% GDP),UKR,Ukraine,2012,102.622788356626
trade,NE.TRD.GNFS.ZS,Trade (% GDP),UKR,Ukraine,2011,104.805073904259
trade,NE.TRD.GNFS.ZS,Trade (% GDP),UKR,Ukraine,2010,95.72973045329
trade,NE.TRD.GNFS.ZS,Trade (% GDP),UKR,Ukraine,2009,87.4761626200316
trade,NE.TRD.GNFS.ZS,Trade (% GDP),UKR,Ukraine,2008,94.1718921417534
trade,NE.TRD.GNFS.ZS,Trade (% GDP),UKR,Ukraine,2007,88.0465606718626
trade,NE.TRD.GNFS.ZS,Trade (% GDP),UKR,Ukraine,2006,89.181052639031
trade,NE.TRD.GNFS.ZS,Trade (% GDP),UKR,Ukraine,2005,94.6475701087848
trade,NE.TRD.GNFS.ZS,Trade (% GDP),UKR,Ukraine,2004,109.981708544962
trade,NE.TRD.GNFS.ZS,Trade (% GDP),UKR,Ukraine,2003,102.590182257396
trade,NE.TRD.GNFS.ZS,Trade (% GDP),UKR,Ukraine,2002,95.994669810112
trade,NE.TRD.GNFS.ZS,Trade (% GDP),UKR,Ukraine,2001,99.9261276192731
trade,NE.TRD.GNFS.ZS,Trade (% GDP),UKR,Ukraine,2000,115.735714934593
trade,NE.TRD.GNFS.ZS,Trade (% GDP),UKR,Ukraine,1999,101.951706965548
trade,NE.TRD.GNFS.ZS,Trade (% GDP),UKR,Ukraine,1998,86.0497284415116
trade,NE.TRD.GNFS.ZS,Trade (% GDP),UKR,Ukraine,1997,84.2414161623735
trade,NE.TRD.GNFS.ZS,Trade (% GDP),UKR,Ukraine,1996,93.8566450766079
trade,NE.TRD.GNFS.ZS,Trade (% GDP),UKR,Ukraine,1995,97.2296964841051
trade,NE.TRD.GNFS.ZS,Trade (% GDP),UKR,Ukraine,1994,73.9440042067872
trade,NE.TRD.GNFS.ZS,Trade (% GDP),UKR,Ukraine,1993,52.0688190027854
trade,NE.TRD.GNFS.ZS,Trade (% GDP),UKR,Ukraine,1992,45.9686071925293
trade,NE.TRD.GNFS.ZS,Trade (% GDP),UKR,Ukraine,1991,50.133779264214
trade,NE.TRD.GNFS.ZS,Trade (% GDP),UKR,Ukraine,1990,56.4071856287425
trade,NE.TRD.GNFS.ZS,Trade (% GDP),UMC,Upper middle income,2024,49.2616599675973
trade,NE.TRD.GNFS.ZS,Trade (% GDP),UMC,Upper middle income,2023,48.6021119364551
trade,NE.TRD.GNFS.ZS,Trade (% GDP),UMC,Upper middle income,2022,52.272195392288
trade,NE.TRD.GNFS.ZS,Trade (% GDP),UMC,Upper middle income,2021,49.1579063788983
trade,NE.TRD.GNFS.ZS,Trade (% GDP),UMC,Upper middle income,2020,44.1113027365394
trade,NE.TRD.GNFS.ZS,Trade (% GDP),UMC,Upper middle income,2019,46.2323771478939
trade,NE.TRD.GNFS.ZS,Trade (% GDP),UMC,Upper middle income,2018,48.008530269726
trade,NE.TRD.GNFS.ZS,Trade (% GDP),UMC,Upper middle income,2017,46.1583956079429
trade,NE.TRD.GNFS.ZS,Trade (% GDP),UMC,Upper middle income,2016,44.8357832133482
trade,NE.TRD.GNFS.ZS,Trade (% GDP),UMC,Upper middle income,2015,46.634579040827
trade,NE.TRD.GNFS.ZS,Trade (% GDP),UMC,Upper middle income,2014,49.9902543121874
trade,NE.TRD.GNFS.ZS,Trade (% GDP),UMC,Upper middle income,2013,51.1923965832213
trade,NE.TRD.GNFS.ZS,Trade (% GDP),UMC,Upper middle income,2012,52.5563590114725
trade,NE.TRD.GNFS.ZS,Trade (% GDP),UMC,Upper middle income,2011,53.9437605981235
trade,NE.TRD.GNFS.ZS,Trade (% GDP),UMC,Upper middle income,2010,52.564851722336
trade,NE.TRD.GNFS.ZS,Trade (% GDP),UMC,Upper middle income,2009,49.1065601365113
trade,NE.TRD.GNFS.ZS,Trade (% GDP),UMC,Upper middle income,2008,59.2905777730701
trade,NE.TRD.GNFS.ZS,Trade (% GDP),UMC,Upper middle income,2007,61.0270282387511
trade,NE.TRD.GNFS.ZS,Trade (% GDP),UMC,Upper middle income,2006,62.717485417369
trade,NE.TRD.GNFS.ZS,Trade (% GDP),UMC,Upper middle income,2005,62.0145576093913
trade,NE.TRD.GNFS.ZS,Trade (% GDP),UMC,Upper middle income,2004,60.6861828344415
trade,NE.TRD.GNFS.ZS,Trade (% GDP),UMC,Upper middle income,2003,55.4267543122948
trade,NE.TRD.GNFS.ZS,Trade (% GDP),UMC,Upper middle income,2002,50.250045776496
trade,NE.TRD.GNFS.ZS,Trade (% GDP),UMC,Upper middle income,2001,47.9789437411193
trade,NE.TRD.GNFS.ZS,Trade (% GDP),UMC,Upper middle income,2000,48.6708048315672
trade,NE.TRD.GNFS.ZS,Trade (% GDP),UMC,Upper middle income,1999,43.380785522195
trade,NE.TRD.GNFS.ZS,Trade (% GDP),UMC,Upper middle income,1998,43.4685007848029
trade,NE.TRD.GNFS.ZS,Trade (% GDP),UMC,Upper middle income,1997,42.3102119665719
trade,NE.TRD.GNFS.ZS,Trade (% GDP),UMC,Upper middle income,1996,40.0835487251975
trade,NE.TRD.GNFS.ZS,Trade (% GDP),UMC,Upper middle income,1995,40.2472401751556
trade,NE.TRD.GNFS.ZS,Trade (% GDP),UMC,Upper middle income,1994,40.1571839585319
trade,NE.TRD.GNFS.ZS,Trade (% GDP),UMC,Upper middle income,1993,39.2283281770442
trade,NE.TRD.GNFS.ZS,Trade (% GDP),UMC,Upper middle income,1992,36.9596860058972
trade,NE.TRD.GNFS.ZS,Trade (% GDP),UMC,Upper middle income,1991,33.0205847627638
trade,NE.TRD.GNFS.ZS,Trade (% GDP),UMC,Upper middle income,1990,32.1249544742637
trade,NE.TRD.GNFS.ZS,Trade (% GDP),URY,Uruguay,2024,51.4582237554765
trade,NE.TRD.GNFS.ZS,Trade (% GDP),URY,Uruguay,2023,52.3273108387018
trade,NE.TRD.GNFS.ZS,Trade (% GDP),URY,Uruguay,2022,60.2026828336525
trade,NE.TRD.GNFS.ZS,Trade (% GDP),URY,Uruguay,2021,58.3150555063308
trade,NE.TRD.GNFS.ZS,Trade (% GDP),URY,Uruguay,2020,47.7318331202564
trade,NE.TRD.GNFS.ZS,Trade (% GDP),URY,Uruguay,2019,49.7448660724665
trade,NE.TRD.GNFS.ZS,Trade (% GDP),URY,Uruguay,2018,47.7913453459107
trade,NE.TRD.GNFS.ZS,Trade (% GDP),URY,Uruguay,2017,46.3779636198842
trade,NE.TRD.GNFS.ZS,Trade (% GDP),URY,Uruguay,2016,48.4705353074514
trade,NE.TRD.GNFS.ZS,Trade (% GDP),URY,Uruguay,2015,45.3282408087534
trade,NE.TRD.GNFS.ZS,Trade (% GDP),URY,Uruguay,2014,49.0876240632174
trade,NE.TRD.GNFS.ZS,Trade (% GDP),URY,Uruguay,2013,49.7178464746233
trade,NE.TRD.GNFS.ZS,Trade (% GDP),URY,Uruguay,2012,55.0611541633768
trade,NE.TRD.GNFS.ZS,Trade (% GDP),URY,Uruguay,2011,53.2470340109018
trade,NE.TRD.GNFS.ZS,Trade (% GDP),URY,Uruguay,2010,51.6990372012256
trade,NE.TRD.GNFS.ZS,Trade (% GDP),URY,Uruguay,2009,53.3944192683736
trade,NE.TRD.GNFS.ZS,Trade (% GDP),URY,Uruguay,2008,65.2080950071821
trade,NE.TRD.GNFS.ZS,Trade (% GDP),URY,Uruguay,2007,59.2104478374095
trade,NE.TRD.GNFS.ZS,Trade (% GDP),URY,Uruguay,2006,61.9715745165876
trade,NE.TRD.GNFS.ZS,Trade (% GDP),URY,Uruguay,2005,58.8776963255774
trade,NE.TRD.GNFS.ZS,Trade (% GDP),URY,Uruguay,2004,61.4766880860242
trade,NE.TRD.GNFS.ZS,Trade (% GDP),URY,Uruguay,2003,51.7591995826472
trade,NE.TRD.GNFS.ZS,Trade (% GDP),URY,Uruguay,2002,40.02906730756
trade,NE.TRD.GNFS.ZS,Trade (% GDP),URY,Uruguay,2001,36.3095126435057
trade,NE.TRD.GNFS.ZS,Trade (% GDP),URY,Uruguay,2000,36.7137381507902
trade,NE.TRD.GNFS.ZS,Trade (% GDP),URY,Uruguay,1999,33.3864489469027
trade,NE.TRD.GNFS.ZS,Trade (% GDP),URY,Uruguay,1998,35.6400154006956
trade,NE.TRD.GNFS.ZS,Trade (% GDP),URY,Uruguay,1997,37.706397080707
trade,NE.TRD.GNFS.ZS,Trade (% GDP),URY,Uruguay,1996,39.5284364552889
trade,NE.TRD.GNFS.ZS,Trade (% GDP),URY,Uruguay,1995,38.0976748425287
trade,NE.TRD.GNFS.ZS,Trade (% GDP),URY,Uruguay,1994,40.1488337195203
trade,NE.TRD.GNFS.ZS,Trade (% GDP),URY,Uruguay,1993,38.6849667589585
trade,NE.TRD.GNFS.ZS,Trade (% GDP),URY,Uruguay,1992,40.0730436292529
trade,NE.TRD.GNFS.ZS,Trade (% GDP),URY,Uruguay,1991,38.5549047407092
trade,NE.TRD.GNFS.ZS,Trade (% GDP),URY,Uruguay,1990,41.6284721190914
trade,NE.TRD.GNFS.ZS,Trade (% GDP),ZAF,South Africa,2024,61.646770473025
trade,NE.TRD.GNFS.ZS,Trade (% GDP),ZAF,South Africa,2023,65.6798759740707
trade,NE.TRD.GNFS.ZS,Trade (% GDP),ZAF,South Africa,2022,64.94713440234
trade,NE.TRD.GNFS.ZS,Trade (% GDP),ZAF,South Africa,2021,56.1647136277546
trade,NE.TRD.GNFS.ZS,Trade (% GDP),ZAF,South Africa,2020,50.7596590804177
trade,NE.TRD.GNFS.ZS,Trade (% GDP),ZAF,South Africa,2019,53.8979964081406
trade,NE.TRD.GNFS.ZS,Trade (% GDP),ZAF,South Africa,2018,54.4855451276341
trade,NE.TRD.GNFS.ZS,Trade (% GDP),ZAF,South Africa,2017,53.5359318293741
trade,NE.TRD.GNFS.ZS,Trade (% GDP),ZAF,South Africa,2016,55.8612575048782
trade,NE.TRD.GNFS.ZS,Trade (% GDP),ZAF,South Africa,2015,56.7266761447156
trade,NE.TRD.GNFS.ZS,Trade (% GDP),ZAF,South Africa,2014,59.4995740550593
trade,NE.TRD.GNFS.ZS,Trade (% GDP),ZAF,South Africa,2013,58.875027630051
trade,NE.TRD.GNFS.ZS,Trade (% GDP),ZAF,South Africa,2012,55.5826171933345
trade,NE.TRD.GNFS.ZS,Trade (% GDP),ZAF,South Africa,2011,54.6363504358971
trade,NE.TRD.GNFS.ZS,Trade (% GDP),ZAF,South Africa,2010,50.4060871625999
trade,NE.TRD.GNFS.ZS,Trade (% GDP),ZAF,South Africa,2009,49.5875353278801
trade,NE.TRD.GNFS.ZS,Trade (% GDP),ZAF,South Africa,2008,65.9745237996233
trade,NE.TRD.GNFS.ZS,Trade (% GDP),ZAF,South Africa,2007,57.125139137747
trade,NE.TRD.GNFS.ZS,Trade (% GDP),ZAF,South Africa,2006,53.7681412741145
trade,NE.TRD.GNFS.ZS,Trade (% GDP),ZAF,South Africa,2005,47.4277813970329
trade,NE.TRD.GNFS.ZS,Trade (% GDP),ZAF,South Africa,2004,45.6435752240041
trade,NE.TRD.GNFS.ZS,Trade (% GDP),ZAF,South Africa,2003,45.723862568979
trade,NE.TRD.GNFS.ZS,Trade (% GDP),ZAF,South Africa,2002,53.4655016294369
trade,NE.TRD.GNFS.ZS,Trade (% GDP),ZAF,South Africa,2001,49.170945185829
trade,NE.TRD.GNFS.ZS,Trade (% GDP),ZAF,South Africa,2000,46.2207217354077
trade,NE.TRD.GNFS.ZS,Trade (% GDP),ZAF,South Africa,1999,42.2582960172673
trade,NE.TRD.GNFS.ZS,Trade (% GDP),ZAF,South Africa,1998,44.0357453368965
trade,NE.TRD.GNFS.ZS,Trade (% GDP),ZAF,South Africa,1997,42.3013344291831
trade,NE.TRD.GNFS.ZS,Trade (% GDP),ZAF,South Africa,1996,42.199251732528
trade,NE.TRD.GNFS.ZS,Trade (% GDP),ZAF,South Africa,1995,39.4780337793026
trade,NE.TRD.GNFS.ZS,Trade (% GDP),ZAF,South Africa,1994,37.1146091666279
trade,NE.TRD.GNFS.ZS,Trade (% GDP),ZAF,South Africa,1993,35.6981243460429
trade,NE.TRD.GNFS.ZS,Trade (% GDP),ZAF,South Africa,1992,34.3213534993474
trade,NE.TRD.GNFS.ZS,Trade (% GDP),ZAF,South Africa,1991,34.8816092569776
trade,NE.TRD.GNFS.ZS,Trade (% GDP),ZAF,South Africa,1990,38.2118009241798
gini,SI.POV.GINI,Gini,ARG,Argentina,2024,42.4
gini,SI.POV.GINI,Gini,ARG,Argentina,2023,42.4
gini,SI.POV.GINI,Gini,ARG,Argentina,2022,40.7
gini,SI.POV.GINI,Gini,ARG,Argentina,2021,42.4
gini,SI.POV.GINI,Gini,ARG,Argentina,2020,42.7
gini,SI.POV.GINI,Gini,ARG,Argentina,2019,43.3
gini,SI.POV.GINI,Gini,ARG,Argentina,2018,41.7
gini,SI.POV.GINI,Gini,ARG,Argentina,2017,41.4
gini,SI.POV.GINI,Gini,ARG,Argentina,2016,42.3
gini,SI.POV.GINI,Gini,ARG,Argentina,2014,41.8
gini,SI.POV.GINI,Gini,ARG,Argentina,2013,41.1
gini,SI.POV.GINI,Gini,ARG,Argentina,2012,41.4
gini,SI.POV.GINI,Gini,ARG,Argentina,2011,42.7
gini,SI.POV.GINI,Gini,ARG,Argentina,2010,43.7
gini,SI.POV.GINI,Gini,ARG,Argentina,2009,43.8
gini,SI.POV.GINI,Gini,ARG,Argentina,2008,45
gini,SI.POV.GINI,Gini,ARG,Argentina,2007,46.3
gini,SI.POV.GINI,Gini,ARG,Argentina,2006,46.4
gini,SI.POV.GINI,Gini,ARG,Argentina,2005,47.8
gini,SI.POV.GINI,Gini,ARG,Argentina,2004,48.5
gini,SI.POV.GINI,Gini,ARG,Argentina,2003,51
gini,SI.POV.GINI,Gini,ARG,Argentina,2002,53.8
gini,SI.POV.GINI,Gini,ARG,Argentina,2001,53.3
gini,SI.POV.GINI,Gini,ARG,Argentina,2000,51
gini,SI.POV.GINI,Gini,ARG,Argentina,1999,49.8
gini,SI.POV.GINI,Gini,ARG,Argentina,1998,50.7
gini,SI.POV.GINI,Gini,ARG,Argentina,1997,49.1
gini,SI.POV.GINI,Gini,ARG,Argentina,1996,49.5
gini,SI.POV.GINI,Gini,ARG,Argentina,1995,48.9
gini,SI.POV.GINI,Gini,ARG,Argentina,1994,45.9
gini,SI.POV.GINI,Gini,ARG,Argentina,1993,44.8
gini,SI.POV.GINI,Gini,ARG,Argentina,1992,45.5
gini,SI.POV.GINI,Gini,ARG,Argentina,1991,46.8
gini,SI.POV.GINI,Gini,BGR,Bulgaria,2023,39.5
gini,SI.POV.GINI,Gini,BGR,Bulgaria,2022,38.2
gini,SI.POV.GINI,Gini,BGR,Bulgaria,2021,39
gini,SI.POV.GINI,Gini,BGR,Bulgaria,2020,40.5
gini,SI.POV.GINI,Gini,BGR,Bulgaria,2019,40.3
gini,SI.POV.GINI,Gini,BGR,Bulgaria,2018,41.3
gini,SI.POV.GINI,Gini,BGR,Bulgaria,2017,40.4
gini,SI.POV.GINI,Gini,BGR,Bulgaria,2016,40.6
gini,SI.POV.GINI,Gini,BGR,Bulgaria,2015,38.6
gini,SI.POV.GINI,Gini,BGR,Bulgaria,2014,37.4
gini,SI.POV.GINI,Gini,BGR,Bulgaria,2013,36.6
gini,SI.POV.GINI,Gini,BGR,Bulgaria,2012,36
gini,SI.POV.GINI,Gini,BGR,Bulgaria,2011,34.3
gini,SI.POV.GINI,Gini,BGR,Bulgaria,2010,35.7
gini,SI.POV.GINI,Gini,BGR,Bulgaria,2009,33.8
gini,SI.POV.GINI,Gini,BGR,Bulgaria,2008,33.6
gini,SI.POV.GINI,Gini,BGR,Bulgaria,2007,36.1
gini,SI.POV.GINI,Gini,BGR,Bulgaria,2006,35.7
gini,SI.POV.GINI,Gini,BGR,Bulgaria,2003,28.9
gini,SI.POV.GINI,Gini,BGR,Bulgaria,2001,32.7
gini,SI.POV.GINI,Gini,BGR,Bulgaria,1997,26.4
gini,SI.POV.GINI,Gini,BGR,Bulgaria,1995,32.8
gini,SI.POV.GINI,Gini,BGR,Bulgaria,1994,24.3
gini,SI.POV.GINI,Gini,BGR,Bulgaria,1992,30.7
gini,SI.POV.GINI,Gini,BRA,Brazil,2024,50.3
gini,SI.POV.GINI,Gini,BRA,Brazil,2023,51.5
gini,SI.POV.GINI,Gini,BRA,Brazil,2022,51.9
gini,SI.POV.GINI,Gini,BRA,Brazil,2021,52.9
gini,SI.POV.GINI,Gini,BRA,Brazil,2020,48.8
gini,SI.POV.GINI,Gini,BRA,Brazil,2019,53.5
gini,SI.POV.GINI,Gini,BRA,Brazil,2018,53.9
gini,SI.POV.GINI,Gini,BRA,Brazil,2017,53.3
gini,SI.POV.GINI,Gini,BRA,Brazil,2016,53.4
gini,SI.POV.GINI,Gini,BRA,Brazil,2015,51.9
gini,SI.POV.GINI,Gini,BRA,Brazil,2014,52.1
gini,SI.POV.GINI,Gini,BRA,Brazil,2013,52.7
gini,SI.POV.GINI,Gini,BRA,Brazil,2012,53.4
gini,SI.POV.GINI,Gini,BRA,Brazil,2011,52.9
gini,SI.POV.GINI,Gini,BRA,Brazil,2009,53.7
gini,SI.POV.GINI,Gini,BRA,Brazil,2008,54
gini,SI.POV.GINI,Gini,BRA,Brazil,2007,54.9
gini,SI.POV.GINI,Gini,BRA,Brazil,2006,55.6
gini,SI.POV.GINI,Gini,BRA,Brazil,2005,56.3
gini,SI.POV.GINI,Gini,BRA,Brazil,2004,56.5
gini,SI.POV.GINI,Gini,BRA,Brazil,2003,57.6
gini,SI.POV.GINI,Gini,BRA,Brazil,2002,58.1
gini,SI.POV.GINI,Gini,BRA,Brazil,2001,58.4
gini,SI.POV.GINI,Gini,BRA,Brazil,1999,59
gini,SI.POV.GINI,Gini,BRA,Brazil,1998,59.6
gini,SI.POV.GINI,Gini,BRA,Brazil,1997,59.8
gini,SI.POV.GINI,Gini,BRA,Brazil,1996,59.8
gini,SI.POV.GINI,Gini,BRA,Brazil,1995,59.5
gini,SI.POV.GINI,Gini,BRA,Brazil,1993,60.1
gini,SI.POV.GINI,Gini,BRA,Brazil,1992,53.1
gini,SI.POV.GINI,Gini,BRA,Brazil,1990,60.5
gini,SI.POV.GINI,Gini,CHL,Chile,2024,43
gini,SI.POV.GINI,Gini,CHL,Chile,2022,43.2
gini,SI.POV.GINI,Gini,CHL,Chile,2020,47
gini,SI.POV.GINI,Gini,CHL,Chile,2017,45.3
gini,SI.POV.GINI,Gini,CHL,Chile,2015,45.3
gini,SI.POV.GINI,Gini,CHL,Chile,2013,46.8
gini,SI.POV.GINI,Gini,CHL,Chile,2011,46.9
gini,SI.POV.GINI,Gini,CHL,Chile,2009,47.4
gini,SI.POV.GINI,Gini,CHL,Chile,2006,47.7
gini,SI.POV.GINI,Gini,CHL,Chile,2003,51.5
gini,SI.POV.GINI,Gini,CHL,Chile,2000,52.8
gini,SI.POV.GINI,Gini,CHL,Chile,1998,55.5
gini,SI.POV.GINI,Gini,CHL,Chile,1996,54.9
gini,SI.POV.GINI,Gini,CHL,Chile,1994,56.4
gini,SI.POV.GINI,Gini,CHL,Chile,1992,54.8
gini,SI.POV.GINI,Gini,CHL,Chile,1990,57.2
gini,SI.POV.GINI,Gini,CHN,China,2022,36
gini,SI.POV.GINI,Gini,CHN,China,2021,35.7
gini,SI.POV.GINI,Gini,CHN,China,2020,37.1
gini,SI.POV.GINI,Gini,CHN,China,2019,38.2
gini,SI.POV.GINI,Gini,CHN,China,2018,38.5
gini,SI.POV.GINI,Gini,CHN,China,2017,39.1
gini,SI.POV.GINI,Gini,CHN,China,2016,38.5
gini,SI.POV.GINI,Gini,CHN,China,2015,38.6
gini,SI.POV.GINI,Gini,CHN,China,2014,39.2
gini,SI.POV.GINI,Gini,CHN,China,2013,39.7
gini,SI.POV.GINI,Gini,CHN,China,2012,42.2
gini,SI.POV.GINI,Gini,CHN,China,2011,42.4
gini,SI.POV.GINI,Gini,CHN,China,2010,43.7
gini,SI.POV.GINI,Gini,CHN,China,2008,43
gini,SI.POV.GINI,Gini,CHN,China,2005,40.9
gini,SI.POV.GINI,Gini,CHN,China,2002,42
gini,SI.POV.GINI,Gini,CHN,China,1999,38.7
gini,SI.POV.GINI,Gini,CHN,China,1996,35.2
gini,SI.POV.GINI,Gini,CHN,China,1993,33.9
gini,SI.POV.GINI,Gini,CHN,China,1990,32.2
gini,SI.POV.GINI,Gini,COL,Colombia,2024,54.4
gini,SI.POV.GINI,Gini,COL,Colombia,2023,54.6
gini,SI.POV.GINI,Gini,COL,Colombia,2022,54.8
gini,SI.POV.GINI,Gini,COL,Colombia,2021,55.1
gini,SI.POV.GINI,Gini,COL,Colombia,2020,54.4
gini,SI.POV.GINI,Gini,COL,Colombia,2019,52.5
gini,SI.POV.GINI,Gini,COL,Colombia,2018,51.6
gini,SI.POV.GINI,Gini,COL,Colombia,2017,50.9
gini,SI.POV.GINI,Gini,COL,Colombia,2016,51.7
gini,SI.POV.GINI,Gini,COL,Colombia,2015,52
gini,SI.POV.GINI,Gini,COL,Colombia,2014,53.6
gini,SI.POV.GINI,Gini,COL,Colombia,2013,53.5
gini,SI.POV.GINI,Gini,COL,Colombia,2012,53.6
gini,SI.POV.GINI,Gini,COL,Colombia,2011,53.3
gini,SI.POV.GINI,Gini,COL,Colombia,2010,54.4
gini,SI.POV.GINI,Gini,COL,Colombia,2009,54.1
gini,SI.POV.GINI,Gini,COL,Colombia,2008,55
gini,SI.POV.GINI,Gini,COL,Colombia,2005,53.9
gini,SI.POV.GINI,Gini,COL,Colombia,2004,55
gini,SI.POV.GINI,Gini,COL,Colombia,2003,53.6
gini,SI.POV.GINI,Gini,COL,Colombia,2002,56
gini,SI.POV.GINI,Gini,COL,Colombia,2001,57.3
gini,SI.POV.GINI,Gini,COL,Colombia,2000,58.4
gini,SI.POV.GINI,Gini,COL,Colombia,1999,58.5
gini,SI.POV.GINI,Gini,COL,Colombia,1996,56.8
gini,SI.POV.GINI,Gini,COL,Colombia,1992,51.3
gini,SI.POV.GINI,Gini,COL,Colombia,1991,51.3
gini,SI.POV.GINI,Gini,CZE,Czechia,2023,25.7
gini,SI.POV.GINI,Gini,CZE,Czechia,2022,25.9
gini,SI.POV.GINI,Gini,CZE,Czechia,2021,26.2
gini,SI.POV.GINI,Gini,CZE,Czechia,2020,26.2
gini,SI.POV.GINI,Gini,CZE,Czechia,2019,25.3
gini,SI.POV.GINI,Gini,CZE,Czechia,2018,25
gini,SI.POV.GINI,Gini,CZE,Czechia,2017,24.9
gini,SI.POV.GINI,Gini,CZE,Czechia,2016,25.4
gini,SI.POV.GINI,Gini,CZE,Czechia,2015,25.9
gini,SI.POV.GINI,Gini,CZE,Czechia,2014,25.9
gini,SI.POV.GINI,Gini,CZE,Czechia,2013,26.5
gini,SI.POV.GINI,Gini,CZE,Czechia,2012,26.1
gini,SI.POV.GINI,Gini,CZE,Czechia,2011,26.4
gini,SI.POV.GINI,Gini,CZE,Czechia,2010,26.6
gini,SI.POV.GINI,Gini,CZE,Czechia,2009,26.2
gini,SI.POV.GINI,Gini,CZE,Czechia,2008,26.3
gini,SI.POV.GINI,Gini,CZE,Czechia,2007,26
gini,SI.POV.GINI,Gini,CZE,Czechia,2006,26.7
gini,SI.POV.GINI,Gini,CZE,Czechia,2005,26.9
gini,SI.POV.GINI,Gini,CZE,Czechia,2004,27.5
gini,SI.POV.GINI,Gini,CZE,Czechia,2002,26.6
gini,SI.POV.GINI,Gini,CZE,Czechia,1996,25.8
gini,SI.POV.GINI,Gini,CZE,Czechia,1993,26.6
gini,SI.POV.GINI,Gini,CZE,Czechia,1992,20.7
gini,SI.POV.GINI,Gini,ECU,Ecuador,2024,45.2
gini,SI.POV.GINI,Gini,ECU,Ecuador,2023,44.6
gini,SI.POV.GINI,Gini,ECU,Ecuador,2022,45.5
gini,SI.POV.GINI,Gini,ECU,Ecuador,2021,45.8
gini,SI.POV.GINI,Gini,ECU,Ecuador,2020,47.3
gini,SI.POV.GINI,Gini,ECU,Ecuador,2019,45.7
gini,SI.POV.GINI,Gini,ECU,Ecuador,2018,45.4
gini,SI.POV.GINI,Gini,ECU,Ecuador,2017,44.7
gini,SI.POV.GINI,Gini,ECU,Ecuador,2016,45
gini,SI.POV.GINI,Gini,ECU,Ecuador,2015,46
gini,SI.POV.GINI,Gini,ECU,Ecuador,2014,45
gini,SI.POV.GINI,Gini,ECU,Ecuador,2013,46.9
gini,SI.POV.GINI,Gini,ECU,Ecuador,2012,46.1
gini,SI.POV.GINI,Gini,ECU,Ecuador,2011,45.9
gini,SI.POV.GINI,Gini,ECU,Ecuador,2010,48.8
gini,SI.POV.GINI,Gini,ECU,Ecuador,2009,48.5
gini,SI.POV.GINI,Gini,ECU,Ecuador,2008,49.8
gini,SI.POV.GINI,Gini,ECU,Ecuador,2007,53.4
gini,SI.POV.GINI,Gini,ECU,Ecuador,2006,52.3
gini,SI.POV.GINI,Gini,ECU,Ecuador,2005,53.1
gini,SI.POV.GINI,Gini,ECU,Ecuador,2004,53.9
gini,SI.POV.GINI,Gini,ECU,Ecuador,2003,53.5
gini,SI.POV.GINI,Gini,ECU,Ecuador,2000,56.3
gini,SI.POV.GINI,Gini,ECU,Ecuador,1999,58.6
gini,SI.POV.GINI,Gini,ECU,Ecuador,1998,49.6
gini,SI.POV.GINI,Gini,ECU,Ecuador,1995,50.8
gini,SI.POV.GINI,Gini,ECU,Ecuador,1994,53.3
gini,SI.POV.GINI,Gini,HUN,Hungary,2017,30.6
gini,SI.POV.GINI,Gini,HUN,Hungary,2016,30.3
gini,SI.POV.GINI,Gini,HUN,Hungary,2015,30.4
gini,SI.POV.GINI,Gini,HUN,Hungary,2014,30.9
gini,SI.POV.GINI,Gini,HUN,Hungary,2013,31.5
gini,SI.POV.GINI,Gini,HUN,Hungary,2012,30.8
gini,SI.POV.GINI,Gini,HUN,Hungary,2011,29.2
gini,SI.POV.GINI,Gini,HUN,Hungary,2010,29.4
gini,SI.POV.GINI,Gini,HUN,Hungary,2009,27
gini,SI.POV.GINI,Gini,HUN,Hungary,2008,27.5
gini,SI.POV.GINI,Gini,HUN,Hungary,2007,27.9
gini,SI.POV.GINI,Gini,HUN,Hungary,2006,28.3
gini,SI.POV.GINI,Gini,HUN,Hungary,2005,34.7
gini,SI.POV.GINI,Gini,HUN,Hungary,2004,29.9
gini,SI.POV.GINI,Gini,HUN,Hungary,2003,30.9
gini,SI.POV.GINI,Gini,HUN,Hungary,2002,26.8
gini,SI.POV.GINI,Gini,HUN,Hungary,2001,26.9
gini,SI.POV.GINI,Gini,HUN,Hungary,2000,27.2
gini,SI.POV.GINI,Gini,HUN,Hungary,1999,30.2
gini,SI.POV.GINI,Gini,HUN,Hungary,1998,26.4
gini,SI.POV.GINI,Gini,HUN,Hungary,1994,33.3
gini,SI.POV.GINI,Gini,HUN,Hungary,1993,27.9
gini,SI.POV.GINI,Gini,HUN,Hungary,1991,29.6
gini,SI.POV.GINI,Gini,IDN,Indonesia,2024,34.9
gini,SI.POV.GINI,Gini,IDN,Indonesia,2023,36.1
gini,SI.POV.GINI,Gini,IDN,Indonesia,2022,35.5
gini,SI.POV.GINI,Gini,IDN,Indonesia,2021,35.5
gini,SI.POV.GINI,Gini,IDN,Indonesia,2020,35.3
gini,SI.POV.GINI,Gini,IDN,Indonesia,2019,35.4
gini,SI.POV.GINI,Gini,IDN,Indonesia,2018,36.3
gini,SI.POV.GINI,Gini,IDN,Indonesia,2017,36.4
gini,SI.POV.GINI,Gini,IDN,Indonesia,2016,36.9
gini,SI.POV.GINI,Gini,IDN,Indonesia,2015,38.2
gini,SI.POV.GINI,Gini,IDN,Indonesia,2014,38.8
gini,SI.POV.GINI,Gini,IDN,Indonesia,2013,38.9
gini,SI.POV.GINI,Gini,IDN,Indonesia,2012,37.1
gini,SI.POV.GINI,Gini,IDN,Indonesia,2011,37.9
gini,SI.POV.GINI,Gini,IDN,Indonesia,2010,34.6
gini,SI.POV.GINI,Gini,IDN,Indonesia,2009,33.4
gini,SI.POV.GINI,Gini,IDN,Indonesia,2008,32.6
gini,SI.POV.GINI,Gini,IDN,Indonesia,2007,33.2
gini,SI.POV.GINI,Gini,IDN,Indonesia,2006,31.5
gini,SI.POV.GINI,Gini,IDN,Indonesia,2005,29.9
gini,SI.POV.GINI,Gini,IDN,Indonesia,2004,30.4
gini,SI.POV.GINI,Gini,IDN,Indonesia,2003,29.3
gini,SI.POV.GINI,Gini,IDN,Indonesia,2002,30.2
gini,SI.POV.GINI,Gini,IDN,Indonesia,2001,31.2
gini,SI.POV.GINI,Gini,IDN,Indonesia,2000,30.3
gini,SI.POV.GINI,Gini,IDN,Indonesia,1999,30.8
gini,SI.POV.GINI,Gini,IDN,Indonesia,1998,30.9
gini,SI.POV.GINI,Gini,IDN,Indonesia,1996,34.2
gini,SI.POV.GINI,Gini,IDN,Indonesia,1993,31.8
gini,SI.POV.GINI,Gini,IDN,Indonesia,1990,31.1
gini,SI.POV.GINI,Gini,IND,India,2022,25.5
gini,SI.POV.GINI,Gini,IND,India,2011,28.8
gini,SI.POV.GINI,Gini,IND,India,2009,27.8
gini,SI.POV.GINI,Gini,IND,India,2004,27.7
gini,SI.POV.GINI,Gini,IND,India,1993,26.1
gini,SI.POV.GINI,Gini,KOR,"Korea, Rep.",2021,32.9
gini,SI.POV.GINI,Gini,KOR,"Korea, Rep.",2020,32.7
gini,SI.POV.GINI,Gini,KOR,"Korea, Rep.",2019,33.2
gini,SI.POV.GINI,Gini,KOR,"Korea, Rep.",2018,33.7
gini,SI.POV.GINI,Gini,KOR,"Korea, Rep.",2017,34.9
gini,SI.POV.GINI,Gini,KOR,"Korea, Rep.",2016,35.2
gini,SI.POV.GINI,Gini,KOR,"Korea, Rep.",2014,31.2
gini,SI.POV.GINI,Gini,KOR,"Korea, Rep.",2012,31.6
gini,SI.POV.GINI,Gini,KOR,"Korea, Rep.",2010,32
gini,SI.POV.GINI,Gini,KOR,"Korea, Rep.",2008,32.3
gini,SI.POV.GINI,Gini,KOR,"Korea, Rep.",2006,31.7
gini,SI.POV.GINI,Gini,MEX,Mexico,2024,42.6
gini,SI.POV.GINI,Gini,MEX,Mexico,2022,43.5
gini,SI.POV.GINI,Gini,MEX,Mexico,2020,44.6
gini,SI.POV.GINI,Gini,MEX,Mexico,2018,46
gini,SI.POV.GINI,Gini,MEX,Mexico,2016,46.9
gini,SI.POV.GINI,Gini,MEX,Mexico,2014,48.9
gini,SI.POV.GINI,Gini,MEX,Mexico,2012,49.6
gini,SI.POV.GINI,Gini,MEX,Mexico,2010,47.7
gini,SI.POV.GINI,Gini,MEX,Mexico,2008,50.8
gini,SI.POV.GINI,Gini,MEX,Mexico,2006,49.7
gini,SI.POV.GINI,Gini,MEX,Mexico,2005,50.9
gini,SI.POV.GINI,Gini,MEX,Mexico,2004,50.3
gini,SI.POV.GINI,Gini,MEX,Mexico,2002,50.6
gini,SI.POV.GINI,Gini,MEX,Mexico,2000,53.4
gini,SI.POV.GINI,Gini,MEX,Mexico,1998,53.3
gini,SI.POV.GINI,Gini,MEX,Mexico,1996,52
gini,SI.POV.GINI,Gini,MEX,Mexico,1994,53.4
gini,SI.POV.GINI,Gini,MEX,Mexico,1992,52.3
gini,SI.POV.GINI,Gini,MYS,Malaysia,2021,40.7
gini,SI.POV.GINI,Gini,MYS,Malaysia,2018,41.2
gini,SI.POV.GINI,Gini,MYS,Malaysia,2015,41.1
gini,SI.POV.GINI,Gini,MYS,Malaysia,2013,41.3
gini,SI.POV.GINI,Gini,MYS,Malaysia,2011,43.6
gini,SI.POV.GINI,Gini,MYS,Malaysia,2008,45.5
gini,SI.POV.GINI,Gini,MYS,Malaysia,2006,44.8
gini,SI.POV.GINI,Gini,MYS,Malaysia,2003,46.4
gini,SI.POV.GINI,Gini,MYS,Malaysia,1997,49.1
gini,SI.POV.GINI,Gini,MYS,Malaysia,1995,48.5
gini,SI.POV.GINI,Gini,MYS,Malaysia,1992,47.7
gini,SI.POV.GINI,Gini,PER,Peru,2024,40.1
gini,SI.POV.GINI,Gini,PER,Peru,2023,40.7
gini,SI.POV.GINI,Gini,PER,Peru,2022,40.3
gini,SI.POV.GINI,Gini,PER,Peru,2021,40.1
gini,SI.POV.GINI,Gini,PER,Peru,2020,43.7
gini,SI.POV.GINI,Gini,PER,Peru,2019,41.5
gini,SI.POV.GINI,Gini,PER,Peru,2018,42.4
gini,SI.POV.GINI,Gini,PER,Peru,2017,43.3
gini,SI.POV.GINI,Gini,PER,Peru,2016,43.6
gini,SI.POV.GINI,Gini,PER,Peru,2015,43.4
gini,SI.POV.GINI,Gini,PER,Peru,2014,43.1
gini,SI.POV.GINI,Gini,PER,Peru,2013,43.9
gini,SI.POV.GINI,Gini,PER,Peru,2012,44.4
gini,SI.POV.GINI,Gini,PER,Peru,2011,44.7
gini,SI.POV.GINI,Gini,PER,Peru,2010,45.5
gini,SI.POV.GINI,Gini,PER,Peru,2009,47
gini,SI.POV.GINI,Gini,PER,Peru,2008,47.5
gini,SI.POV.GINI,Gini,PER,Peru,2007,50
gini,SI.POV.GINI,Gini,PER,Peru,2006,50.3
gini,SI.POV.GINI,Gini,PER,Peru,2005,50.4
gini,SI.POV.GINI,Gini,PER,Peru,2004,49.9
gini,SI.POV.GINI,Gini,PER,Peru,2003,53.1
gini,SI.POV.GINI,Gini,PER,Peru,2002,53.6
gini,SI.POV.GINI,Gini,PER,Peru,2001,51.3
gini,SI.POV.GINI,Gini,PER,Peru,2000,49.1
gini,SI.POV.GINI,Gini,PER,Peru,1999,54.8
gini,SI.POV.GINI,Gini,PER,Peru,1998,55.1
gini,SI.POV.GINI,Gini,PER,Peru,1997,53.3
gini,SI.POV.GINI,Gini,PER,Peru,1994,44
gini,SI.POV.GINI,Gini,POL,Poland,2023,28.5
gini,SI.POV.GINI,Gini,POL,Poland,2022,28.9
gini,SI.POV.GINI,Gini,POL,Poland,2021,28.5
gini,SI.POV.GINI,Gini,POL,Poland,2020,28.5
gini,SI.POV.GINI,Gini,POL,Poland,2019,28.8
gini,SI.POV.GINI,Gini,POL,Poland,2018,30.2
gini,SI.POV.GINI,Gini,POL,Poland,2017,29.7
gini,SI.POV.GINI,Gini,POL,Poland,2016,31.2
gini,SI.POV.GINI,Gini,POL,Poland,2015,31.8
gini,SI.POV.GINI,Gini,POL,Poland,2014,32.8
gini,SI.POV.GINI,Gini,POL,Poland,2013,33.1
gini,SI.POV.GINI,Gini,POL,Poland,2012,33
gini,SI.POV.GINI,Gini,POL,Poland,2011,33.2
gini,SI.POV.GINI,Gini,POL,Poland,2010,33.2
gini,SI.POV.GINI,Gini,POL,Poland,2009,33.4
gini,SI.POV.GINI,Gini,POL,Poland,2008,33.5
gini,SI.POV.GINI,Gini,POL,Poland,2007,34
gini,SI.POV.GINI,Gini,POL,Poland,2006,34.7
gini,SI.POV.GINI,Gini,POL,Poland,2005,35.8
gini,SI.POV.GINI,Gini,POL,Poland,2004,38
gini,SI.POV.GINI,Gini,POL,Poland,2003,34.9
gini,SI.POV.GINI,Gini,POL,Poland,2002,34.1
gini,SI.POV.GINI,Gini,POL,Poland,2001,32.8
gini,SI.POV.GINI,Gini,POL,Poland,2000,33
gini,SI.POV.GINI,Gini,POL,Poland,1999,32.3
gini,SI.POV.GINI,Gini,POL,Poland,1998,32.3
gini,SI.POV.GINI,Gini,POL,Poland,1996,32.6
gini,SI.POV.GINI,Gini,POL,Poland,1995,34.6
gini,SI.POV.GINI,Gini,POL,Poland,1993,26.7
gini,SI.POV.GINI,Gini,POL,Poland,1992,29.3
gini,SI.POV.GINI,Gini,RUS,Russian Federation,2023,33
gini,SI.POV.GINI,Gini,RUS,Russian Federation,2022,33.9
gini,SI.POV.GINI,Gini,RUS,Russian Federation,2021,35.1
gini,SI.POV.GINI,Gini,RUS,Russian Federation,2020,33.7
gini,SI.POV.GINI,Gini,RUS,Russian Federation,2019,35.7
gini,SI.POV.GINI,Gini,RUS,Russian Federation,2018,35.3
gini,SI.POV.GINI,Gini,RUS,Russian Federation,2017,35.5
gini,SI.POV.GINI,Gini,RUS,Russian Federation,2016,36.7
gini,SI.POV.GINI,Gini,RUS,Russian Federation,2015,36.5
gini,SI.POV.GINI,Gini,RUS,Russian Federation,2014,36.9
gini,SI.POV.GINI,Gini,RUS,Russian Federation,2013,40.9
gini,SI.POV.GINI,Gini,RUS,Russian Federation,2012,40.7
gini,SI.POV.GINI,Gini,RUS,Russian Federation,2011,39.7
gini,SI.POV.GINI,Gini,RUS,Russian Federation,2010,39.5
gini,SI.POV.GINI,Gini,RUS,Russian Federation,2009,39.8
gini,SI.POV.GINI,Gini,RUS,Russian Federation,2008,41.6
gini,SI.POV.GINI,Gini,RUS,Russian Federation,2007,42.3
gini,SI.POV.GINI,Gini,RUS,Russian Federation,2006,41
gini,SI.POV.GINI,Gini,RUS,Russian Federation,2005,41.3
gini,SI.POV.GINI,Gini,RUS,Russian Federation,2004,40.3
gini,SI.POV.GINI,Gini,RUS,Russian Federation,2003,40
gini,SI.POV.GINI,Gini,RUS,Russian Federation,2002,37.3
gini,SI.POV.GINI,Gini,RUS,Russian Federation,2001,36.9
gini,SI.POV.GINI,Gini,RUS,Russian Federation,2000,37.1
gini,SI.POV.GINI,Gini,RUS,Russian Federation,1999,37.4
gini,SI.POV.GINI,Gini,RUS,Russian Federation,1998,38.1
gini,SI.POV.GINI,Gini,RUS,Russian Federation,1997,38.4
gini,SI.POV.GINI,Gini,RUS,Russian Federation,1996,46.1
gini,SI.POV.GINI,Gini,RUS,Russian Federation,1993,45.4
gini,SI.POV.GINI,Gini,THA,Thailand,2024,33.3
gini,SI.POV.GINI,Gini,THA,Thailand,2023,33.5
gini,SI.POV.GINI,Gini,THA,Thailand,2022,34.3
gini,SI.POV.GINI,Gini,THA,Thailand,2021,34.9
gini,SI.POV.GINI,Gini,THA,Thailand,2020,35
gini,SI.POV.GINI,Gini,THA,Thailand,2019,34.9
gini,SI.POV.GINI,Gini,THA,Thailand,2018,36.4
gini,SI.POV.GINI,Gini,THA,Thailand,2017,36.4
gini,SI.POV.GINI,Gini,THA,Thailand,2016,36.7
gini,SI.POV.GINI,Gini,THA,Thailand,2015,36
gini,SI.POV.GINI,Gini,THA,Thailand,2014,37
gini,SI.POV.GINI,Gini,THA,Thailand,2013,37.8
gini,SI.POV.GINI,Gini,THA,Thailand,2012,39.3
gini,SI.POV.GINI,Gini,THA,Thailand,2011,37.5
gini,SI.POV.GINI,Gini,THA,Thailand,2010,39.4
gini,SI.POV.GINI,Gini,THA,Thailand,2009,39.6
gini,SI.POV.GINI,Gini,THA,Thailand,2008,40.3
gini,SI.POV.GINI,Gini,THA,Thailand,2007,39.8
gini,SI.POV.GINI,Gini,THA,Thailand,2006,41.8
gini,SI.POV.GINI,Gini,THA,Thailand,2004,42.5
gini,SI.POV.GINI,Gini,THA,Thailand,2002,41.9
gini,SI.POV.GINI,Gini,THA,Thailand,2000,42.8
gini,SI.POV.GINI,Gini,THA,Thailand,1999,43.1
gini,SI.POV.GINI,Gini,THA,Thailand,1998,41.5
gini,SI.POV.GINI,Gini,THA,Thailand,1996,42.9
gini,SI.POV.GINI,Gini,THA,Thailand,1994,43.5
gini,SI.POV.GINI,Gini,THA,Thailand,1992,47.9
gini,SI.POV.GINI,Gini,THA,Thailand,1990,45.3
gini,SI.POV.GINI,Gini,TUR,Turkiye,2023,43.7
gini,SI.POV.GINI,Gini,TUR,Turkiye,2022,44.5
gini,SI.POV.GINI,Gini,TUR,Turkiye,2021,44.4
gini,SI.POV.GINI,Gini,TUR,Turkiye,2020,43
gini,SI.POV.GINI,Gini,TUR,Turkiye,2019,43.8
gini,SI.POV.GINI,Gini,TUR,Turkiye,2018,42.4
gini,SI.POV.GINI,Gini,TUR,Turkiye,2017,43.5
gini,SI.POV.GINI,Gini,TUR,Turkiye,2016,41.9
gini,SI.POV.GINI,Gini,TUR,Turkiye,2015,42.9
gini,SI.POV.GINI,Gini,TUR,Turkiye,2014,41.2
gini,SI.POV.GINI,Gini,TUR,Turkiye,2013,40.2
gini,SI.POV.GINI,Gini,TUR,Turkiye,2012,40.2
gini,SI.POV.GINI,Gini,TUR,Turkiye,2011,40
gini,SI.POV.GINI,Gini,TUR,Turkiye,2010,38.8
gini,SI.POV.GINI,Gini,TUR,Turkiye,2009,39
gini,SI.POV.GINI,Gini,TUR,Turkiye,2008,39
gini,SI.POV.GINI,Gini,TUR,Turkiye,2007,38.4
gini,SI.POV.GINI,Gini,TUR,Turkiye,2006,39.6
gini,SI.POV.GINI,Gini,TUR,Turkiye,2005,42.6
gini,SI.POV.GINI,Gini,TUR,Turkiye,2004,41.3
gini,SI.POV.GINI,Gini,TUR,Turkiye,2003,42.2
gini,SI.POV.GINI,Gini,TUR,Turkiye,2002,41.4
gini,SI.POV.GINI,Gini,TUR,Turkiye,1994,41.3
gini,SI.POV.GINI,Gini,UKR,Ukraine,2020,25.6
gini,SI.POV.GINI,Gini,UKR,Ukraine,2019,26.6
gini,SI.POV.GINI,Gini,UKR,Ukraine,2018,26.1
gini,SI.POV.GINI,Gini,UKR,Ukraine,2017,26
gini,SI.POV.GINI,Gini,UKR,Ukraine,2016,25
gini,SI.POV.GINI,Gini,UKR,Ukraine,2015,25.5
gini,SI.POV.GINI,Gini,UKR,Ukraine,2014,24
gini,SI.POV.GINI,Gini,UKR,Ukraine,2013,24.6
gini,SI.POV.GINI,Gini,UKR,Ukraine,2012,24.7
gini,SI.POV.GINI,Gini,UKR,Ukraine,2011,24.6
gini,SI.POV.GINI,Gini,UKR,Ukraine,2010,24.8
gini,SI.POV.GINI,Gini,UKR,Ukraine,2009,25.3
gini,SI.POV.GINI,Gini,UKR,Ukraine,2008,26.6
gini,SI.POV.GINI,Gini,UKR,Ukraine,2007,27
gini,SI.POV.GINI,Gini,UKR,Ukraine,2006,29.8
gini,SI.POV.GINI,Gini,UKR,Ukraine,2005,29
gini,SI.POV.GINI,Gini,UKR,Ukraine,2004,28.9
gini,SI.POV.GINI,Gini,UKR,Ukraine,2003,28.7
gini,SI.POV.GINI,Gini,UKR,Ukraine,2002,29
gini,SI.POV.GINI,Gini,UKR,Ukraine,1999,28.9
gini,SI.POV.GINI,Gini,UKR,Ukraine,1996,35.2
gini,SI.POV.GINI,Gini,UKR,Ukraine,1995,39.2
gini,SI.POV.GINI,Gini,UKR,Ukraine,1993,28.9
gini,SI.POV.GINI,Gini,UKR,Ukraine,1992,29.7
gini,SI.POV.GINI,Gini,URY,Uruguay,2024,40
gini,SI.POV.GINI,Gini,URY,Uruguay,2023,40.9
gini,SI.POV.GINI,Gini,URY,Uruguay,2022,40.6
gini,SI.POV.GINI,Gini,URY,Uruguay,2021,40.8
gini,SI.POV.GINI,Gini,URY,Uruguay,2020,40.2
gini,SI.POV.GINI,Gini,URY,Uruguay,2019,39.7
gini,SI.POV.GINI,Gini,URY,Uruguay,2018,39.7
gini,SI.POV.GINI,Gini,URY,Uruguay,2017,39.5
gini,SI.POV.GINI,Gini,URY,Uruguay,2016,39.7
gini,SI.POV.GINI,Gini,URY,Uruguay,2015,40.1
gini,SI.POV.GINI,Gini,URY,Uruguay,2014,40.1
gini,SI.POV.GINI,Gini,URY,Uruguay,2013,40.5
gini,SI.POV.GINI,Gini,URY,Uruguay,2012,39.9
gini,SI.POV.GINI,Gini,URY,Uruguay,2011,42.2
gini,SI.POV.GINI,Gini,URY,Uruguay,2010,44.5
gini,SI.POV.GINI,Gini,URY,Uruguay,2009,45.5
gini,SI.POV.GINI,Gini,URY,Uruguay,2008,45.1
gini,SI.POV.GINI,Gini,URY,Uruguay,2007,46.4
gini,SI.POV.GINI,Gini,URY,Uruguay,2006,45.9
gini,SI.POV.GINI,Gini,URY,Uruguay,2005,44.7
gini,SI.POV.GINI,Gini,URY,Uruguay,2004,45.9
gini,SI.POV.GINI,Gini,URY,Uruguay,2003,45
gini,SI.POV.GINI,Gini,URY,Uruguay,2002,45.5
gini,SI.POV.GINI,Gini,URY,Uruguay,2001,45
gini,SI.POV.GINI,Gini,URY,Uruguay,2000,43.4
gini,SI.POV.GINI,Gini,URY,Uruguay,1998,42.5
gini,SI.POV.GINI,Gini,URY,Uruguay,1997,41.5
gini,SI.POV.GINI,Gini,URY,Uruguay,1996,40.8
gini,SI.POV.GINI,Gini,URY,Uruguay,1995,40.9
gini,SI.POV.GINI,Gini,URY,Uruguay,1992,41.5
gini,SI.POV.GINI,Gini,ZAF,South Africa,2022,54.1
gini,SI.POV.GINI,Gini,ZAF,South Africa,2014,59.6
gini,SI.POV.GINI,Gini,ZAF,South Africa,2010,60.9
gini,SI.POV.GINI,Gini,ZAF,South Africa,2008,62.5
gini,SI.POV.GINI,Gini,ZAF,South Africa,2005,65
gini,SI.POV.GINI,Gini,ZAF,South Africa,2000,57.8
gini,SI.POV.GINI,Gini,ZAF,South Africa,1993,59.3
poverty_830,SI.POV.UMIC,Poverty $8.30/day (%),ARG,Argentina,2024,15.2
poverty_830,SI.POV.UMIC,Poverty $8.30/day (%),ARG,Argentina,2023,16.4
poverty_830,SI.POV.UMIC,Poverty $8.30/day (%),ARG,Argentina,2022,13.9
poverty_830,SI.POV.UMIC,Poverty $8.30/day (%),ARG,Argentina,2021,14.2
poverty_830,SI.POV.UMIC,Poverty $8.30/day (%),ARG,Argentina,2020,18.3
poverty_830,SI.POV.UMIC,Poverty $8.30/day (%),ARG,Argentina,2019,14.9
poverty_830,SI.POV.UMIC,Poverty $8.30/day (%),ARG,Argentina,2018,12.5
poverty_830,SI.POV.UMIC,Poverty $8.30/day (%),ARG,Argentina,2017,9.8
poverty_830,SI.POV.UMIC,Poverty $8.30/day (%),ARG,Argentina,2016,11.5
poverty_830,SI.POV.UMIC,Poverty $8.30/day (%),ARG,Argentina,2014,11.7
poverty_830,SI.POV.UMIC,Poverty $8.30/day (%),ARG,Argentina,2013,10.4
poverty_830,SI.POV.UMIC,Poverty $8.30/day (%),ARG,Argentina,2012,10.3
poverty_830,SI.POV.UMIC,Poverty $8.30/day (%),ARG,Argentina,2011,11.3
poverty_830,SI.POV.UMIC,Poverty $8.30/day (%),ARG,Argentina,2010,13.6
poverty_830,SI.POV.UMIC,Poverty $8.30/day (%),ARG,Argentina,2009,15.2
poverty_830,SI.POV.UMIC,Poverty $8.30/day (%),ARG,Argentina,2008,16.7
poverty_830,SI.POV.UMIC,Poverty $8.30/day (%),ARG,Argentina,2007,18.9
poverty_830,SI.POV.UMIC,Poverty $8.30/day (%),ARG,Argentina,2006,19.9
poverty_830,SI.POV.UMIC,Poverty $8.30/day (%),ARG,Argentina,2005,24.5
poverty_830,SI.POV.UMIC,Poverty $8.30/day (%),ARG,Argentina,2004,28.6
poverty_830,SI.POV.UMIC,Poverty $8.30/day (%),ARG,Argentina,2003,33.1
poverty_830,SI.POV.UMIC,Poverty $8.30/day (%),ARG,Argentina,2002,49.1
poverty_830,SI.POV.UMIC,Poverty $8.30/day (%),ARG,Argentina,2001,34.3
poverty_830,SI.POV.UMIC,Poverty $8.30/day (%),ARG,Argentina,2000,30.9
poverty_830,SI.POV.UMIC,Poverty $8.30/day (%),ARG,Argentina,1999,28
poverty_830,SI.POV.UMIC,Poverty $8.30/day (%),ARG,Argentina,1998,27
poverty_830,SI.POV.UMIC,Poverty $8.30/day (%),ARG,Argentina,1997,24.8
poverty_830,SI.POV.UMIC,Poverty $8.30/day (%),ARG,Argentina,1996,25.8
poverty_830,SI.POV.UMIC,Poverty $8.30/day (%),ARG,Argentina,1995,24
poverty_830,SI.POV.UMIC,Poverty $8.30/day (%),ARG,Argentina,1994,18.5
poverty_830,SI.POV.UMIC,Poverty $8.30/day (%),ARG,Argentina,1993,17.4
poverty_830,SI.POV.UMIC,Poverty $8.30/day (%),ARG,Argentina,1992,17.9
poverty_830,SI.POV.UMIC,Poverty $8.30/day (%),ARG,Argentina,1991,17.3
poverty_830,SI.POV.UMIC,Poverty $8.30/day (%),BGR,Bulgaria,2023,4.4
poverty_830,SI.POV.UMIC,Poverty $8.30/day (%),BGR,Bulgaria,2022,5.5
poverty_830,SI.POV.UMIC,Poverty $8.30/day (%),BGR,Bulgaria,2021,6.5
poverty_830,SI.POV.UMIC,Poverty $8.30/day (%),BGR,Bulgaria,2020,5.8
poverty_830,SI.POV.UMIC,Poverty $8.30/day (%),BGR,Bulgaria,2019,8.2
poverty_830,SI.POV.UMIC,Poverty $8.30/day (%),BGR,Bulgaria,2018,9.1
poverty_830,SI.POV.UMIC,Poverty $8.30/day (%),BGR,Bulgaria,2017,11.7
poverty_830,SI.POV.UMIC,Poverty $8.30/day (%),BGR,Bulgaria,2016,11.6
poverty_830,SI.POV.UMIC,Poverty $8.30/day (%),BGR,Bulgaria,2015,15.6
poverty_830,SI.POV.UMIC,Poverty $8.30/day (%),BGR,Bulgaria,2014,13.2
poverty_830,SI.POV.UMIC,Poverty $8.30/day (%),BGR,Bulgaria,2013,15.2
poverty_830,SI.POV.UMIC,Poverty $8.30/day (%),BGR,Bulgaria,2012,16.8
poverty_830,SI.POV.UMIC,Poverty $8.30/day (%),BGR,Bulgaria,2011,17
poverty_830,SI.POV.UMIC,Poverty $8.30/day (%),BGR,Bulgaria,2010,15.9
poverty_830,SI.POV.UMIC,Poverty $8.30/day (%),BGR,Bulgaria,2009,13
poverty_830,SI.POV.UMIC,Poverty $8.30/day (%),BGR,Bulgaria,2008,13.4
poverty_830,SI.POV.UMIC,Poverty $8.30/day (%),BGR,Bulgaria,2007,18.5
poverty_830,SI.POV.UMIC,Poverty $8.30/day (%),BGR,Bulgaria,2006,33.5
poverty_830,SI.POV.UMIC,Poverty $8.30/day (%),BGR,Bulgaria,2003,37.3
poverty_830,SI.POV.UMIC,Poverty $8.30/day (%),BGR,Bulgaria,2001,35.8
poverty_830,SI.POV.UMIC,Poverty $8.30/day (%),BGR,Bulgaria,1997,62.8
poverty_830,SI.POV.UMIC,Poverty $8.30/day (%),BGR,Bulgaria,1995,21.4
poverty_830,SI.POV.UMIC,Poverty $8.30/day (%),BGR,Bulgaria,1994,9.8
poverty_830,SI.POV.UMIC,Poverty $8.30/day (%),BGR,Bulgaria,1992,5.1
poverty_830,SI.POV.UMIC,Poverty $8.30/day (%),BRA,Brazil,2024,20.6
poverty_830,SI.POV.UMIC,Poverty $8.30/day (%),BRA,Brazil,2023,23.3
poverty_830,SI.POV.UMIC,Poverty $8.30/day (%),BRA,Brazil,2022,25.3
poverty_830,SI.POV.UMIC,Poverty $8.30/day (%),BRA,Brazil,2021,30.6
poverty_830,SI.POV.UMIC,Poverty $8.30/day (%),BRA,Brazil,2020,20.8
poverty_830,SI.POV.UMIC,Poverty $8.30/day (%),BRA,Brazil,2019,28
poverty_830,SI.POV.UMIC,Poverty $8.30/day (%),BRA,Brazil,2018,28.7
poverty_830,SI.POV.UMIC,Poverty $8.30/day (%),BRA,Brazil,2017,29.3
poverty_830,SI.POV.UMIC,Poverty $8.30/day (%),BRA,Brazil,2016,29.1
poverty_830,SI.POV.UMIC,Poverty $8.30/day (%),BRA,Brazil,2015,27.4
poverty_830,SI.POV.UMIC,Poverty $8.30/day (%),BRA,Brazil,2014,26.4
poverty_830,SI.POV.UMIC,Poverty $8.30/day (%),BRA,Brazil,2013,27.9
poverty_830,SI.POV.UMIC,Poverty $8.30/day (%),BRA,Brazil,2012,30.4
poverty_830,SI.POV.UMIC,Poverty $8.30/day (%),BRA,Brazil,2011,32.2
poverty_830,SI.POV.UMIC,Poverty $8.30/day (%),BRA,Brazil,2009,36.3
poverty_830,SI.POV.UMIC,Poverty $8.30/day (%),BRA,Brazil,2008,38.2
poverty_830,SI.POV.UMIC,Poverty $8.30/day (%),BRA,Brazil,2007,41.2
poverty_830,SI.POV.UMIC,Poverty $8.30/day (%),BRA,Brazil,2006,43.7
poverty_830,SI.POV.UMIC,Poverty $8.30/day (%),BRA,Brazil,2005,47.5
poverty_830,SI.POV.UMIC,Poverty $8.30/day (%),BRA,Brazil,2004,49.5
poverty_830,SI.POV.UMIC,Poverty $8.30/day (%),BRA,Brazil,2003,50.9
poverty_830,SI.POV.UMIC,Poverty $8.30/day (%),BRA,Brazil,2002,49.8
poverty_830,SI.POV.UMIC,Poverty $8.30/day (%),BRA,Brazil,2001,50.3
poverty_830,SI.POV.UMIC,Poverty $8.30/day (%),BRA,Brazil,1999,55.8
poverty_830,SI.POV.UMIC,Poverty $8.30/day (%),BRA,Brazil,1998,54.3
poverty_830,SI.POV.UMIC,Poverty $8.30/day (%),BRA,Brazil,1997,55.1
poverty_830,SI.POV.UMIC,Poverty $8.30/day (%),BRA,Brazil,1996,54.9
poverty_830,SI.POV.UMIC,Poverty $8.30/day (%),BRA,Brazil,1995,54.8
poverty_830,SI.POV.UMIC,Poverty $8.30/day (%),BRA,Brazil,1993,66
poverty_830,SI.POV.UMIC,Poverty $8.30/day (%),BRA,Brazil,1992,67.9
poverty_830,SI.POV.UMIC,Poverty $8.30/day (%),BRA,Brazil,1990,65.8
poverty_830,SI.POV.UMIC,Poverty $8.30/day (%),CHL,Chile,2024,4.5
poverty_830,SI.POV.UMIC,Poverty $8.30/day (%),CHL,Chile,2022,6.1
poverty_830,SI.POV.UMIC,Poverty $8.30/day (%),CHL,Chile,2020,11.3
poverty_830,SI.POV.UMIC,Poverty $8.30/day (%),CHL,Chile,2017,9
poverty_830,SI.POV.UMIC,Poverty $8.30/day (%),CHL,Chile,2015,11.7
poverty_830,SI.POV.UMIC,Poverty $8.30/day (%),CHL,Chile,2013,14.4
poverty_830,SI.POV.UMIC,Poverty $8.30/day (%),CHL,Chile,2011,23.5
poverty_830,SI.POV.UMIC,Poverty $8.30/day (%),CHL,Chile,2009,27.6
poverty_830,SI.POV.UMIC,Poverty $8.30/day (%),CHL,Chile,2006,32
poverty_830,SI.POV.UMIC,Poverty $8.30/day (%),CHL,Chile,2003,43.2
poverty_830,SI.POV.UMIC,Poverty $8.30/day (%),CHL,Chile,2000,44.5
poverty_830,SI.POV.UMIC,Poverty $8.30/day (%),CHL,Chile,1998,41.6
poverty_830,SI.POV.UMIC,Poverty $8.30/day (%),CHL,Chile,1996,44.6
poverty_830,SI.POV.UMIC,Poverty $8.30/day (%),CHL,Chile,1994,49.8
poverty_830,SI.POV.UMIC,Poverty $8.30/day (%),CHL,Chile,1992,53.3
poverty_830,SI.POV.UMIC,Poverty $8.30/day (%),CHL,Chile,1990,58.5
poverty_830,SI.POV.UMIC,Poverty $8.30/day (%),CHN,China,2022,21.3
poverty_830,SI.POV.UMIC,Poverty $8.30/day (%),CHN,China,2021,20.6
poverty_830,SI.POV.UMIC,Poverty $8.30/day (%),CHN,China,2020,29
poverty_830,SI.POV.UMIC,Poverty $8.30/day (%),CHN,China,2019,28.3
poverty_830,SI.POV.UMIC,Poverty $8.30/day (%),CHN,China,2018,31.6
poverty_830,SI.POV.UMIC,Poverty $8.30/day (%),CHN,China,2017,35.6
poverty_830,SI.POV.UMIC,Poverty $8.30/day (%),CHN,China,2016,38
poverty_830,SI.POV.UMIC,Poverty $8.30/day (%),CHN,China,2015,41.7
poverty_830,SI.POV.UMIC,Poverty $8.30/day (%),CHN,China,2014,46.1
poverty_830,SI.POV.UMIC,Poverty $8.30/day (%),CHN,China,2013,51
poverty_830,SI.POV.UMIC,Poverty $8.30/day (%),CHN,China,2012,57.4
poverty_830,SI.POV.UMIC,Poverty $8.30/day (%),CHN,China,2011,62.1
poverty_830,SI.POV.UMIC,Poverty $8.30/day (%),CHN,China,2010,66.1
poverty_830,SI.POV.UMIC,Poverty $8.30/day (%),CHN,China,2008,72.8
poverty_830,SI.POV.UMIC,Poverty $8.30/day (%),CHN,China,2005,81.6
poverty_830,SI.POV.UMIC,Poverty $8.30/day (%),CHN,China,2002,89.2
poverty_830,SI.POV.UMIC,Poverty $8.30/day (%),CHN,China,1999,94.5
poverty_830,SI.POV.UMIC,Poverty $8.30/day (%),CHN,China,1996,96.5
poverty_830,SI.POV.UMIC,Poverty $8.30/day (%),CHN,China,1993,98.6
poverty_830,SI.POV.UMIC,Poverty $8.30/day (%),CHN,China,1990,99.3
poverty_830,SI.POV.UMIC,Poverty $8.30/day (%),COL,Colombia,2024,37
poverty_830,SI.POV.UMIC,Poverty $8.30/day (%),COL,Colombia,2023,39.1
poverty_830,SI.POV.UMIC,Poverty $8.30/day (%),COL,Colombia,2022,40.2
poverty_830,SI.POV.UMIC,Poverty $8.30/day (%),COL,Colombia,2021,44
poverty_830,SI.POV.UMIC,Poverty $8.30/day (%),COL,Colombia,2020,48.6
poverty_830,SI.POV.UMIC,Poverty $8.30/day (%),COL,Colombia,2019,41.8
poverty_830,SI.POV.UMIC,Poverty $8.30/day (%),COL,Colombia,2018,41.1
poverty_830,SI.POV.UMIC,Poverty $8.30/day (%),COL,Colombia,2017,41
poverty_830,SI.POV.UMIC,Poverty $8.30/day (%),COL,Colombia,2016,41.4
poverty_830,SI.POV.UMIC,Poverty $8.30/day (%),COL,Colombia,2015,41.3
poverty_830,SI.POV.UMIC,Poverty $8.30/day (%),COL,Colombia,2014,41.9
poverty_830,SI.POV.UMIC,Poverty $8.30/day (%),COL,Colombia,2013,44.1
poverty_830,SI.POV.UMIC,Poverty $8.30/day (%),COL,Colombia,2012,46.3
poverty_830,SI.POV.UMIC,Poverty $8.30/day (%),COL,Colombia,2011,47
poverty_830,SI.POV.UMIC,Poverty $8.30/day (%),COL,Colombia,2010,50
poverty_830,SI.POV.UMIC,Poverty $8.30/day (%),COL,Colombia,2009,52.2
poverty_830,SI.POV.UMIC,Poverty $8.30/day (%),COL,Colombia,2008,53.2
poverty_830,SI.POV.UMIC,Poverty $8.30/day (%),COL,Colombia,2005,59.1
poverty_830,SI.POV.UMIC,Poverty $8.30/day (%),COL,Colombia,2004,62.4
poverty_830,SI.POV.UMIC,Poverty $8.30/day (%),COL,Colombia,2003,63.3
poverty_830,SI.POV.UMIC,Poverty $8.30/day (%),COL,Colombia,2002,62.5
poverty_830,SI.POV.UMIC,Poverty $8.30/day (%),COL,Colombia,2001,71.5
poverty_830,SI.POV.UMIC,Poverty $8.30/day (%),COL,Colombia,2000,65.4
poverty_830,SI.POV.UMIC,Poverty $8.30/day (%),COL,Colombia,1999,69.2
poverty_830,SI.POV.UMIC,Poverty $8.30/day (%),COL,Colombia,1996,66.7
poverty_830,SI.POV.UMIC,Poverty $8.30/day (%),COL,Colombia,1992,60.3
poverty_830,SI.POV.UMIC,Poverty $8.30/day (%),COL,Colombia,1991,57.6
poverty_830,SI.POV.UMIC,Poverty $8.30/day (%),CZE,Czechia,2023,0.8
poverty_830,SI.POV.UMIC,Poverty $8.30/day (%),CZE,Czechia,2022,0.6
poverty_830,SI.POV.UMIC,Poverty $8.30/day (%),CZE,Czechia,2021,0.3
poverty_830,SI.POV.UMIC,Poverty $8.30/day (%),CZE,Czechia,2020,0.5
poverty_830,SI.POV.UMIC,Poverty $8.30/day (%),CZE,Czechia,2019,0.3
poverty_830,SI.POV.UMIC,Poverty $8.30/day (%),CZE,Czechia,2018,0.4
poverty_830,SI.POV.UMIC,Poverty $8.30/day (%),CZE,Czechia,2017,0.5
poverty_830,SI.POV.UMIC,Poverty $8.30/day (%),CZE,Czechia,2016,0.8
poverty_830,SI.POV.UMIC,Poverty $8.30/day (%),CZE,Czechia,2015,0.7
poverty_830,SI.POV.UMIC,Poverty $8.30/day (%),CZE,Czechia,2014,1.1
poverty_830,SI.POV.UMIC,Poverty $8.30/day (%),CZE,Czechia,2013,0.8
poverty_830,SI.POV.UMIC,Poverty $8.30/day (%),CZE,Czechia,2012,1.1
poverty_830,SI.POV.UMIC,Poverty $8.30/day (%),CZE,Czechia,2011,0.9
poverty_830,SI.POV.UMIC,Poverty $8.30/day (%),CZE,Czechia,2010,1.1
poverty_830,SI.POV.UMIC,Poverty $8.30/day (%),CZE,Czechia,2009,1
poverty_830,SI.POV.UMIC,Poverty $8.30/day (%),CZE,Czechia,2008,0.9
poverty_830,SI.POV.UMIC,Poverty $8.30/day (%),CZE,Czechia,2007,0.8
poverty_830,SI.POV.UMIC,Poverty $8.30/day (%),CZE,Czechia,2006,1
poverty_830,SI.POV.UMIC,Poverty $8.30/day (%),CZE,Czechia,2005,1.1
poverty_830,SI.POV.UMIC,Poverty $8.30/day (%),CZE,Czechia,2004,1.9
poverty_830,SI.POV.UMIC,Poverty $8.30/day (%),CZE,Czechia,2002,1.2
poverty_830,SI.POV.UMIC,Poverty $8.30/day (%),CZE,Czechia,1996,2
poverty_830,SI.POV.UMIC,Poverty $8.30/day (%),CZE,Czechia,1993,0
poverty_830,SI.POV.UMIC,Poverty $8.30/day (%),CZE,Czechia,1992,1
poverty_830,SI.POV.UMIC,Poverty $8.30/day (%),ECU,Ecuador,2024,32.6
poverty_830,SI.POV.UMIC,Poverty $8.30/day (%),ECU,Ecuador,2023,30.8
poverty_830,SI.POV.UMIC,Poverty $8.30/day (%),ECU,Ecuador,2022,30.9
poverty_830,SI.POV.UMIC,Poverty $8.30/day (%),ECU,Ecuador,2021,33.5
poverty_830,SI.POV.UMIC,Poverty $8.30/day (%),ECU,Ecuador,2020,36
poverty_830,SI.POV.UMIC,Poverty $8.30/day (%),ECU,Ecuador,2019,30.6
poverty_830,SI.POV.UMIC,Poverty $8.30/day (%),ECU,Ecuador,2018,28.9
poverty_830,SI.POV.UMIC,Poverty $8.30/day (%),ECU,Ecuador,2017,28.3
poverty_830,SI.POV.UMIC,Poverty $8.30/day (%),ECU,Ecuador,2016,29.3
poverty_830,SI.POV.UMIC,Poverty $8.30/day (%),ECU,Ecuador,2015,29.8
poverty_830,SI.POV.UMIC,Poverty $8.30/day (%),ECU,Ecuador,2014,28.7
poverty_830,SI.POV.UMIC,Poverty $8.30/day (%),ECU,Ecuador,2013,32.5
poverty_830,SI.POV.UMIC,Poverty $8.30/day (%),ECU,Ecuador,2012,32.6
poverty_830,SI.POV.UMIC,Poverty $8.30/day (%),ECU,Ecuador,2011,35.9
poverty_830,SI.POV.UMIC,Poverty $8.30/day (%),ECU,Ecuador,2010,39.7
poverty_830,SI.POV.UMIC,Poverty $8.30/day (%),ECU,Ecuador,2009,44.4
poverty_830,SI.POV.UMIC,Poverty $8.30/day (%),ECU,Ecuador,2008,43.4
poverty_830,SI.POV.UMIC,Poverty $8.30/day (%),ECU,Ecuador,2007,45.9
poverty_830,SI.POV.UMIC,Poverty $8.30/day (%),ECU,Ecuador,2006,46.8
poverty_830,SI.POV.UMIC,Poverty $8.30/day (%),ECU,Ecuador,2005,51.9
poverty_830,SI.POV.UMIC,Poverty $8.30/day (%),ECU,Ecuador,2004,59.7
poverty_830,SI.POV.UMIC,Poverty $8.30/day (%),ECU,Ecuador,2003,58.7
poverty_830,SI.POV.UMIC,Poverty $8.30/day (%),ECU,Ecuador,2000,76.6
poverty_830,SI.POV.UMIC,Poverty $8.30/day (%),ECU,Ecuador,1999,68.6
poverty_830,SI.POV.UMIC,Poverty $8.30/day (%),ECU,Ecuador,1998,65
poverty_830,SI.POV.UMIC,Poverty $8.30/day (%),ECU,Ecuador,1995,65.3
poverty_830,SI.POV.UMIC,Poverty $8.30/day (%),ECU,Ecuador,1994,65.9
poverty_830,SI.POV.UMIC,Poverty $8.30/day (%),HUN,Hungary,2017,4.9
poverty_830,SI.POV.UMIC,Poverty $8.30/day (%),HUN,Hungary,2016,4.3
poverty_830,SI.POV.UMIC,Poverty $8.30/day (%),HUN,Hungary,2015,6.4
poverty_830,SI.POV.UMIC,Poverty $8.30/day (%),HUN,Hungary,2014,8.3
poverty_830,SI.POV.UMIC,Poverty $8.30/day (%),HUN,Hungary,2013,10.6
poverty_830,SI.POV.UMIC,Poverty $8.30/day (%),HUN,Hungary,2012,11.6
poverty_830,SI.POV.UMIC,Poverty $8.30/day (%),HUN,Hungary,2011,8.7
poverty_830,SI.POV.UMIC,Poverty $8.30/day (%),HUN,Hungary,2010,9
poverty_830,SI.POV.UMIC,Poverty $8.30/day (%),HUN,Hungary,2009,7.7
poverty_830,SI.POV.UMIC,Poverty $8.30/day (%),HUN,Hungary,2008,6.7
poverty_830,SI.POV.UMIC,Poverty $8.30/day (%),HUN,Hungary,2007,6.9
poverty_830,SI.POV.UMIC,Poverty $8.30/day (%),HUN,Hungary,2006,7
poverty_830,SI.POV.UMIC,Poverty $8.30/day (%),HUN,Hungary,2005,10.4
poverty_830,SI.POV.UMIC,Poverty $8.30/day (%),HUN,Hungary,2004,9.4
poverty_830,SI.POV.UMIC,Poverty $8.30/day (%),HUN,Hungary,2003,13.9
poverty_830,SI.POV.UMIC,Poverty $8.30/day (%),HUN,Hungary,2002,13.7
poverty_830,SI.POV.UMIC,Poverty $8.30/day (%),HUN,Hungary,2001,14.4
poverty_830,SI.POV.UMIC,Poverty $8.30/day (%),HUN,Hungary,2000,21.7
poverty_830,SI.POV.UMIC,Poverty $8.30/day (%),HUN,Hungary,1999,15.6
poverty_830,SI.POV.UMIC,Poverty $8.30/day (%),HUN,Hungary,1998,23.2
poverty_830,SI.POV.UMIC,Poverty $8.30/day (%),HUN,Hungary,1994,14.5
poverty_830,SI.POV.UMIC,Poverty $8.30/day (%),HUN,Hungary,1993,11.5
poverty_830,SI.POV.UMIC,Poverty $8.30/day (%),HUN,Hungary,1991,9.1
poverty_830,SI.POV.UMIC,Poverty $8.30/day (%),IDN,Indonesia,2024,68.1
poverty_830,SI.POV.UMIC,Poverty $8.30/day (%),IDN,Indonesia,2023,69.6
poverty_830,SI.POV.UMIC,Poverty $8.30/day (%),IDN,Indonesia,2022,70.3
poverty_830,SI.POV.UMIC,Poverty $8.30/day (%),IDN,Indonesia,2021,68.5
poverty_830,SI.POV.UMIC,Poverty $8.30/day (%),IDN,Indonesia,2020,69.4
poverty_830,SI.POV.UMIC,Poverty $8.30/day (%),IDN,Indonesia,2019,70.4
poverty_830,SI.POV.UMIC,Poverty $8.30/day (%),IDN,Indonesia,2018,71.2
poverty_830,SI.POV.UMIC,Poverty $8.30/day (%),IDN,Indonesia,2017,74.2
poverty_830,SI.POV.UMIC,Poverty $8.30/day (%),IDN,Indonesia,2016,77.5
poverty_830,SI.POV.UMIC,Poverty $8.30/day (%),IDN,Indonesia,2015,81.9
poverty_830,SI.POV.UMIC,Poverty $8.30/day (%),IDN,Indonesia,2014,82
poverty_830,SI.POV.UMIC,Poverty $8.30/day (%),IDN,Indonesia,2013,82.6
poverty_830,SI.POV.UMIC,Poverty $8.30/day (%),IDN,Indonesia,2012,84.7
poverty_830,SI.POV.UMIC,Poverty $8.30/day (%),IDN,Indonesia,2011,85.8
poverty_830,SI.POV.UMIC,Poverty $8.30/day (%),IDN,Indonesia,2010,88.9
poverty_830,SI.POV.UMIC,Poverty $8.30/day (%),IDN,Indonesia,2009,92.1
poverty_830,SI.POV.UMIC,Poverty $8.30/day (%),IDN,Indonesia,2008,92.4
poverty_830,SI.POV.UMIC,Poverty $8.30/day (%),IDN,Indonesia,2007,92.6
poverty_830,SI.POV.UMIC,Poverty $8.30/day (%),IDN,Indonesia,2006,95.3
poverty_830,SI.POV.UMIC,Poverty $8.30/day (%),IDN,Indonesia,2005,94.6
poverty_830,SI.POV.UMIC,Poverty $8.30/day (%),IDN,Indonesia,2004,94.8
poverty_830,SI.POV.UMIC,Poverty $8.30/day (%),IDN,Indonesia,2003,95.4
poverty_830,SI.POV.UMIC,Poverty $8.30/day (%),IDN,Indonesia,2002,94.9
poverty_830,SI.POV.UMIC,Poverty $8.30/day (%),IDN,Indonesia,2001,96.8
poverty_830,SI.POV.UMIC,Poverty $8.30/day (%),IDN,Indonesia,2000,97.6
poverty_830,SI.POV.UMIC,Poverty $8.30/day (%),IDN,Indonesia,1999,97.9
poverty_830,SI.POV.UMIC,Poverty $8.30/day (%),IDN,Indonesia,1998,99.1
poverty_830,SI.POV.UMIC,Poverty $8.30/day (%),IDN,Indonesia,1996,96.9
poverty_830,SI.POV.UMIC,Poverty $8.30/day (%),IDN,Indonesia,1993,98.3
poverty_830,SI.POV.UMIC,Poverty $8.30/day (%),IDN,Indonesia,1990,98.5
poverty_830,SI.POV.UMIC,Poverty $8.30/day (%),IND,India,2022,82.1
poverty_830,SI.POV.UMIC,Poverty $8.30/day (%),IND,India,2011,92.5
poverty_830,SI.POV.UMIC,Poverty $8.30/day (%),IND,India,2009,95
poverty_830,SI.POV.UMIC,Poverty $8.30/day (%),IND,India,2004,96.3
poverty_830,SI.POV.UMIC,Poverty $8.30/day (%),IND,India,1993,97.3
poverty_830,SI.POV.UMIC,Poverty $8.30/day (%),KOR,"Korea, Rep.",2021,0.5
poverty_830,SI.POV.UMIC,Poverty $8.30/day (%),KOR,"Korea, Rep.",2020,0.5
poverty_830,SI.POV.UMIC,Poverty $8.30/day (%),KOR,"Korea, Rep.",2019,0.6
poverty_830,SI.POV.UMIC,Poverty $8.30/day (%),KOR,"Korea, Rep.",2018,0.9
poverty_830,SI.POV.UMIC,Poverty $8.30/day (%),KOR,"Korea, Rep.",2017,1.3
poverty_830,SI.POV.UMIC,Poverty $8.30/day (%),KOR,"Korea, Rep.",2016,1.4
poverty_830,SI.POV.UMIC,Poverty $8.30/day (%),KOR,"Korea, Rep.",2014,1.9
poverty_830,SI.POV.UMIC,Poverty $8.30/day (%),KOR,"Korea, Rep.",2012,2.2
poverty_830,SI.POV.UMIC,Poverty $8.30/day (%),KOR,"Korea, Rep.",2010,2.8
poverty_830,SI.POV.UMIC,Poverty $8.30/day (%),KOR,"Korea, Rep.",2008,2.3
poverty_830,SI.POV.UMIC,Poverty $8.30/day (%),KOR,"Korea, Rep.",2006,2.7
poverty_830,SI.POV.UMIC,Poverty $8.30/day (%),LCN,Latin America & Caribbean,2024,24.7
poverty_830,SI.POV.UMIC,Poverty $8.30/day (%),LCN,Latin America & Caribbean,2023,26.5
poverty_830,SI.POV.UMIC,Poverty $8.30/day (%),LCN,Latin America & Caribbean,2022,28
poverty_830,SI.POV.UMIC,Poverty $8.30/day (%),LCN,Latin America & Caribbean,2021,31
poverty_830,SI.POV.UMIC,Poverty $8.30/day (%),LCN,Latin America & Caribbean,2020,30.5
poverty_830,SI.POV.UMIC,Poverty $8.30/day (%),LCN,Latin America & Caribbean,2019,30.2
poverty_830,SI.POV.UMIC,Poverty $8.30/day (%),LCN,Latin America & Caribbean,2018,30.5
poverty_830,SI.POV.UMIC,Poverty $8.30/day (%),LCN,Latin America & Caribbean,2017,31
poverty_830,SI.POV.UMIC,Poverty $8.30/day (%),LCN,Latin America & Caribbean,2016,31.4
poverty_830,SI.POV.UMIC,Poverty $8.30/day (%),LCN,Latin America & Caribbean,2015,31.6
poverty_830,SI.POV.UMIC,Poverty $8.30/day (%),LCN,Latin America & Caribbean,2014,33.3
poverty_830,SI.POV.UMIC,Poverty $8.30/day (%),LCN,Latin America & Caribbean,2013,33.9
poverty_830,SI.POV.UMIC,Poverty $8.30/day (%),LCN,Latin America & Caribbean,2012,34.9
poverty_830,SI.POV.UMIC,Poverty $8.30/day (%),LCN,Latin America & Caribbean,2011,36.1
poverty_830,SI.POV.UMIC,Poverty $8.30/day (%),LCN,Latin America & Caribbean,2010,38.1
poverty_830,SI.POV.UMIC,Poverty $8.30/day (%),LCN,Latin America & Caribbean,2009,40
poverty_830,SI.POV.UMIC,Poverty $8.30/day (%),LCN,Latin America & Caribbean,2008,40.3
poverty_830,SI.POV.UMIC,Poverty $8.30/day (%),LCN,Latin America & Caribbean,2007,42.3
poverty_830,SI.POV.UMIC,Poverty $8.30/day (%),LCN,Latin America & Caribbean,2006,44.4
poverty_830,SI.POV.UMIC,Poverty $8.30/day (%),LCN,Latin America & Caribbean,2005,48
poverty_830,SI.POV.UMIC,Poverty $8.30/day (%),LCN,Latin America & Caribbean,2004,50.6
poverty_830,SI.POV.UMIC,Poverty $8.30/day (%),LCN,Latin America & Caribbean,2003,52
poverty_830,SI.POV.UMIC,Poverty $8.30/day (%),LCN,Latin America & Caribbean,2002,52.7
poverty_830,SI.POV.UMIC,Poverty $8.30/day (%),LCN,Latin America & Caribbean,2001,52.5
poverty_830,SI.POV.UMIC,Poverty $8.30/day (%),LCN,Latin America & Caribbean,2000,53.1
poverty_830,SI.POV.UMIC,Poverty $8.30/day (%),LCN,Latin America & Caribbean,1999,55.1
poverty_830,SI.POV.UMIC,Poverty $8.30/day (%),LCN,Latin America & Caribbean,1998,54.3
poverty_830,SI.POV.UMIC,Poverty $8.30/day (%),LCN,Latin America & Caribbean,1997,54.9
poverty_830,SI.POV.UMIC,Poverty $8.30/day (%),LCN,Latin America & Caribbean,1996,55.9
poverty_830,SI.POV.UMIC,Poverty $8.30/day (%),LCN,Latin America & Caribbean,1995,55.1
poverty_830,SI.POV.UMIC,Poverty $8.30/day (%),LCN,Latin America & Caribbean,1994,56
poverty_830,SI.POV.UMIC,Poverty $8.30/day (%),LCN,Latin America & Caribbean,1993,57.2
poverty_830,SI.POV.UMIC,Poverty $8.30/day (%),LCN,Latin America & Caribbean,1992,57.5
poverty_830,SI.POV.UMIC,Poverty $8.30/day (%),LCN,Latin America & Caribbean,1991,57.1
poverty_830,SI.POV.UMIC,Poverty $8.30/day (%),LCN,Latin America & Caribbean,1990,57.4
poverty_830,SI.POV.UMIC,Poverty $8.30/day (%),MEX,Mexico,2024,21.4
poverty_830,SI.POV.UMIC,Poverty $8.30/day (%),MEX,Mexico,2022,27.4
poverty_830,SI.POV.UMIC,Poverty $8.30/day (%),MEX,Mexico,2020,36.5
poverty_830,SI.POV.UMIC,Poverty $8.30/day (%),MEX,Mexico,2018,35.3
poverty_830,SI.POV.UMIC,Poverty $8.30/day (%),MEX,Mexico,2016,37.8
poverty_830,SI.POV.UMIC,Poverty $8.30/day (%),MEX,Mexico,2014,46.6
poverty_830,SI.POV.UMIC,Poverty $8.30/day (%),MEX,Mexico,2012,44.1
poverty_830,SI.POV.UMIC,Poverty $8.30/day (%),MEX,Mexico,2010,46.3
poverty_830,SI.POV.UMIC,Poverty $8.30/day (%),MEX,Mexico,2008,46
poverty_830,SI.POV.UMIC,Poverty $8.30/day (%),MEX,Mexico,2006,45.9
poverty_830,SI.POV.UMIC,Poverty $8.30/day (%),MEX,Mexico,2005,48.4
poverty_830,SI.POV.UMIC,Poverty $8.30/day (%),MEX,Mexico,2004,50.4
poverty_830,SI.POV.UMIC,Poverty $8.30/day (%),MEX,Mexico,2002,52.9
poverty_830,SI.POV.UMIC,Poverty $8.30/day (%),MEX,Mexico,2000,55.1
poverty_830,SI.POV.UMIC,Poverty $8.30/day (%),MEX,Mexico,1998,62.2
poverty_830,SI.POV.UMIC,Poverty $8.30/day (%),MEX,Mexico,1996,65.6
poverty_830,SI.POV.UMIC,Poverty $8.30/day (%),MEX,Mexico,1994,53.3
poverty_830,SI.POV.UMIC,Poverty $8.30/day (%),MEX,Mexico,1992,54.5
poverty_830,SI.POV.UMIC,Poverty $8.30/day (%),MYS,Malaysia,2021,2.9
poverty_830,SI.POV.UMIC,Poverty $8.30/day (%),MYS,Malaysia,2018,4.2
poverty_830,SI.POV.UMIC,Poverty $8.30/day (%),MYS,Malaysia,2015,5.7
poverty_830,SI.POV.UMIC,Poverty $8.30/day (%),MYS,Malaysia,2013,7.7
poverty_830,SI.POV.UMIC,Poverty $8.30/day (%),MYS,Malaysia,2011,14.7
poverty_830,SI.POV.UMIC,Poverty $8.30/day (%),MYS,Malaysia,2008,24.2
poverty_830,SI.POV.UMIC,Poverty $8.30/day (%),MYS,Malaysia,2006,24.7
poverty_830,SI.POV.UMIC,Poverty $8.30/day (%),MYS,Malaysia,2003,30.4
poverty_830,SI.POV.UMIC,Poverty $8.30/day (%),MYS,Malaysia,1997,29.9
poverty_830,SI.POV.UMIC,Poverty $8.30/day (%),MYS,Malaysia,1995,38.6
poverty_830,SI.POV.UMIC,Poverty $8.30/day (%),MYS,Malaysia,1992,39.7
poverty_830,SI.POV.UMIC,Poverty $8.30/day (%),PER,Peru,2024,36.2
poverty_830,SI.POV.UMIC,Poverty $8.30/day (%),PER,Peru,2023,38.3
poverty_830,SI.POV.UMIC,Poverty $8.30/day (%),PER,Peru,2022,37.8
poverty_830,SI.POV.UMIC,Poverty $8.30/day (%),PER,Peru,2021,39.5
poverty_830,SI.POV.UMIC,Poverty $8.30/day (%),PER,Peru,2020,48.1
poverty_830,SI.POV.UMIC,Poverty $8.30/day (%),PER,Peru,2019,33.6
poverty_830,SI.POV.UMIC,Poverty $8.30/day (%),PER,Peru,2018,35.2
poverty_830,SI.POV.UMIC,Poverty $8.30/day (%),PER,Peru,2017,37.3
poverty_830,SI.POV.UMIC,Poverty $8.30/day (%),PER,Peru,2016,36.4
poverty_830,SI.POV.UMIC,Poverty $8.30/day (%),PER,Peru,2015,37.5
poverty_830,SI.POV.UMIC,Poverty $8.30/day (%),PER,Peru,2014,38
poverty_830,SI.POV.UMIC,Poverty $8.30/day (%),PER,Peru,2013,39.3
poverty_830,SI.POV.UMIC,Poverty $8.30/day (%),PER,Peru,2012,39.8
poverty_830,SI.POV.UMIC,Poverty $8.30/day (%),PER,Peru,2011,42.4
poverty_830,SI.POV.UMIC,Poverty $8.30/day (%),PER,Peru,2010,45.7
poverty_830,SI.POV.UMIC,Poverty $8.30/day (%),PER,Peru,2009,49.1
poverty_830,SI.POV.UMIC,Poverty $8.30/day (%),PER,Peru,2008,50.9
poverty_830,SI.POV.UMIC,Poverty $8.30/day (%),PER,Peru,2007,55.2
poverty_830,SI.POV.UMIC,Poverty $8.30/day (%),PER,Peru,2006,60.6
poverty_830,SI.POV.UMIC,Poverty $8.30/day (%),PER,Peru,2005,66.2
poverty_830,SI.POV.UMIC,Poverty $8.30/day (%),PER,Peru,2004,64.3
poverty_830,SI.POV.UMIC,Poverty $8.30/day (%),PER,Peru,2003,64
poverty_830,SI.POV.UMIC,Poverty $8.30/day (%),PER,Peru,2002,64.5
poverty_830,SI.POV.UMIC,Poverty $8.30/day (%),PER,Peru,2001,68.4
poverty_830,SI.POV.UMIC,Poverty $8.30/day (%),PER,Peru,2000,67.6
poverty_830,SI.POV.UMIC,Poverty $8.30/day (%),PER,Peru,1999,65.9
poverty_830,SI.POV.UMIC,Poverty $8.30/day (%),PER,Peru,1998,66.3
poverty_830,SI.POV.UMIC,Poverty $8.30/day (%),PER,Peru,1997,65.5
poverty_830,SI.POV.UMIC,Poverty $8.30/day (%),PER,Peru,1994,73
poverty_830,SI.POV.UMIC,Poverty $8.30/day (%),POL,Poland,2023,1.1
poverty_830,SI.POV.UMIC,Poverty $8.30/day (%),POL,Poland,2022,1.5
poverty_830,SI.POV.UMIC,Poverty $8.30/day (%),POL,Poland,2021,1.1
poverty_830,SI.POV.UMIC,Poverty $8.30/day (%),POL,Poland,2020,1.2
poverty_830,SI.POV.UMIC,Poverty $8.30/day (%),POL,Poland,2019,1
poverty_830,SI.POV.UMIC,Poverty $8.30/day (%),POL,Poland,2018,1.8
poverty_830,SI.POV.UMIC,Poverty $8.30/day (%),POL,Poland,2017,2.1
poverty_830,SI.POV.UMIC,Poverty $8.30/day (%),POL,Poland,2016,2.7
poverty_830,SI.POV.UMIC,Poverty $8.30/day (%),POL,Poland,2015,3.9
poverty_830,SI.POV.UMIC,Poverty $8.30/day (%),POL,Poland,2014,4.7
poverty_830,SI.POV.UMIC,Poverty $8.30/day (%),POL,Poland,2013,4.9
poverty_830,SI.POV.UMIC,Poverty $8.30/day (%),POL,Poland,2012,5.1
poverty_830,SI.POV.UMIC,Poverty $8.30/day (%),POL,Poland,2011,4.9
poverty_830,SI.POV.UMIC,Poverty $8.30/day (%),POL,Poland,2010,5
poverty_830,SI.POV.UMIC,Poverty $8.30/day (%),POL,Poland,2009,5.3
poverty_830,SI.POV.UMIC,Poverty $8.30/day (%),POL,Poland,2008,5.9
poverty_830,SI.POV.UMIC,Poverty $8.30/day (%),POL,Poland,2007,7
poverty_830,SI.POV.UMIC,Poverty $8.30/day (%),POL,Poland,2006,11.1
poverty_830,SI.POV.UMIC,Poverty $8.30/day (%),POL,Poland,2005,14.8
poverty_830,SI.POV.UMIC,Poverty $8.30/day (%),POL,Poland,2004,18.6
poverty_830,SI.POV.UMIC,Poverty $8.30/day (%),POL,Poland,2003,18.4
poverty_830,SI.POV.UMIC,Poverty $8.30/day (%),POL,Poland,2002,21.4
poverty_830,SI.POV.UMIC,Poverty $8.30/day (%),POL,Poland,2001,20.2
poverty_830,SI.POV.UMIC,Poverty $8.30/day (%),POL,Poland,2000,19.7
poverty_830,SI.POV.UMIC,Poverty $8.30/day (%),POL,Poland,1999,14.9
poverty_830,SI.POV.UMIC,Poverty $8.30/day (%),POL,Poland,1998,17.7
poverty_830,SI.POV.UMIC,Poverty $8.30/day (%),POL,Poland,1996,71.9
poverty_830,SI.POV.UMIC,Poverty $8.30/day (%),POL,Poland,1995,25
poverty_830,SI.POV.UMIC,Poverty $8.30/day (%),POL,Poland,1993,39
poverty_830,SI.POV.UMIC,Poverty $8.30/day (%),POL,Poland,1992,9.8
poverty_830,SI.POV.UMIC,Poverty $8.30/day (%),RUS,Russian Federation,2023,0.9
poverty_830,SI.POV.UMIC,Poverty $8.30/day (%),RUS,Russian Federation,2022,1.4
poverty_830,SI.POV.UMIC,Poverty $8.30/day (%),RUS,Russian Federation,2021,2.2
poverty_830,SI.POV.UMIC,Poverty $8.30/day (%),RUS,Russian Federation,2020,2
poverty_830,SI.POV.UMIC,Poverty $8.30/day (%),RUS,Russian Federation,2019,3
poverty_830,SI.POV.UMIC,Poverty $8.30/day (%),RUS,Russian Federation,2018,2.8
poverty_830,SI.POV.UMIC,Poverty $8.30/day (%),RUS,Russian Federation,2017,3.7
poverty_830,SI.POV.UMIC,Poverty $8.30/day (%),RUS,Russian Federation,2016,4
poverty_830,SI.POV.UMIC,Poverty $8.30/day (%),RUS,Russian Federation,2015,3.9
poverty_830,SI.POV.UMIC,Poverty $8.30/day (%),RUS,Russian Federation,2014,3.2
poverty_830,SI.POV.UMIC,Poverty $8.30/day (%),RUS,Russian Federation,2013,5.7
poverty_830,SI.POV.UMIC,Poverty $8.30/day (%),RUS,Russian Federation,2012,6.4
poverty_830,SI.POV.UMIC,Poverty $8.30/day (%),RUS,Russian Federation,2011,7.1
poverty_830,SI.POV.UMIC,Poverty $8.30/day (%),RUS,Russian Federation,2010,8.1
poverty_830,SI.POV.UMIC,Poverty $8.30/day (%),RUS,Russian Federation,2009,10.3
poverty_830,SI.POV.UMIC,Poverty $8.30/day (%),RUS,Russian Federation,2008,10.6
poverty_830,SI.POV.UMIC,Poverty $8.30/day (%),RUS,Russian Federation,2007,15.2
poverty_830,SI.POV.UMIC,Poverty $8.30/day (%),RUS,Russian Federation,2006,20.1
poverty_830,SI.POV.UMIC,Poverty $8.30/day (%),RUS,Russian Federation,2005,23.9
poverty_830,SI.POV.UMIC,Poverty $8.30/day (%),RUS,Russian Federation,2004,27.8
poverty_830,SI.POV.UMIC,Poverty $8.30/day (%),RUS,Russian Federation,2003,31.1
poverty_830,SI.POV.UMIC,Poverty $8.30/day (%),RUS,Russian Federation,2002,33.1
poverty_830,SI.POV.UMIC,Poverty $8.30/day (%),RUS,Russian Federation,2001,38.4
poverty_830,SI.POV.UMIC,Poverty $8.30/day (%),RUS,Russian Federation,2000,45
poverty_830,SI.POV.UMIC,Poverty $8.30/day (%),RUS,Russian Federation,1999,50.7
poverty_830,SI.POV.UMIC,Poverty $8.30/day (%),RUS,Russian Federation,1998,38.3
poverty_830,SI.POV.UMIC,Poverty $8.30/day (%),RUS,Russian Federation,1997,32.2
poverty_830,SI.POV.UMIC,Poverty $8.30/day (%),RUS,Russian Federation,1996,35.5
poverty_830,SI.POV.UMIC,Poverty $8.30/day (%),RUS,Russian Federation,1993,35.8
poverty_830,SI.POV.UMIC,Poverty $8.30/day (%),THA,Thailand,2024,11.7
poverty_830,SI.POV.UMIC,Poverty $8.30/day (%),THA,Thailand,2023,9.9
poverty_830,SI.POV.UMIC,Poverty $8.30/day (%),THA,Thailand,2022,9.9
poverty_830,SI.POV.UMIC,Poverty $8.30/day (%),THA,Thailand,2021,14.1
poverty_830,SI.POV.UMIC,Poverty $8.30/day (%),THA,Thailand,2020,15.1
poverty_830,SI.POV.UMIC,Poverty $8.30/day (%),THA,Thailand,2019,15.2
poverty_830,SI.POV.UMIC,Poverty $8.30/day (%),THA,Thailand,2018,17.8
poverty_830,SI.POV.UMIC,Poverty $8.30/day (%),THA,Thailand,2017,17.2
poverty_830,SI.POV.UMIC,Poverty $8.30/day (%),THA,Thailand,2016,17.9
poverty_830,SI.POV.UMIC,Poverty $8.30/day (%),THA,Thailand,2015,16.9
poverty_830,SI.POV.UMIC,Poverty $8.30/day (%),THA,Thailand,2014,20.9
poverty_830,SI.POV.UMIC,Poverty $8.30/day (%),THA,Thailand,2013,21.8
poverty_830,SI.POV.UMIC,Poverty $8.30/day (%),THA,Thailand,2012,24.9
poverty_830,SI.POV.UMIC,Poverty $8.30/day (%),THA,Thailand,2011,25.5
poverty_830,SI.POV.UMIC,Poverty $8.30/day (%),THA,Thailand,2010,30
poverty_830,SI.POV.UMIC,Poverty $8.30/day (%),THA,Thailand,2009,32.2
poverty_830,SI.POV.UMIC,Poverty $8.30/day (%),THA,Thailand,2008,35.2
poverty_830,SI.POV.UMIC,Poverty $8.30/day (%),THA,Thailand,2007,37.4
poverty_830,SI.POV.UMIC,Poverty $8.30/day (%),THA,Thailand,2006,39.5
poverty_830,SI.POV.UMIC,Poverty $8.30/day (%),THA,Thailand,2004,46.7
poverty_830,SI.POV.UMIC,Poverty $8.30/day (%),THA,Thailand,2002,53.3
poverty_830,SI.POV.UMIC,Poverty $8.30/day (%),THA,Thailand,2000,61.2
poverty_830,SI.POV.UMIC,Poverty $8.30/day (%),THA,Thailand,1999,60.6
poverty_830,SI.POV.UMIC,Poverty $8.30/day (%),THA,Thailand,1998,56.3
poverty_830,SI.POV.UMIC,Poverty $8.30/day (%),THA,Thailand,1996,58.6
poverty_830,SI.POV.UMIC,Poverty $8.30/day (%),THA,Thailand,1994,62.5
poverty_830,SI.POV.UMIC,Poverty $8.30/day (%),THA,Thailand,1992,68
poverty_830,SI.POV.UMIC,Poverty $8.30/day (%),THA,Thailand,1990,74
poverty_830,SI.POV.UMIC,Poverty $8.30/day (%),TUR,Turkiye,2023,4.1
poverty_830,SI.POV.UMIC,Poverty $8.30/day (%),TUR,Turkiye,2022,10.8
poverty_830,SI.POV.UMIC,Poverty $8.30/day (%),TUR,Turkiye,2021,12.9
poverty_830,SI.POV.UMIC,Poverty $8.30/day (%),TUR,Turkiye,2020,15
poverty_830,SI.POV.UMIC,Poverty $8.30/day (%),TUR,Turkiye,2019,15.9
poverty_830,SI.POV.UMIC,Poverty $8.30/day (%),TUR,Turkiye,2018,15.6
poverty_830,SI.POV.UMIC,Poverty $8.30/day (%),TUR,Turkiye,2017,16.7
poverty_830,SI.POV.UMIC,Poverty $8.30/day (%),TUR,Turkiye,2016,18.6
poverty_830,SI.POV.UMIC,Poverty $8.30/day (%),TUR,Turkiye,2015,21
poverty_830,SI.POV.UMIC,Poverty $8.30/day (%),TUR,Turkiye,2014,20.3
poverty_830,SI.POV.UMIC,Poverty $8.30/day (%),TUR,Turkiye,2013,20.6
poverty_830,SI.POV.UMIC,Poverty $8.30/day (%),TUR,Turkiye,2012,22.3
poverty_830,SI.POV.UMIC,Poverty $8.30/day (%),TUR,Turkiye,2011,23.8
poverty_830,SI.POV.UMIC,Poverty $8.30/day (%),TUR,Turkiye,2010,26.3
poverty_830,SI.POV.UMIC,Poverty $8.30/day (%),TUR,Turkiye,2009,28
poverty_830,SI.POV.UMIC,Poverty $8.30/day (%),TUR,Turkiye,2008,26.9
poverty_830,SI.POV.UMIC,Poverty $8.30/day (%),TUR,Turkiye,2007,31.5
poverty_830,SI.POV.UMIC,Poverty $8.30/day (%),TUR,Turkiye,2006,35.9
poverty_830,SI.POV.UMIC,Poverty $8.30/day (%),TUR,Turkiye,2005,38.9
poverty_830,SI.POV.UMIC,Poverty $8.30/day (%),TUR,Turkiye,2004,41
poverty_830,SI.POV.UMIC,Poverty $8.30/day (%),TUR,Turkiye,2003,54.3
poverty_830,SI.POV.UMIC,Poverty $8.30/day (%),TUR,Turkiye,2002,50.5
poverty_830,SI.POV.UMIC,Poverty $8.30/day (%),TUR,Turkiye,1994,54.7
poverty_830,SI.POV.UMIC,Poverty $8.30/day (%),UKR,Ukraine,2020,11.3
poverty_830,SI.POV.UMIC,Poverty $8.30/day (%),UKR,Ukraine,2019,10.6
poverty_830,SI.POV.UMIC,Poverty $8.30/day (%),UKR,Ukraine,2018,14.7
poverty_830,SI.POV.UMIC,Poverty $8.30/day (%),UKR,Ukraine,2017,17
poverty_830,SI.POV.UMIC,Poverty $8.30/day (%),UKR,Ukraine,2016,21.6
poverty_830,SI.POV.UMIC,Poverty $8.30/day (%),UKR,Ukraine,2015,22.7
poverty_830,SI.POV.UMIC,Poverty $8.30/day (%),UKR,Ukraine,2014,13.8
poverty_830,SI.POV.UMIC,Poverty $8.30/day (%),UKR,Ukraine,2013,12.5
poverty_830,SI.POV.UMIC,Poverty $8.30/day (%),UKR,Ukraine,2012,16.5
poverty_830,SI.POV.UMIC,Poverty $8.30/day (%),UKR,Ukraine,2011,18.5
poverty_830,SI.POV.UMIC,Poverty $8.30/day (%),UKR,Ukraine,2010,22
poverty_830,SI.POV.UMIC,Poverty $8.30/day (%),UKR,Ukraine,2009,27.5
poverty_830,SI.POV.UMIC,Poverty $8.30/day (%),UKR,Ukraine,2008,23.6
poverty_830,SI.POV.UMIC,Poverty $8.30/day (%),UKR,Ukraine,2007,34.6
poverty_830,SI.POV.UMIC,Poverty $8.30/day (%),UKR,Ukraine,2006,34.2
poverty_830,SI.POV.UMIC,Poverty $8.30/day (%),UKR,Ukraine,2005,39.2
poverty_830,SI.POV.UMIC,Poverty $8.30/day (%),UKR,Ukraine,2004,53.3
poverty_830,SI.POV.UMIC,Poverty $8.30/day (%),UKR,Ukraine,2003,62.7
poverty_830,SI.POV.UMIC,Poverty $8.30/day (%),UKR,Ukraine,2002,70
poverty_830,SI.POV.UMIC,Poverty $8.30/day (%),UKR,Ukraine,1999,90.3
poverty_830,SI.POV.UMIC,Poverty $8.30/day (%),UKR,Ukraine,1996,75.7
poverty_830,SI.POV.UMIC,Poverty $8.30/day (%),UKR,Ukraine,1995,66.6
poverty_830,SI.POV.UMIC,Poverty $8.30/day (%),UKR,Ukraine,1993,65.8
poverty_830,SI.POV.UMIC,Poverty $8.30/day (%),UKR,Ukraine,1992,64.2
poverty_830,SI.POV.UMIC,Poverty $8.30/day (%),UMC,Upper middle income,2024,26.4
poverty_830,SI.POV.UMIC,Poverty $8.30/day (%),UMC,Upper middle income,2023,27.8
poverty_830,SI.POV.UMIC,Poverty $8.30/day (%),UMC,Upper middle income,2022,30
poverty_830,SI.POV.UMIC,Poverty $8.30/day (%),UMC,Upper middle income,2021,30.4
poverty_830,SI.POV.UMIC,Poverty $8.30/day (%),UMC,Upper middle income,2020,34.5
poverty_830,SI.POV.UMIC,Poverty $8.30/day (%),UMC,Upper middle income,2019,33.9
poverty_830,SI.POV.UMIC,Poverty $8.30/day (%),UMC,Upper middle income,2018,35.7
poverty_830,SI.POV.UMIC,Poverty $8.30/day (%),UMC,Upper middle income,2017,38.1
poverty_830,SI.POV.UMIC,Poverty $8.30/day (%),UMC,Upper middle income,2016,40
poverty_830,SI.POV.UMIC,Poverty $8.30/day (%),UMC,Upper middle income,2015,42.4
poverty_830,SI.POV.UMIC,Poverty $8.30/day (%),UMC,Upper middle income,2014,44.9
poverty_830,SI.POV.UMIC,Poverty $8.30/day (%),UMC,Upper middle income,2013,47.5
poverty_830,SI.POV.UMIC,Poverty $8.30/day (%),UMC,Upper middle income,2012,51.3
poverty_830,SI.POV.UMIC,Poverty $8.30/day (%),UMC,Upper middle income,2011,54.2
poverty_830,SI.POV.UMIC,Poverty $8.30/day (%),UMC,Upper middle income,2010,57.3
poverty_830,SI.POV.UMIC,Poverty $8.30/day (%),UMC,Upper middle income,2009,60.6
poverty_830,SI.POV.UMIC,Poverty $8.30/day (%),UMC,Upper middle income,2008,62.7
poverty_830,SI.POV.UMIC,Poverty $8.30/day (%),UMC,Upper middle income,2007,64.8
poverty_830,SI.POV.UMIC,Poverty $8.30/day (%),UMC,Upper middle income,2006,67.6
poverty_830,SI.POV.UMIC,Poverty $8.30/day (%),UMC,Upper middle income,2005,70.1
poverty_830,SI.POV.UMIC,Poverty $8.30/day (%),UMC,Upper middle income,2004,72.8
poverty_830,SI.POV.UMIC,Poverty $8.30/day (%),UMC,Upper middle income,2003,75.4
poverty_830,SI.POV.UMIC,Poverty $8.30/day (%),UMC,Upper middle income,2002,76.9
poverty_830,SI.POV.UMIC,Poverty $8.30/day (%),UMC,Upper middle income,2001,78.7
poverty_830,SI.POV.UMIC,Poverty $8.30/day (%),UMC,Upper middle income,2000,79.9
poverty_830,SI.POV.UMIC,Poverty $8.30/day (%),UMC,Upper middle income,1999,81.7
poverty_830,SI.POV.UMIC,Poverty $8.30/day (%),UMC,Upper middle income,1998,81.8
poverty_830,SI.POV.UMIC,Poverty $8.30/day (%),UMC,Upper middle income,1997,82.2
poverty_830,SI.POV.UMIC,Poverty $8.30/day (%),UMC,Upper middle income,1996,82.6
poverty_830,SI.POV.UMIC,Poverty $8.30/day (%),UMC,Upper middle income,1995,83.2
poverty_830,SI.POV.UMIC,Poverty $8.30/day (%),UMC,Upper middle income,1994,84.2
poverty_830,SI.POV.UMIC,Poverty $8.30/day (%),UMC,Upper middle income,1993,84.8
poverty_830,SI.POV.UMIC,Poverty $8.30/day (%),UMC,Upper middle income,1992,85.1
poverty_830,SI.POV.UMIC,Poverty $8.30/day (%),UMC,Upper middle income,1991,85
poverty_830,SI.POV.UMIC,Poverty $8.30/day (%),UMC,Upper middle income,1990,84.8
poverty_830,SI.POV.UMIC,Poverty $8.30/day (%),URY,Uruguay,2024,5.9
poverty_830,SI.POV.UMIC,Poverty $8.30/day (%),URY,Uruguay,2023,6.6
poverty_830,SI.POV.UMIC,Poverty $8.30/day (%),URY,Uruguay,2022,6.3
poverty_830,SI.POV.UMIC,Poverty $8.30/day (%),URY,Uruguay,2021,6.7
poverty_830,SI.POV.UMIC,Poverty $8.30/day (%),URY,Uruguay,2020,7.1
poverty_830,SI.POV.UMIC,Poverty $8.30/day (%),URY,Uruguay,2019,5
poverty_830,SI.POV.UMIC,Poverty $8.30/day (%),URY,Uruguay,2018,4.9
poverty_830,SI.POV.UMIC,Poverty $8.30/day (%),URY,Uruguay,2017,4.5
poverty_830,SI.POV.UMIC,Poverty $8.30/day (%),URY,Uruguay,2016,5.6
poverty_830,SI.POV.UMIC,Poverty $8.30/day (%),URY,Uruguay,2015,5.9
poverty_830,SI.POV.UMIC,Poverty $8.30/day (%),URY,Uruguay,2014,6.2
poverty_830,SI.POV.UMIC,Poverty $8.30/day (%),URY,Uruguay,2013,7.2
poverty_830,SI.POV.UMIC,Poverty $8.30/day (%),URY,Uruguay,2012,7.8
poverty_830,SI.POV.UMIC,Poverty $8.30/day (%),URY,Uruguay,2011,8.4
poverty_830,SI.POV.UMIC,Poverty $8.30/day (%),URY,Uruguay,2010,11.9
poverty_830,SI.POV.UMIC,Poverty $8.30/day (%),URY,Uruguay,2009,13.4
poverty_830,SI.POV.UMIC,Poverty $8.30/day (%),URY,Uruguay,2008,14.6
poverty_830,SI.POV.UMIC,Poverty $8.30/day (%),URY,Uruguay,2007,19.4
poverty_830,SI.POV.UMIC,Poverty $8.30/day (%),URY,Uruguay,2006,22.1
poverty_830,SI.POV.UMIC,Poverty $8.30/day (%),URY,Uruguay,2005,22.5
poverty_830,SI.POV.UMIC,Poverty $8.30/day (%),URY,Uruguay,2004,25
poverty_830,SI.POV.UMIC,Poverty $8.30/day (%),URY,Uruguay,2003,24.3
poverty_830,SI.POV.UMIC,Poverty $8.30/day (%),URY,Uruguay,2002,18.3
poverty_830,SI.POV.UMIC,Poverty $8.30/day (%),URY,Uruguay,2001,14
poverty_830,SI.POV.UMIC,Poverty $8.30/day (%),URY,Uruguay,2000,11.7
poverty_830,SI.POV.UMIC,Poverty $8.30/day (%),URY,Uruguay,1998,11.7
poverty_830,SI.POV.UMIC,Poverty $8.30/day (%),URY,Uruguay,1997,11.8
poverty_830,SI.POV.UMIC,Poverty $8.30/day (%),URY,Uruguay,1996,11.5
poverty_830,SI.POV.UMIC,Poverty $8.30/day (%),URY,Uruguay,1995,10.9
poverty_830,SI.POV.UMIC,Poverty $8.30/day (%),URY,Uruguay,1992,11
poverty_830,SI.POV.UMIC,Poverty $8.30/day (%),ZAF,South Africa,2022,59.6
poverty_830,SI.POV.UMIC,Poverty $8.30/day (%),ZAF,South Africa,2014,65.7
poverty_830,SI.POV.UMIC,Poverty $8.30/day (%),ZAF,South Africa,2010,65.1
poverty_830,SI.POV.UMIC,Poverty $8.30/day (%),ZAF,South Africa,2008,70.5
poverty_830,SI.POV.UMIC,Poverty $8.30/day (%),ZAF,South Africa,2005,74.9
poverty_830,SI.POV.UMIC,Poverty $8.30/day (%),ZAF,South Africa,2000,78.5
poverty_830,SI.POV.UMIC,Poverty $8.30/day (%),ZAF,South Africa,1993,75.4
undernourish,SN.ITK.DEFC.ZS,Undernourishment (% pop),ARG,Argentina,2023,3.4
undernourish,SN.ITK.DEFC.ZS,Undernourishment (% pop),ARG,Argentina,2022,3.3
undernourish,SN.ITK.DEFC.ZS,Undernourishment (% pop),ARG,Argentina,2021,3.4
undernourish,SN.ITK.DEFC.ZS,Undernourishment (% pop),ARG,Argentina,2020,3.5
undernourish,SN.ITK.DEFC.ZS,Undernourishment (% pop),ARG,Argentina,2019,3.6
undernourish,SN.ITK.DEFC.ZS,Undernourishment (% pop),ARG,Argentina,2018,3.7
undernourish,SN.ITK.DEFC.ZS,Undernourishment (% pop),ARG,Argentina,2017,3.5
undernourish,SN.ITK.DEFC.ZS,Undernourishment (% pop),ARG,Argentina,2016,3.2
undernourish,SN.ITK.DEFC.ZS,Undernourishment (% pop),ARG,Argentina,2015,2.9
undernourish,SN.ITK.DEFC.ZS,Undernourishment (% pop),ARG,Argentina,2014,2.9
undernourish,SN.ITK.DEFC.ZS,Undernourishment (% pop),ARG,Argentina,2013,3.2
undernourish,SN.ITK.DEFC.ZS,Undernourishment (% pop),ARG,Argentina,2012,3.6
undernourish,SN.ITK.DEFC.ZS,Undernourishment (% pop),ARG,Argentina,2011,3.7
undernourish,SN.ITK.DEFC.ZS,Undernourishment (% pop),ARG,Argentina,2010,3.7
undernourish,SN.ITK.DEFC.ZS,Undernourishment (% pop),ARG,Argentina,2009,3.4
undernourish,SN.ITK.DEFC.ZS,Undernourishment (% pop),ARG,Argentina,2008,3.2
undernourish,SN.ITK.DEFC.ZS,Undernourishment (% pop),ARG,Argentina,2007,3.2
undernourish,SN.ITK.DEFC.ZS,Undernourishment (% pop),ARG,Argentina,2006,3.3
undernourish,SN.ITK.DEFC.ZS,Undernourishment (% pop),ARG,Argentina,2005,3.6
undernourish,SN.ITK.DEFC.ZS,Undernourishment (% pop),ARG,Argentina,2004,3.9
undernourish,SN.ITK.DEFC.ZS,Undernourishment (% pop),ARG,Argentina,2003,4.3
undernourish,SN.ITK.DEFC.ZS,Undernourishment (% pop),ARG,Argentina,2002,3.7
undernourish,SN.ITK.DEFC.ZS,Undernourishment (% pop),ARG,Argentina,2001,3
undernourish,SN.ITK.DEFC.ZS,Undernourishment (% pop),BGR,Bulgaria,2023,2.5
undernourish,SN.ITK.DEFC.ZS,Undernourishment (% pop),BGR,Bulgaria,2022,2.5
undernourish,SN.ITK.DEFC.ZS,Undernourishment (% pop),BGR,Bulgaria,2021,2.5
undernourish,SN.ITK.DEFC.ZS,Undernourishment (% pop),BGR,Bulgaria,2020,2.8
undernourish,SN.ITK.DEFC.ZS,Undernourishment (% pop),BGR,Bulgaria,2019,3
undernourish,SN.ITK.DEFC.ZS,Undernourishment (% pop),BGR,Bulgaria,2018,3.1
undernourish,SN.ITK.DEFC.ZS,Undernourishment (% pop),BGR,Bulgaria,2017,3.4
undernourish,SN.ITK.DEFC.ZS,Undernourishment (% pop),BGR,Bulgaria,2016,4.2
undernourish,SN.ITK.DEFC.ZS,Undernourishment (% pop),BGR,Bulgaria,2015,4.1
undernourish,SN.ITK.DEFC.ZS,Undernourishment (% pop),BGR,Bulgaria,2014,4.2
undernourish,SN.ITK.DEFC.ZS,Undernourishment (% pop),BGR,Bulgaria,2013,4.2
undernourish,SN.ITK.DEFC.ZS,Undernourishment (% pop),BGR,Bulgaria,2012,4.8
undernourish,SN.ITK.DEFC.ZS,Undernourishment (% pop),BGR,Bulgaria,2011,5.2
undernourish,SN.ITK.DEFC.ZS,Undernourishment (% pop),BGR,Bulgaria,2010,5.3
undernourish,SN.ITK.DEFC.ZS,Undernourishment (% pop),BGR,Bulgaria,2009,5.4
undernourish,SN.ITK.DEFC.ZS,Undernourishment (% pop),BGR,Bulgaria,2008,5.8
undernourish,SN.ITK.DEFC.ZS,Undernourishment (% pop),BGR,Bulgaria,2007,5.9
undernourish,SN.ITK.DEFC.ZS,Undernourishment (% pop),BGR,Bulgaria,2006,6.3
undernourish,SN.ITK.DEFC.ZS,Undernourishment (% pop),BGR,Bulgaria,2005,6.1
undernourish,SN.ITK.DEFC.ZS,Undernourishment (% pop),BGR,Bulgaria,2004,6
undernourish,SN.ITK.DEFC.ZS,Undernourishment (% pop),BGR,Bulgaria,2003,5.6
undernourish,SN.ITK.DEFC.ZS,Undernourishment (% pop),BGR,Bulgaria,2002,5.2
undernourish,SN.ITK.DEFC.ZS,Undernourishment (% pop),BGR,Bulgaria,2001,4.9
undernourish,SN.ITK.DEFC.ZS,Undernourishment (% pop),BRA,Brazil,2023,2.5
undernourish,SN.ITK.DEFC.ZS,Undernourishment (% pop),BRA,Brazil,2022,3.2
undernourish,SN.ITK.DEFC.ZS,Undernourishment (% pop),BRA,Brazil,2021,3.4
undernourish,SN.ITK.DEFC.ZS,Undernourishment (% pop),BRA,Brazil,2020,2.8
undernourish,SN.ITK.DEFC.ZS,Undernourishment (% pop),BRA,Brazil,2019,2.5
undernourish,SN.ITK.DEFC.ZS,Undernourishment (% pop),BRA,Brazil,2018,2.5
undernourish,SN.ITK.DEFC.ZS,Undernourishment (% pop),BRA,Brazil,2017,2.5
undernourish,SN.ITK.DEFC.ZS,Undernourishment (% pop),BRA,Brazil,2016,2.5
undernourish,SN.ITK.DEFC.ZS,Undernourishment (% pop),BRA,Brazil,2015,2.5
undernourish,SN.ITK.DEFC.ZS,Undernourishment (% pop),BRA,Brazil,2014,2.5
undernourish,SN.ITK.DEFC.ZS,Undernourishment (% pop),BRA,Brazil,2013,2.5
undernourish,SN.ITK.DEFC.ZS,Undernourishment (% pop),BRA,Brazil,2012,2.5
undernourish,SN.ITK.DEFC.ZS,Undernourishment (% pop),BRA,Brazil,2011,2.7
undernourish,SN.ITK.DEFC.ZS,Undernourishment (% pop),BRA,Brazil,2010,3
undernourish,SN.ITK.DEFC.ZS,Undernourishment (% pop),BRA,Brazil,2009,3.5
undernourish,SN.ITK.DEFC.ZS,Undernourishment (% pop),BRA,Brazil,2008,4
undernourish,SN.ITK.DEFC.ZS,Undernourishment (% pop),BRA,Brazil,2007,4.5
undernourish,SN.ITK.DEFC.ZS,Undernourishment (% pop),BRA,Brazil,2006,5.1
undernourish,SN.ITK.DEFC.ZS,Undernourishment (% pop),BRA,Brazil,2005,5.7
undernourish,SN.ITK.DEFC.ZS,Undernourishment (% pop),BRA,Brazil,2004,6.3
undernourish,SN.ITK.DEFC.ZS,Undernourishment (% pop),BRA,Brazil,2003,7.6
undernourish,SN.ITK.DEFC.ZS,Undernourishment (% pop),BRA,Brazil,2002,9.1
undernourish,SN.ITK.DEFC.ZS,Undernourishment (% pop),BRA,Brazil,2001,10.5
undernourish,SN.ITK.DEFC.ZS,Undernourishment (% pop),CHL,Chile,2023,2.5
undernourish,SN.ITK.DEFC.ZS,Undernourishment (% pop),CHL,Chile,2022,2.5
undernourish,SN.ITK.DEFC.ZS,Undernourishment (% pop),CHL,Chile,2021,2.5
undernourish,SN.ITK.DEFC.ZS,Undernourishment (% pop),CHL,Chile,2020,2.5
undernourish,SN.ITK.DEFC.ZS,Undernourishment (% pop),CHL,Chile,2019,2.7
undernourish,SN.ITK.DEFC.ZS,Undernourishment (% pop),CHL,Chile,2018,3
undernourish,SN.ITK.DEFC.ZS,Undernourishment (% pop),CHL,Chile,2017,3.1
undernourish,SN.ITK.DEFC.ZS,Undernourishment (% pop),CHL,Chile,2016,3.3
undernourish,SN.ITK.DEFC.ZS,Undernourishment (% pop),CHL,Chile,2015,3.3
undernourish,SN.ITK.DEFC.ZS,Undernourishment (% pop),CHL,Chile,2014,3.3
undernourish,SN.ITK.DEFC.ZS,Undernourishment (% pop),CHL,Chile,2013,3.4
undernourish,SN.ITK.DEFC.ZS,Undernourishment (% pop),CHL,Chile,2012,3.5
undernourish,SN.ITK.DEFC.ZS,Undernourishment (% pop),CHL,Chile,2011,3.7
undernourish,SN.ITK.DEFC.ZS,Undernourishment (% pop),CHL,Chile,2010,3.6
undernourish,SN.ITK.DEFC.ZS,Undernourishment (% pop),CHL,Chile,2009,3.3
undernourish,SN.ITK.DEFC.ZS,Undernourishment (% pop),CHL,Chile,2008,3
undernourish,SN.ITK.DEFC.ZS,Undernourishment (% pop),CHL,Chile,2007,2.6
undernourish,SN.ITK.DEFC.ZS,Undernourishment (% pop),CHL,Chile,2006,2.7
undernourish,SN.ITK.DEFC.ZS,Undernourishment (% pop),CHL,Chile,2005,2.6
undernourish,SN.ITK.DEFC.ZS,Undernourishment (% pop),CHL,Chile,2004,2.7
undernourish,SN.ITK.DEFC.ZS,Undernourishment (% pop),CHL,Chile,2003,2.7
undernourish,SN.ITK.DEFC.ZS,Undernourishment (% pop),CHL,Chile,2002,2.8
undernourish,SN.ITK.DEFC.ZS,Undernourishment (% pop),CHL,Chile,2001,2.9
undernourish,SN.ITK.DEFC.ZS,Undernourishment (% pop),CHN,China,2023,2.5
undernourish,SN.ITK.DEFC.ZS,Undernourishment (% pop),CHN,China,2022,2.5
undernourish,SN.ITK.DEFC.ZS,Undernourishment (% pop),CHN,China,2021,2.5
undernourish,SN.ITK.DEFC.ZS,Undernourishment (% pop),CHN,China,2020,2.5
undernourish,SN.ITK.DEFC.ZS,Undernourishment (% pop),CHN,China,2019,2.5
undernourish,SN.ITK.DEFC.ZS,Undernourishment (% pop),CHN,China,2018,2.5
undernourish,SN.ITK.DEFC.ZS,Undernourishment (% pop),CHN,China,2017,2.5
undernourish,SN.ITK.DEFC.ZS,Undernourishment (% pop),CHN,China,2016,2.5
undernourish,SN.ITK.DEFC.ZS,Undernourishment (% pop),CHN,China,2015,2.5
undernourish,SN.ITK.DEFC.ZS,Undernourishment (% pop),CHN,China,2014,2.5
undernourish,SN.ITK.DEFC.ZS,Undernourishment (% pop),CHN,China,2013,2.5
undernourish,SN.ITK.DEFC.ZS,Undernourishment (% pop),CHN,China,2012,2.5
undernourish,SN.ITK.DEFC.ZS,Undernourishment (% pop),CHN,China,2011,2.5
undernourish,SN.ITK.DEFC.ZS,Undernourishment (% pop),CHN,China,2010,2.5
undernourish,SN.ITK.DEFC.ZS,Undernourishment (% pop),CHN,China,2009,2.9
undernourish,SN.ITK.DEFC.ZS,Undernourishment (% pop),CHN,China,2008,3.9
undernourish,SN.ITK.DEFC.ZS,Undernourishment (% pop),CHN,China,2007,4.9
undernourish,SN.ITK.DEFC.ZS,Undernourishment (% pop),CHN,China,2006,6
undernourish,SN.ITK.DEFC.ZS,Undernourishment (% pop),CHN,China,2005,6.9
undernourish,SN.ITK.DEFC.ZS,Undernourishment (% pop),CHN,China,2004,7.8
undernourish,SN.ITK.DEFC.ZS,Undernourishment (% pop),CHN,China,2003,8.6
undernourish,SN.ITK.DEFC.ZS,Undernourishment (% pop),CHN,China,2002,9.3
undernourish,SN.ITK.DEFC.ZS,Undernourishment (% pop),CHN,China,2001,10
undernourish,SN.ITK.DEFC.ZS,Undernourishment (% pop),COL,Colombia,2023,3.9
undernourish,SN.ITK.DEFC.ZS,Undernourishment (% pop),COL,Colombia,2022,4.1
undernourish,SN.ITK.DEFC.ZS,Undernourishment (% pop),COL,Colombia,2021,4.1
undernourish,SN.ITK.DEFC.ZS,Undernourishment (% pop),COL,Colombia,2020,4.2
undernourish,SN.ITK.DEFC.ZS,Undernourishment (% pop),COL,Colombia,2019,4.1
undernourish,SN.ITK.DEFC.ZS,Undernourishment (% pop),COL,Colombia,2018,4.2
undernourish,SN.ITK.DEFC.ZS,Undernourishment (% pop),COL,Colombia,2017,4.2
undernourish,SN.ITK.DEFC.ZS,Undernourishment (% pop),COL,Colombia,2016,4.4
undernourish,SN.ITK.DEFC.ZS,Undernourishment (% pop),COL,Colombia,2015,5
undernourish,SN.ITK.DEFC.ZS,Undernourishment (% pop),COL,Colombia,2014,5.8
undernourish,SN.ITK.DEFC.ZS,Undernourishment (% pop),COL,Colombia,2013,7
undernourish,SN.ITK.DEFC.ZS,Undernourishment (% pop),COL,Colombia,2012,8.6
undernourish,SN.ITK.DEFC.ZS,Undernourishment (% pop),COL,Colombia,2011,10
undernourish,SN.ITK.DEFC.ZS,Undernourishment (% pop),COL,Colombia,2010,11.1
undernourish,SN.ITK.DEFC.ZS,Undernourishment (% pop),COL,Colombia,2009,11.1
undernourish,SN.ITK.DEFC.ZS,Undernourishment (% pop),COL,Colombia,2008,11.1
undernourish,SN.ITK.DEFC.ZS,Undernourishment (% pop),COL,Colombia,2007,10.8
undernourish,SN.ITK.DEFC.ZS,Undernourishment (% pop),COL,Colombia,2006,11.3
undernourish,SN.ITK.DEFC.ZS,Undernourishment (% pop),COL,Colombia,2005,11
undernourish,SN.ITK.DEFC.ZS,Undernourishment (% pop),COL,Colombia,2004,10.4
undernourish,SN.ITK.DEFC.ZS,Undernourishment (% pop),COL,Colombia,2003,9.6
undernourish,SN.ITK.DEFC.ZS,Undernourishment (% pop),COL,Colombia,2002,8.9
undernourish,SN.ITK.DEFC.ZS,Undernourishment (% pop),COL,Colombia,2001,8.6
undernourish,SN.ITK.DEFC.ZS,Undernourishment (% pop),CZE,Czechia,2023,2.5
undernourish,SN.ITK.DEFC.ZS,Undernourishment (% pop),CZE,Czechia,2022,2.5
undernourish,SN.ITK.DEFC.ZS,Undernourishment (% pop),CZE,Czechia,2021,2.5
undernourish,SN.ITK.DEFC.ZS,Undernourishment (% pop),CZE,Czechia,2020,2.5
undernourish,SN.ITK.DEFC.ZS,Undernourishment (% pop),CZE,Czechia,2019,2.5
undernourish,SN.ITK.DEFC.ZS,Undernourishment (% pop),CZE,Czechia,2018,2.5
undernourish,SN.ITK.DEFC.ZS,Undernourishment (% pop),CZE,Czechia,2017,2.5
undernourish,SN.ITK.DEFC.ZS,Undernourishment (% pop),CZE,Czechia,2016,2.5
undernourish,SN.ITK.DEFC.ZS,Undernourishment (% pop),CZE,Czechia,2015,2.5
undernourish,SN.ITK.DEFC.ZS,Undernourishment (% pop),CZE,Czechia,2014,2.5
undernourish,SN.ITK.DEFC.ZS,Undernourishment (% pop),CZE,Czechia,2013,2.5
undernourish,SN.ITK.DEFC.ZS,Undernourishment (% pop),CZE,Czechia,2012,2.5
undernourish,SN.ITK.DEFC.ZS,Undernourishment (% pop),CZE,Czechia,2011,2.5
undernourish,SN.ITK.DEFC.ZS,Undernourishment (% pop),CZE,Czechia,2010,2.5
undernourish,SN.ITK.DEFC.ZS,Undernourishment (% pop),CZE,Czechia,2009,2.5
undernourish,SN.ITK.DEFC.ZS,Undernourishment (% pop),CZE,Czechia,2008,2.5
undernourish,SN.ITK.DEFC.ZS,Undernourishment (% pop),CZE,Czechia,2007,2.5
undernourish,SN.ITK.DEFC.ZS,Undernourishment (% pop),CZE,Czechia,2006,2.5
undernourish,SN.ITK.DEFC.ZS,Undernourishment (% pop),CZE,Czechia,2005,2.5
undernourish,SN.ITK.DEFC.ZS,Undernourishment (% pop),CZE,Czechia,2004,2.5
undernourish,SN.ITK.DEFC.ZS,Undernourishment (% pop),CZE,Czechia,2003,2.5
undernourish,SN.ITK.DEFC.ZS,Undernourishment (% pop),CZE,Czechia,2002,2.5
undernourish,SN.ITK.DEFC.ZS,Undernourishment (% pop),CZE,Czechia,2001,2.5
undernourish,SN.ITK.DEFC.ZS,Undernourishment (% pop),ECU,Ecuador,2023,12.1
undernourish,SN.ITK.DEFC.ZS,Undernourishment (% pop),ECU,Ecuador,2022,12.8
undernourish,SN.ITK.DEFC.ZS,Undernourishment (% pop),ECU,Ecuador,2021,13.6
undernourish,SN.ITK.DEFC.ZS,Undernourishment (% pop),ECU,Ecuador,2020,13.4
undernourish,SN.ITK.DEFC.ZS,Undernourishment (% pop),ECU,Ecuador,2019,12.7
undernourish,SN.ITK.DEFC.ZS,Undernourishment (% pop),ECU,Ecuador,2018,11.3
undernourish,SN.ITK.DEFC.ZS,Undernourishment (% pop),ECU,Ecuador,2017,10.4
undernourish,SN.ITK.DEFC.ZS,Undernourishment (% pop),ECU,Ecuador,2016,9.5
undernourish,SN.ITK.DEFC.ZS,Undernourishment (% pop),ECU,Ecuador,2015,8.8
undernourish,SN.ITK.DEFC.ZS,Undernourishment (% pop),ECU,Ecuador,2014,8.5
undernourish,SN.ITK.DEFC.ZS,Undernourishment (% pop),ECU,Ecuador,2013,8.5
undernourish,SN.ITK.DEFC.ZS,Undernourishment (% pop),ECU,Ecuador,2012,8.5
undernourish,SN.ITK.DEFC.ZS,Undernourishment (% pop),ECU,Ecuador,2011,8
undernourish,SN.ITK.DEFC.ZS,Undernourishment (% pop),ECU,Ecuador,2010,8.4
undernourish,SN.ITK.DEFC.ZS,Undernourishment (% pop),ECU,Ecuador,2009,9.5
undernourish,SN.ITK.DEFC.ZS,Undernourishment (% pop),ECU,Ecuador,2008,11.1
undernourish,SN.ITK.DEFC.ZS,Undernourishment (% pop),ECU,Ecuador,2007,12.9
undernourish,SN.ITK.DEFC.ZS,Undernourishment (% pop),ECU,Ecuador,2006,15
undernourish,SN.ITK.DEFC.ZS,Undernourishment (% pop),ECU,Ecuador,2005,17.4
undernourish,SN.ITK.DEFC.ZS,Undernourishment (% pop),ECU,Ecuador,2004,20
undernourish,SN.ITK.DEFC.ZS,Undernourishment (% pop),ECU,Ecuador,2003,21.2
undernourish,SN.ITK.DEFC.ZS,Undernourishment (% pop),ECU,Ecuador,2002,21.8
undernourish,SN.ITK.DEFC.ZS,Undernourishment (% pop),ECU,Ecuador,2001,20
undernourish,SN.ITK.DEFC.ZS,Undernourishment (% pop),HUN,Hungary,2023,2.5
undernourish,SN.ITK.DEFC.ZS,Undernourishment (% pop),HUN,Hungary,2022,2.5
undernourish,SN.ITK.DEFC.ZS,Undernourishment (% pop),HUN,Hungary,2021,2.5
undernourish,SN.ITK.DEFC.ZS,Undernourishment (% pop),HUN,Hungary,2020,2.5
undernourish,SN.ITK.DEFC.ZS,Undernourishment (% pop),HUN,Hungary,2019,2.5
undernourish,SN.ITK.DEFC.ZS,Undernourishment (% pop),HUN,Hungary,2018,2.5
undernourish,SN.ITK.DEFC.ZS,Undernourishment (% pop),HUN,Hungary,2017,2.5
undernourish,SN.ITK.DEFC.ZS,Undernourishment (% pop),HUN,Hungary,2016,2.5
undernourish,SN.ITK.DEFC.ZS,Undernourishment (% pop),HUN,Hungary,2015,2.5
undernourish,SN.ITK.DEFC.ZS,Undernourishment (% pop),HUN,Hungary,2014,2.5
undernourish,SN.ITK.DEFC.ZS,Undernourishment (% pop),HUN,Hungary,2013,2.5
undernourish,SN.ITK.DEFC.ZS,Undernourishment (% pop),HUN,Hungary,2012,2.5
undernourish,SN.ITK.DEFC.ZS,Undernourishment (% pop),HUN,Hungary,2011,2.5
undernourish,SN.ITK.DEFC.ZS,Undernourishment (% pop),HUN,Hungary,2010,2.5
undernourish,SN.ITK.DEFC.ZS,Undernourishment (% pop),HUN,Hungary,2009,2.5
undernourish,SN.ITK.DEFC.ZS,Undernourishment (% pop),HUN,Hungary,2008,2.5
undernourish,SN.ITK.DEFC.ZS,Undernourishment (% pop),HUN,Hungary,2007,2.5
undernourish,SN.ITK.DEFC.ZS,Undernourishment (% pop),HUN,Hungary,2006,2.5
undernourish,SN.ITK.DEFC.ZS,Undernourishment (% pop),HUN,Hungary,2005,2.5
undernourish,SN.ITK.DEFC.ZS,Undernourishment (% pop),HUN,Hungary,2004,2.5
undernourish,SN.ITK.DEFC.ZS,Undernourishment (% pop),HUN,Hungary,2003,2.5
undernourish,SN.ITK.DEFC.ZS,Undernourishment (% pop),HUN,Hungary,2002,2.5
undernourish,SN.ITK.DEFC.ZS,Undernourishment (% pop),HUN,Hungary,2001,2.5
undernourish,SN.ITK.DEFC.ZS,Undernourishment (% pop),IDN,Indonesia,2023,6.3
undernourish,SN.ITK.DEFC.ZS,Undernourishment (% pop),IDN,Indonesia,2022,6.6
undernourish,SN.ITK.DEFC.ZS,Undernourishment (% pop),IDN,Indonesia,2021,6.6
undernourish,SN.ITK.DEFC.ZS,Undernourishment (% pop),IDN,Indonesia,2020,6.6
undernourish,SN.ITK.DEFC.ZS,Undernourishment (% pop),IDN,Indonesia,2019,6.4
undernourish,SN.ITK.DEFC.ZS,Undernourishment (% pop),IDN,Indonesia,2018,6
undernourish,SN.ITK.DEFC.ZS,Undernourishment (% pop),IDN,Indonesia,2017,6
undernourish,SN.ITK.DEFC.ZS,Undernourishment (% pop),IDN,Indonesia,2016,6.6
undernourish,SN.ITK.DEFC.ZS,Undernourishment (% pop),IDN,Indonesia,2015,7.1
undernourish,SN.ITK.DEFC.ZS,Undernourishment (% pop),IDN,Indonesia,2014,7.8
undernourish,SN.ITK.DEFC.ZS,Undernourishment (% pop),IDN,Indonesia,2013,8.3
undernourish,SN.ITK.DEFC.ZS,Undernourishment (% pop),IDN,Indonesia,2012,9.5
undernourish,SN.ITK.DEFC.ZS,Undernourishment (% pop),IDN,Indonesia,2011,10.9
undernourish,SN.ITK.DEFC.ZS,Undernourishment (% pop),IDN,Indonesia,2010,12.9
undernourish,SN.ITK.DEFC.ZS,Undernourishment (% pop),IDN,Indonesia,2009,15
undernourish,SN.ITK.DEFC.ZS,Undernourishment (% pop),IDN,Indonesia,2008,16.5
undernourish,SN.ITK.DEFC.ZS,Undernourishment (% pop),IDN,Indonesia,2007,17.5
undernourish,SN.ITK.DEFC.ZS,Undernourishment (% pop),IDN,Indonesia,2006,18.1
undernourish,SN.ITK.DEFC.ZS,Undernourishment (% pop),IDN,Indonesia,2005,18.4
undernourish,SN.ITK.DEFC.ZS,Undernourishment (% pop),IDN,Indonesia,2004,18.2
undernourish,SN.ITK.DEFC.ZS,Undernourishment (% pop),IDN,Indonesia,2003,18
undernourish,SN.ITK.DEFC.ZS,Undernourishment (% pop),IDN,Indonesia,2002,18.1
undernourish,SN.ITK.DEFC.ZS,Undernourishment (% pop),IDN,Indonesia,2001,18.1
undernourish,SN.ITK.DEFC.ZS,Undernourishment (% pop),IND,India,2023,12
undernourish,SN.ITK.DEFC.ZS,Undernourishment (% pop),IND,India,2022,13.5
undernourish,SN.ITK.DEFC.ZS,Undernourishment (% pop),IND,India,2021,14.3
undernourish,SN.ITK.DEFC.ZS,Undernourishment (% pop),IND,India,2020,13.4
undernourish,SN.ITK.DEFC.ZS,Undernourishment (% pop),IND,India,2019,11.8
undernourish,SN.ITK.DEFC.ZS,Undernourishment (% pop),IND,India,2018,10.5
undernourish,SN.ITK.DEFC.ZS,Undernourishment (% pop),IND,India,2017,10.6
undernourish,SN.ITK.DEFC.ZS,Undernourishment (% pop),IND,India,2016,11.6
undernourish,SN.ITK.DEFC.ZS,Undernourishment (% pop),IND,India,2015,12.1
undernourish,SN.ITK.DEFC.ZS,Undernourishment (% pop),IND,India,2014,12.6
undernourish,SN.ITK.DEFC.ZS,Undernourishment (% pop),IND,India,2013,12.8
undernourish,SN.ITK.DEFC.ZS,Undernourishment (% pop),IND,India,2012,13.4
undernourish,SN.ITK.DEFC.ZS,Undernourishment (% pop),IND,India,2011,14.2
undernourish,SN.ITK.DEFC.ZS,Undernourishment (% pop),IND,India,2010,14.6
undernourish,SN.ITK.DEFC.ZS,Undernourishment (% pop),IND,India,2009,15
undernourish,SN.ITK.DEFC.ZS,Undernourishment (% pop),IND,India,2008,15.3
undernourish,SN.ITK.DEFC.ZS,Undernourishment (% pop),IND,India,2007,16.6
undernourish,SN.ITK.DEFC.ZS,Undernourishment (% pop),IND,India,2006,18.9
undernourish,SN.ITK.DEFC.ZS,Undernourishment (% pop),IND,India,2005,21.1
undernourish,SN.ITK.DEFC.ZS,Undernourishment (% pop),IND,India,2004,21.7
undernourish,SN.ITK.DEFC.ZS,Undernourishment (% pop),IND,India,2003,21.2
undernourish,SN.ITK.DEFC.ZS,Undernourishment (% pop),IND,India,2002,19.7
undernourish,SN.ITK.DEFC.ZS,Undernourishment (% pop),IND,India,2001,18.1
undernourish,SN.ITK.DEFC.ZS,Undernourishment (% pop),KOR,"Korea, Rep.",2023,2.5
undernourish,SN.ITK.DEFC.ZS,Undernourishment (% pop),KOR,"Korea, Rep.",2022,2.5
undernourish,SN.ITK.DEFC.ZS,Undernourishment (% pop),KOR,"Korea, Rep.",2021,2.5
undernourish,SN.ITK.DEFC.ZS,Undernourishment (% pop),KOR,"Korea, Rep.",2020,2.5
undernourish,SN.ITK.DEFC.ZS,Undernourishment (% pop),KOR,"Korea, Rep.",2019,2.5
undernourish,SN.ITK.DEFC.ZS,Undernourishment (% pop),KOR,"Korea, Rep.",2018,2.5
undernourish,SN.ITK.DEFC.ZS,Undernourishment (% pop),KOR,"Korea, Rep.",2017,2.5
undernourish,SN.ITK.DEFC.ZS,Undernourishment (% pop),KOR,"Korea, Rep.",2016,2.5
undernourish,SN.ITK.DEFC.ZS,Undernourishment (% pop),KOR,"Korea, Rep.",2015,2.5
undernourish,SN.ITK.DEFC.ZS,Undernourishment (% pop),KOR,"Korea, Rep.",2014,2.5
undernourish,SN.ITK.DEFC.ZS,Undernourishment (% pop),KOR,"Korea, Rep.",2013,2.5
undernourish,SN.ITK.DEFC.ZS,Undernourishment (% pop),KOR,"Korea, Rep.",2012,2.5
undernourish,SN.ITK.DEFC.ZS,Undernourishment (% pop),KOR,"Korea, Rep.",2011,2.5
undernourish,SN.ITK.DEFC.ZS,Undernourishment (% pop),KOR,"Korea, Rep.",2010,2.5
undernourish,SN.ITK.DEFC.ZS,Undernourishment (% pop),KOR,"Korea, Rep.",2009,2.5
undernourish,SN.ITK.DEFC.ZS,Undernourishment (% pop),KOR,"Korea, Rep.",2008,2.5
undernourish,SN.ITK.DEFC.ZS,Undernourishment (% pop),KOR,"Korea, Rep.",2007,2.5
undernourish,SN.ITK.DEFC.ZS,Undernourishment (% pop),KOR,"Korea, Rep.",2006,2.5
undernourish,SN.ITK.DEFC.ZS,Undernourishment (% pop),KOR,"Korea, Rep.",2005,2.5
undernourish,SN.ITK.DEFC.ZS,Undernourishment (% pop),KOR,"Korea, Rep.",2004,2.5
undernourish,SN.ITK.DEFC.ZS,Undernourishment (% pop),KOR,"Korea, Rep.",2003,2.7
undernourish,SN.ITK.DEFC.ZS,Undernourishment (% pop),KOR,"Korea, Rep.",2002,2.6
undernourish,SN.ITK.DEFC.ZS,Undernourishment (% pop),KOR,"Korea, Rep.",2001,2.5
undernourish,SN.ITK.DEFC.ZS,Undernourishment (% pop),LCN,Latin America & Caribbean,2023,5.33579607562569
undernourish,SN.ITK.DEFC.ZS,Undernourishment (% pop),LCN,Latin America & Caribbean,2022,5.71906432439058
undernourish,SN.ITK.DEFC.ZS,Undernourishment (% pop),LCN,Latin America & Caribbean,2021,6.0188366409048
undernourish,SN.ITK.DEFC.ZS,Undernourishment (% pop),LCN,Latin America & Caribbean,2020,5.94236286353913
undernourish,SN.ITK.DEFC.ZS,Undernourishment (% pop),LCN,Latin America & Caribbean,2019,6.08201202617102
undernourish,SN.ITK.DEFC.ZS,Undernourishment (% pop),LCN,Latin America & Caribbean,2018,6.04342631114664
undernourish,SN.ITK.DEFC.ZS,Undernourishment (% pop),LCN,Latin America & Caribbean,2017,6.11610572836736
undernourish,SN.ITK.DEFC.ZS,Undernourishment (% pop),LCN,Latin America & Caribbean,2016,5.80077695392325
undernourish,SN.ITK.DEFC.ZS,Undernourishment (% pop),LCN,Latin America & Caribbean,2015,5.53387601928329
undernourish,SN.ITK.DEFC.ZS,Undernourishment (% pop),LCN,Latin America & Caribbean,2014,5.24052896006188
undernourish,SN.ITK.DEFC.ZS,Undernourishment (% pop),LCN,Latin America & Caribbean,2013,5.32877132896898
undernourish,SN.ITK.DEFC.ZS,Undernourishment (% pop),LCN,Latin America & Caribbean,2012,5.57000152108009
undernourish,SN.ITK.DEFC.ZS,Undernourishment (% pop),LCN,Latin America & Caribbean,2011,5.83094543590231
undernourish,SN.ITK.DEFC.ZS,Undernourishment (% pop),LCN,Latin America & Caribbean,2010,6.15952886780258
undernourish,SN.ITK.DEFC.ZS,Undernourishment (% pop),LCN,Latin America & Caribbean,2009,6.52944761681028
undernourish,SN.ITK.DEFC.ZS,Undernourishment (% pop),LCN,Latin America & Caribbean,2008,6.8906440549182
undernourish,SN.ITK.DEFC.ZS,Undernourishment (% pop),LCN,Latin America & Caribbean,2007,7.35063108286743
undernourish,SN.ITK.DEFC.ZS,Undernourishment (% pop),LCN,Latin America & Caribbean,2006,7.86797004262316
undernourish,SN.ITK.DEFC.ZS,Undernourishment (% pop),LCN,Latin America & Caribbean,2005,8.56152709047677
undernourish,SN.ITK.DEFC.ZS,Undernourishment (% pop),LCN,Latin America & Caribbean,2004,9.14540895465844
undernourish,SN.ITK.DEFC.ZS,Undernourishment (% pop),LCN,Latin America & Caribbean,2003,9.80499893827008
undernourish,SN.ITK.DEFC.ZS,Undernourishment (% pop),LCN,Latin America & Caribbean,2002,10.1061322253008
undernourish,SN.ITK.DEFC.ZS,Undernourishment (% pop),LCN,Latin America & Caribbean,2001,10.3635401658653
undernourish,SN.ITK.DEFC.ZS,Undernourishment (% pop),MEX,Mexico,2023,2.7
undernourish,SN.ITK.DEFC.ZS,Undernourishment (% pop),MEX,Mexico,2022,2.8
undernourish,SN.ITK.DEFC.ZS,Undernourishment (% pop),MEX,Mexico,2021,3
undernourish,SN.ITK.DEFC.ZS,Undernourishment (% pop),MEX,Mexico,2020,3.1
undernourish,SN.ITK.DEFC.ZS,Undernourishment (% pop),MEX,Mexico,2019,3.4
undernourish,SN.ITK.DEFC.ZS,Undernourishment (% pop),MEX,Mexico,2018,3.6
undernourish,SN.ITK.DEFC.ZS,Undernourishment (% pop),MEX,Mexico,2017,3.7
undernourish,SN.ITK.DEFC.ZS,Undernourishment (% pop),MEX,Mexico,2016,3.7
undernourish,SN.ITK.DEFC.ZS,Undernourishment (% pop),MEX,Mexico,2015,3.7
undernourish,SN.ITK.DEFC.ZS,Undernourishment (% pop),MEX,Mexico,2014,3.7
undernourish,SN.ITK.DEFC.ZS,Undernourishment (% pop),MEX,Mexico,2013,3.7
undernourish,SN.ITK.DEFC.ZS,Undernourishment (% pop),MEX,Mexico,2012,3.8
undernourish,SN.ITK.DEFC.ZS,Undernourishment (% pop),MEX,Mexico,2011,3.9
undernourish,SN.ITK.DEFC.ZS,Undernourishment (% pop),MEX,Mexico,2010,4
undernourish,SN.ITK.DEFC.ZS,Undernourishment (% pop),MEX,Mexico,2009,4.1
undernourish,SN.ITK.DEFC.ZS,Undernourishment (% pop),MEX,Mexico,2008,3.9
undernourish,SN.ITK.DEFC.ZS,Undernourishment (% pop),MEX,Mexico,2007,3.7
undernourish,SN.ITK.DEFC.ZS,Undernourishment (% pop),MEX,Mexico,2006,3.7
undernourish,SN.ITK.DEFC.ZS,Undernourishment (% pop),MEX,Mexico,2005,4
undernourish,SN.ITK.DEFC.ZS,Undernourishment (% pop),MEX,Mexico,2004,4.1
undernourish,SN.ITK.DEFC.ZS,Undernourishment (% pop),MEX,Mexico,2003,3.8
undernourish,SN.ITK.DEFC.ZS,Undernourishment (% pop),MEX,Mexico,2002,3.2
undernourish,SN.ITK.DEFC.ZS,Undernourishment (% pop),MEX,Mexico,2001,2.8
undernourish,SN.ITK.DEFC.ZS,Undernourishment (% pop),MYS,Malaysia,2023,2.5
undernourish,SN.ITK.DEFC.ZS,Undernourishment (% pop),MYS,Malaysia,2022,2.5
undernourish,SN.ITK.DEFC.ZS,Undernourishment (% pop),MYS,Malaysia,2021,2.5
undernourish,SN.ITK.DEFC.ZS,Undernourishment (% pop),MYS,Malaysia,2020,2.7
undernourish,SN.ITK.DEFC.ZS,Undernourishment (% pop),MYS,Malaysia,2019,2.8
undernourish,SN.ITK.DEFC.ZS,Undernourishment (% pop),MYS,Malaysia,2018,2.9
undernourish,SN.ITK.DEFC.ZS,Undernourishment (% pop),MYS,Malaysia,2017,3.1
undernourish,SN.ITK.DEFC.ZS,Undernourishment (% pop),MYS,Malaysia,2016,3.3
undernourish,SN.ITK.DEFC.ZS,Undernourishment (% pop),MYS,Malaysia,2015,3.7
undernourish,SN.ITK.DEFC.ZS,Undernourishment (% pop),MYS,Malaysia,2014,3.8
undernourish,SN.ITK.DEFC.ZS,Undernourishment (% pop),MYS,Malaysia,2013,3.7
undernourish,SN.ITK.DEFC.ZS,Undernourishment (% pop),MYS,Malaysia,2012,3.5
undernourish,SN.ITK.DEFC.ZS,Undernourishment (% pop),MYS,Malaysia,2011,3.4
undernourish,SN.ITK.DEFC.ZS,Undernourishment (% pop),MYS,Malaysia,2010,3.5
undernourish,SN.ITK.DEFC.ZS,Undernourishment (% pop),MYS,Malaysia,2009,3.8
undernourish,SN.ITK.DEFC.ZS,Undernourishment (% pop),MYS,Malaysia,2008,3.6
undernourish,SN.ITK.DEFC.ZS,Undernourishment (% pop),MYS,Malaysia,2007,3.6
undernourish,SN.ITK.DEFC.ZS,Undernourishment (% pop),MYS,Malaysia,2006,3.4
undernourish,SN.ITK.DEFC.ZS,Undernourishment (% pop),MYS,Malaysia,2005,3.2
undernourish,SN.ITK.DEFC.ZS,Undernourishment (% pop),MYS,Malaysia,2004,3.1
undernourish,SN.ITK.DEFC.ZS,Undernourishment (% pop),MYS,Malaysia,2003,2.9
undernourish,SN.ITK.DEFC.ZS,Undernourishment (% pop),MYS,Malaysia,2002,2.8
undernourish,SN.ITK.DEFC.ZS,Undernourishment (% pop),MYS,Malaysia,2001,2.5
undernourish,SN.ITK.DEFC.ZS,Undernourishment (% pop),PER,Peru,2023,6.9
undernourish,SN.ITK.DEFC.ZS,Undernourishment (% pop),PER,Peru,2022,6.6
undernourish,SN.ITK.DEFC.ZS,Undernourishment (% pop),PER,Peru,2021,6.5
undernourish,SN.ITK.DEFC.ZS,Undernourishment (% pop),PER,Peru,2020,6.3
undernourish,SN.ITK.DEFC.ZS,Undernourishment (% pop),PER,Peru,2019,6.2
undernourish,SN.ITK.DEFC.ZS,Undernourishment (% pop),PER,Peru,2018,6
undernourish,SN.ITK.DEFC.ZS,Undernourishment (% pop),PER,Peru,2017,6.5
undernourish,SN.ITK.DEFC.ZS,Undernourishment (% pop),PER,Peru,2016,6.2
undernourish,SN.ITK.DEFC.ZS,Undernourishment (% pop),PER,Peru,2015,5.7
undernourish,SN.ITK.DEFC.ZS,Undernourishment (% pop),PER,Peru,2014,5.3
undernourish,SN.ITK.DEFC.ZS,Undernourishment (% pop),PER,Peru,2013,5.6
undernourish,SN.ITK.DEFC.ZS,Undernourishment (% pop),PER,Peru,2012,6.7
undernourish,SN.ITK.DEFC.ZS,Undernourishment (% pop),PER,Peru,2011,7.6
undernourish,SN.ITK.DEFC.ZS,Undernourishment (% pop),PER,Peru,2010,8.5
undernourish,SN.ITK.DEFC.ZS,Undernourishment (% pop),PER,Peru,2009,9.4
undernourish,SN.ITK.DEFC.ZS,Undernourishment (% pop),PER,Peru,2008,11
undernourish,SN.ITK.DEFC.ZS,Undernourishment (% pop),PER,Peru,2007,13
undernourish,SN.ITK.DEFC.ZS,Undernourishment (% pop),PER,Peru,2006,14.9
undernourish,SN.ITK.DEFC.ZS,Undernourishment (% pop),PER,Peru,2005,17.9
undernourish,SN.ITK.DEFC.ZS,Undernourishment (% pop),PER,Peru,2004,20.7
undernourish,SN.ITK.DEFC.ZS,Undernourishment (% pop),PER,Peru,2003,22.1
undernourish,SN.ITK.DEFC.ZS,Undernourishment (% pop),PER,Peru,2002,21.8
undernourish,SN.ITK.DEFC.ZS,Undernourishment (% pop),PER,Peru,2001,20.4
undernourish,SN.ITK.DEFC.ZS,Undernourishment (% pop),POL,Poland,2023,2.5
undernourish,SN.ITK.DEFC.ZS,Undernourishment (% pop),POL,Poland,2022,2.5
undernourish,SN.ITK.DEFC.ZS,Undernourishment (% pop),POL,Poland,2021,2.5
undernourish,SN.ITK.DEFC.ZS,Undernourishment (% pop),POL,Poland,2020,2.5
undernourish,SN.ITK.DEFC.ZS,Undernourishment (% pop),POL,Poland,2019,2.5
undernourish,SN.ITK.DEFC.ZS,Undernourishment (% pop),POL,Poland,2018,2.5
undernourish,SN.ITK.DEFC.ZS,Undernourishment (% pop),POL,Poland,2017,2.5
undernourish,SN.ITK.DEFC.ZS,Undernourishment (% pop),POL,Poland,2016,2.5
undernourish,SN.ITK.DEFC.ZS,Undernourishment (% pop),POL,Poland,2015,2.5
undernourish,SN.ITK.DEFC.ZS,Undernourishment (% pop),POL,Poland,2014,2.5
undernourish,SN.ITK.DEFC.ZS,Undernourishment (% pop),POL,Poland,2013,2.5
undernourish,SN.ITK.DEFC.ZS,Undernourishment (% pop),POL,Poland,2012,2.5
undernourish,SN.ITK.DEFC.ZS,Undernourishment (% pop),POL,Poland,2011,2.5
undernourish,SN.ITK.DEFC.ZS,Undernourishment (% pop),POL,Poland,2010,2.5
undernourish,SN.ITK.DEFC.ZS,Undernourishment (% pop),POL,Poland,2009,2.5
undernourish,SN.ITK.DEFC.ZS,Undernourishment (% pop),POL,Poland,2008,2.5
undernourish,SN.ITK.DEFC.ZS,Undernourishment (% pop),POL,Poland,2007,2.5
undernourish,SN.ITK.DEFC.ZS,Undernourishment (% pop),POL,Poland,2006,2.5
undernourish,SN.ITK.DEFC.ZS,Undernourishment (% pop),POL,Poland,2005,2.5
undernourish,SN.ITK.DEFC.ZS,Undernourishment (% pop),POL,Poland,2004,2.5
undernourish,SN.ITK.DEFC.ZS,Undernourishment (% pop),POL,Poland,2003,2.5
undernourish,SN.ITK.DEFC.ZS,Undernourishment (% pop),POL,Poland,2002,2.5
undernourish,SN.ITK.DEFC.ZS,Undernourishment (% pop),POL,Poland,2001,2.5
undernourish,SN.ITK.DEFC.ZS,Undernourishment (% pop),RUS,Russian Federation,2023,2.5
undernourish,SN.ITK.DEFC.ZS,Undernourishment (% pop),RUS,Russian Federation,2022,2.5
undernourish,SN.ITK.DEFC.ZS,Undernourishment (% pop),RUS,Russian Federation,2021,2.5
undernourish,SN.ITK.DEFC.ZS,Undernourishment (% pop),RUS,Russian Federation,2020,2.5
undernourish,SN.ITK.DEFC.ZS,Undernourishment (% pop),RUS,Russian Federation,2019,2.5
undernourish,SN.ITK.DEFC.ZS,Undernourishment (% pop),RUS,Russian Federation,2018,2.5
undernourish,SN.ITK.DEFC.ZS,Undernourishment (% pop),RUS,Russian Federation,2017,2.5
undernourish,SN.ITK.DEFC.ZS,Undernourishment (% pop),RUS,Russian Federation,2016,2.5
undernourish,SN.ITK.DEFC.ZS,Undernourishment (% pop),RUS,Russian Federation,2015,2.5
undernourish,SN.ITK.DEFC.ZS,Undernourishment (% pop),RUS,Russian Federation,2014,2.5
undernourish,SN.ITK.DEFC.ZS,Undernourishment (% pop),RUS,Russian Federation,2013,2.5
undernourish,SN.ITK.DEFC.ZS,Undernourishment (% pop),RUS,Russian Federation,2012,2.5
undernourish,SN.ITK.DEFC.ZS,Undernourishment (% pop),RUS,Russian Federation,2011,2.5
undernourish,SN.ITK.DEFC.ZS,Undernourishment (% pop),RUS,Russian Federation,2010,2.5
undernourish,SN.ITK.DEFC.ZS,Undernourishment (% pop),RUS,Russian Federation,2009,2.5
undernourish,SN.ITK.DEFC.ZS,Undernourishment (% pop),RUS,Russian Federation,2008,2.5
undernourish,SN.ITK.DEFC.ZS,Undernourishment (% pop),RUS,Russian Federation,2007,2.5
undernourish,SN.ITK.DEFC.ZS,Undernourishment (% pop),RUS,Russian Federation,2006,2.5
undernourish,SN.ITK.DEFC.ZS,Undernourishment (% pop),RUS,Russian Federation,2005,2.5
undernourish,SN.ITK.DEFC.ZS,Undernourishment (% pop),RUS,Russian Federation,2004,2.5
undernourish,SN.ITK.DEFC.ZS,Undernourishment (% pop),RUS,Russian Federation,2003,2.7
undernourish,SN.ITK.DEFC.ZS,Undernourishment (% pop),RUS,Russian Federation,2002,3.3
undernourish,SN.ITK.DEFC.ZS,Undernourishment (% pop),RUS,Russian Federation,2001,4.2
undernourish,SN.ITK.DEFC.ZS,Undernourishment (% pop),THA,Thailand,2023,4.6
undernourish,SN.ITK.DEFC.ZS,Undernourishment (% pop),THA,Thailand,2022,5.1
undernourish,SN.ITK.DEFC.ZS,Undernourishment (% pop),THA,Thailand,2021,5.4
undernourish,SN.ITK.DEFC.ZS,Undernourishment (% pop),THA,Thailand,2020,6
undernourish,SN.ITK.DEFC.ZS,Undernourishment (% pop),THA,Thailand,2019,6.8
undernourish,SN.ITK.DEFC.ZS,Undernourishment (% pop),THA,Thailand,2018,7.6
undernourish,SN.ITK.DEFC.ZS,Undernourishment (% pop),THA,Thailand,2017,8.1
undernourish,SN.ITK.DEFC.ZS,Undernourishment (% pop),THA,Thailand,2016,7.9
undernourish,SN.ITK.DEFC.ZS,Undernourishment (% pop),THA,Thailand,2015,7.8
undernourish,SN.ITK.DEFC.ZS,Undernourishment (% pop),THA,Thailand,2014,8.2
undernourish,SN.ITK.DEFC.ZS,Undernourishment (% pop),THA,Thailand,2013,8.7
undernourish,SN.ITK.DEFC.ZS,Undernourishment (% pop),THA,Thailand,2012,9.3
undernourish,SN.ITK.DEFC.ZS,Undernourishment (% pop),THA,Thailand,2011,9.4
undernourish,SN.ITK.DEFC.ZS,Undernourishment (% pop),THA,Thailand,2010,10.2
undernourish,SN.ITK.DEFC.ZS,Undernourishment (% pop),THA,Thailand,2009,10.4
undernourish,SN.ITK.DEFC.ZS,Undernourishment (% pop),THA,Thailand,2008,10.6
undernourish,SN.ITK.DEFC.ZS,Undernourishment (% pop),THA,Thailand,2007,10.1
undernourish,SN.ITK.DEFC.ZS,Undernourishment (% pop),THA,Thailand,2006,10.6
undernourish,SN.ITK.DEFC.ZS,Undernourishment (% pop),THA,Thailand,2005,11.8
undernourish,SN.ITK.DEFC.ZS,Undernourishment (% pop),THA,Thailand,2004,13.6
undernourish,SN.ITK.DEFC.ZS,Undernourishment (% pop),THA,Thailand,2003,14.9
undernourish,SN.ITK.DEFC.ZS,Undernourishment (% pop),THA,Thailand,2002,16.3
undernourish,SN.ITK.DEFC.ZS,Undernourishment (% pop),THA,Thailand,2001,17.3
undernourish,SN.ITK.DEFC.ZS,Undernourishment (% pop),TUR,Turkiye,2023,2.5
undernourish,SN.ITK.DEFC.ZS,Undernourishment (% pop),TUR,Turkiye,2022,2.5
undernourish,SN.ITK.DEFC.ZS,Undernourishment (% pop),TUR,Turkiye,2021,2.5
undernourish,SN.ITK.DEFC.ZS,Undernourishment (% pop),TUR,Turkiye,2020,2.5
undernourish,SN.ITK.DEFC.ZS,Undernourishment (% pop),TUR,Turkiye,2019,2.5
undernourish,SN.ITK.DEFC.ZS,Undernourishment (% pop),TUR,Turkiye,2018,2.5
undernourish,SN.ITK.DEFC.ZS,Undernourishment (% pop),TUR,Turkiye,2017,2.5
undernourish,SN.ITK.DEFC.ZS,Undernourishment (% pop),TUR,Turkiye,2016,2.5
undernourish,SN.ITK.DEFC.ZS,Undernourishment (% pop),TUR,Turkiye,2015,2.5
undernourish,SN.ITK.DEFC.ZS,Undernourishment (% pop),TUR,Turkiye,2014,2.5
undernourish,SN.ITK.DEFC.ZS,Undernourishment (% pop),TUR,Turkiye,2013,2.5
undernourish,SN.ITK.DEFC.ZS,Undernourishment (% pop),TUR,Turkiye,2012,2.5
undernourish,SN.ITK.DEFC.ZS,Undernourishment (% pop),TUR,Turkiye,2011,2.5
undernourish,SN.ITK.DEFC.ZS,Undernourishment (% pop),TUR,Turkiye,2010,2.5
undernourish,SN.ITK.DEFC.ZS,Undernourishment (% pop),TUR,Turkiye,2009,2.5
undernourish,SN.ITK.DEFC.ZS,Undernourishment (% pop),TUR,Turkiye,2008,3.2
undernourish,SN.ITK.DEFC.ZS,Undernourishment (% pop),TUR,Turkiye,2007,4.4
undernourish,SN.ITK.DEFC.ZS,Undernourishment (% pop),TUR,Turkiye,2006,6.5
undernourish,SN.ITK.DEFC.ZS,Undernourishment (% pop),TUR,Turkiye,2005,9.4
undernourish,SN.ITK.DEFC.ZS,Undernourishment (% pop),TUR,Turkiye,2004,12.3
undernourish,SN.ITK.DEFC.ZS,Undernourishment (% pop),TUR,Turkiye,2003,13.7
undernourish,SN.ITK.DEFC.ZS,Undernourishment (% pop),TUR,Turkiye,2002,13.9
undernourish,SN.ITK.DEFC.ZS,Undernourishment (% pop),TUR,Turkiye,2001,12.9
undernourish,SN.ITK.DEFC.ZS,Undernourishment (% pop),UKR,Ukraine,2023,6.9
undernourish,SN.ITK.DEFC.ZS,Undernourishment (% pop),UKR,Ukraine,2022,6
undernourish,SN.ITK.DEFC.ZS,Undernourishment (% pop),UKR,Ukraine,2021,5.3
undernourish,SN.ITK.DEFC.ZS,Undernourishment (% pop),UKR,Ukraine,2020,4.3
undernourish,SN.ITK.DEFC.ZS,Undernourishment (% pop),UKR,Ukraine,2019,3.8
undernourish,SN.ITK.DEFC.ZS,Undernourishment (% pop),UKR,Ukraine,2018,3
undernourish,SN.ITK.DEFC.ZS,Undernourishment (% pop),UKR,Ukraine,2017,2.6
undernourish,SN.ITK.DEFC.ZS,Undernourishment (% pop),UKR,Ukraine,2016,2.5
undernourish,SN.ITK.DEFC.ZS,Undernourishment (% pop),UKR,Ukraine,2015,2.5
undernourish,SN.ITK.DEFC.ZS,Undernourishment (% pop),UKR,Ukraine,2014,2.5
undernourish,SN.ITK.DEFC.ZS,Undernourishment (% pop),UKR,Ukraine,2013,2.5
undernourish,SN.ITK.DEFC.ZS,Undernourishment (% pop),UKR,Ukraine,2012,2.5
undernourish,SN.ITK.DEFC.ZS,Undernourishment (% pop),UKR,Ukraine,2011,2.5
undernourish,SN.ITK.DEFC.ZS,Undernourishment (% pop),UKR,Ukraine,2010,2.5
undernourish,SN.ITK.DEFC.ZS,Undernourishment (% pop),UKR,Ukraine,2009,2.5
undernourish,SN.ITK.DEFC.ZS,Undernourishment (% pop),UKR,Ukraine,2008,2.5
undernourish,SN.ITK.DEFC.ZS,Undernourishment (% pop),UKR,Ukraine,2007,2.5
undernourish,SN.ITK.DEFC.ZS,Undernourishment (% pop),UKR,Ukraine,2006,2.5
undernourish,SN.ITK.DEFC.ZS,Undernourishment (% pop),UKR,Ukraine,2005,2.5
undernourish,SN.ITK.DEFC.ZS,Undernourishment (% pop),UKR,Ukraine,2004,2.5
undernourish,SN.ITK.DEFC.ZS,Undernourishment (% pop),UKR,Ukraine,2003,2.5
undernourish,SN.ITK.DEFC.ZS,Undernourishment (% pop),UKR,Ukraine,2002,2.5
undernourish,SN.ITK.DEFC.ZS,Undernourishment (% pop),UKR,Ukraine,2001,2.7
undernourish,SN.ITK.DEFC.ZS,Undernourishment (% pop),UMC,Upper middle income,2023,3.92940146115999
undernourish,SN.ITK.DEFC.ZS,Undernourishment (% pop),UMC,Upper middle income,2022,4.02409095277312
undernourish,SN.ITK.DEFC.ZS,Undernourishment (% pop),UMC,Upper middle income,2021,4.07737709303087
undernourish,SN.ITK.DEFC.ZS,Undernourishment (% pop),UMC,Upper middle income,2020,4.03559489576045
undernourish,SN.ITK.DEFC.ZS,Undernourishment (% pop),UMC,Upper middle income,2019,4.0406553887345
undernourish,SN.ITK.DEFC.ZS,Undernourishment (% pop),UMC,Upper middle income,2018,4.0394756649941
undernourish,SN.ITK.DEFC.ZS,Undernourishment (% pop),UMC,Upper middle income,2017,4.10073097212258
undernourish,SN.ITK.DEFC.ZS,Undernourishment (% pop),UMC,Upper middle income,2016,4.21190309622081
undernourish,SN.ITK.DEFC.ZS,Undernourishment (% pop),UMC,Upper middle income,2015,4.31716736090138
undernourish,SN.ITK.DEFC.ZS,Undernourishment (% pop),UMC,Upper middle income,2014,4.46920996240191
undernourish,SN.ITK.DEFC.ZS,Undernourishment (% pop),UMC,Upper middle income,2013,4.59255412257044
undernourish,SN.ITK.DEFC.ZS,Undernourishment (% pop),UMC,Upper middle income,2012,4.81910465516195
undernourish,SN.ITK.DEFC.ZS,Undernourishment (% pop),UMC,Upper middle income,2011,5.03868406957377
undernourish,SN.ITK.DEFC.ZS,Undernourishment (% pop),UMC,Upper middle income,2010,5.34615722942773
undernourish,SN.ITK.DEFC.ZS,Undernourishment (% pop),UMC,Upper middle income,2009,5.80870731267018
undernourish,SN.ITK.DEFC.ZS,Undernourishment (% pop),UMC,Upper middle income,2008,6.54797960879823
undernourish,SN.ITK.DEFC.ZS,Undernourishment (% pop),UMC,Upper middle income,2007,7.26016718240338
undernourish,SN.ITK.DEFC.ZS,Undernourishment (% pop),UMC,Upper middle income,2006,8.03414765962011
undernourish,SN.ITK.DEFC.ZS,Undernourishment (% pop),UMC,Upper middle income,2005,8.74227571823841
undernourish,SN.ITK.DEFC.ZS,Undernourishment (% pop),UMC,Upper middle income,2004,9.41199620708062
undernourish,SN.ITK.DEFC.ZS,Undernourishment (% pop),UMC,Upper middle income,2003,9.97898980991195
undernourish,SN.ITK.DEFC.ZS,Undernourishment (% pop),UMC,Upper middle income,2002,10.509474109832
undernourish,SN.ITK.DEFC.ZS,Undernourishment (% pop),UMC,Upper middle income,2001,10.9791595077931
undernourish,SN.ITK.DEFC.ZS,Undernourishment (% pop),URY,Uruguay,2023,2.5
undernourish,SN.ITK.DEFC.ZS,Undernourishment (% pop),URY,Uruguay,2022,2.5
undernourish,SN.ITK.DEFC.ZS,Undernourishment (% pop),URY,Uruguay,2021,2.5
undernourish,SN.ITK.DEFC.ZS,Undernourishment (% pop),URY,Uruguay,2020,2.5
undernourish,SN.ITK.DEFC.ZS,Undernourishment (% pop),URY,Uruguay,2019,2.5
undernourish,SN.ITK.DEFC.ZS,Undernourishment (% pop),URY,Uruguay,2018,2.5
undernourish,SN.ITK.DEFC.ZS,Undernourishment (% pop),URY,Uruguay,2017,2.5
undernourish,SN.ITK.DEFC.ZS,Undernourishment (% pop),URY,Uruguay,2016,2.5
undernourish,SN.ITK.DEFC.ZS,Undernourishment (% pop),URY,Uruguay,2015,2.5
undernourish,SN.ITK.DEFC.ZS,Undernourishment (% pop),URY,Uruguay,2014,2.5
undernourish,SN.ITK.DEFC.ZS,Undernourishment (% pop),URY,Uruguay,2013,2.5
undernourish,SN.ITK.DEFC.ZS,Undernourishment (% pop),URY,Uruguay,2012,2.5
undernourish,SN.ITK.DEFC.ZS,Undernourishment (% pop),URY,Uruguay,2011,2.5
undernourish,SN.ITK.DEFC.ZS,Undernourishment (% pop),URY,Uruguay,2010,2.5
undernourish,SN.ITK.DEFC.ZS,Undernourishment (% pop),URY,Uruguay,2009,2.5
undernourish,SN.ITK.DEFC.ZS,Undernourishment (% pop),URY,Uruguay,2008,2.5
undernourish,SN.ITK.DEFC.ZS,Undernourishment (% pop),URY,Uruguay,2007,2.5
undernourish,SN.ITK.DEFC.ZS,Undernourishment (% pop),URY,Uruguay,2006,2.5
undernourish,SN.ITK.DEFC.ZS,Undernourishment (% pop),URY,Uruguay,2005,2.5
undernourish,SN.ITK.DEFC.ZS,Undernourishment (% pop),URY,Uruguay,2004,2.6
undernourish,SN.ITK.DEFC.ZS,Undernourishment (% pop),URY,Uruguay,2003,3
undernourish,SN.ITK.DEFC.ZS,Undernourishment (% pop),URY,Uruguay,2002,3.3
undernourish,SN.ITK.DEFC.ZS,Undernourishment (% pop),URY,Uruguay,2001,3.6
undernourish,SN.ITK.DEFC.ZS,Undernourishment (% pop),ZAF,South Africa,2023,10
undernourish,SN.ITK.DEFC.ZS,Undernourishment (% pop),ZAF,South Africa,2022,10
undernourish,SN.ITK.DEFC.ZS,Undernourishment (% pop),ZAF,South Africa,2021,9.4
undernourish,SN.ITK.DEFC.ZS,Undernourishment (% pop),ZAF,South Africa,2020,8.6
undernourish,SN.ITK.DEFC.ZS,Undernourishment (% pop),ZAF,South Africa,2019,7.2
undernourish,SN.ITK.DEFC.ZS,Undernourishment (% pop),ZAF,South Africa,2018,6.4
undernourish,SN.ITK.DEFC.ZS,Undernourishment (% pop),ZAF,South Africa,2017,6.1
undernourish,SN.ITK.DEFC.ZS,Undernourishment (% pop),ZAF,South Africa,2016,6.4
undernourish,SN.ITK.DEFC.ZS,Undernourishment (% pop),ZAF,South Africa,2015,6.6
undernourish,SN.ITK.DEFC.ZS,Undernourishment (% pop),ZAF,South Africa,2014,6.4
undernourish,SN.ITK.DEFC.ZS,Undernourishment (% pop),ZAF,South Africa,2013,5.6
undernourish,SN.ITK.DEFC.ZS,Undernourishment (% pop),ZAF,South Africa,2012,5.2
undernourish,SN.ITK.DEFC.ZS,Undernourishment (% pop),ZAF,South Africa,2011,5
undernourish,SN.ITK.DEFC.ZS,Undernourishment (% pop),ZAF,South Africa,2010,4.5
undernourish,SN.ITK.DEFC.ZS,Undernourishment (% pop),ZAF,South Africa,2009,4
undernourish,SN.ITK.DEFC.ZS,Undernourishment (% pop),ZAF,South Africa,2008,3.5
undernourish,SN.ITK.DEFC.ZS,Undernourishment (% pop),ZAF,South Africa,2007,3.5
undernourish,SN.ITK.DEFC.ZS,Undernourishment (% pop),ZAF,South Africa,2006,3.4
undernourish,SN.ITK.DEFC.ZS,Undernourishment (% pop),ZAF,South Africa,2005,3.3
undernourish,SN.ITK.DEFC.ZS,Undernourishment (% pop),ZAF,South Africa,2004,3.3
undernourish,SN.ITK.DEFC.ZS,Undernourishment (% pop),ZAF,South Africa,2003,3.4
undernourish,SN.ITK.DEFC.ZS,Undernourishment (% pop),ZAF,South Africa,2002,3.5
undernourish,SN.ITK.DEFC.ZS,Undernourishment (% pop),ZAF,South Africa,2001,3.6
edu_spend,SE.XPD.TOTL.GD.ZS,Gov education spend (% GDP),ARG,Argentina,2023,5.00324010848999
edu_spend,SE.XPD.TOTL.GD.ZS,Gov education spend (% GDP),ARG,Argentina,2022,4.79263019561768
edu_spend,SE.XPD.TOTL.GD.ZS,Gov education spend (% GDP),ARG,Argentina,2021,4.65393018722534
edu_spend,SE.XPD.TOTL.GD.ZS,Gov education spend (% GDP),ARG,Argentina,2020,5.27689981460571
edu_spend,SE.XPD.TOTL.GD.ZS,Gov education spend (% GDP),ARG,Argentina,2019,4.77165985107422
edu_spend,SE.XPD.TOTL.GD.ZS,Gov education spend (% GDP),ARG,Argentina,2018,4.87773990631104
edu_spend,SE.XPD.TOTL.GD.ZS,Gov education spend (% GDP),ARG,Argentina,2017,5.45432996749878
edu_spend,SE.XPD.TOTL.GD.ZS,Gov education spend (% GDP),ARG,Argentina,2016,5.54548978805542
edu_spend,SE.XPD.TOTL.GD.ZS,Gov education spend (% GDP),ARG,Argentina,2015,5.77611017227173
edu_spend,SE.XPD.TOTL.GD.ZS,Gov education spend (% GDP),ARG,Argentina,2014,5.36144018173218
edu_spend,SE.XPD.TOTL.GD.ZS,Gov education spend (% GDP),ARG,Argentina,2013,5.43660020828247
edu_spend,SE.XPD.TOTL.GD.ZS,Gov education spend (% GDP),ARG,Argentina,2012,5.3458399772644
edu_spend,SE.XPD.TOTL.GD.ZS,Gov education spend (% GDP),ARG,Argentina,2011,5.29063987731934
edu_spend,SE.XPD.TOTL.GD.ZS,Gov education spend (% GDP),ARG,Argentina,2010,5.01972007751465
edu_spend,SE.XPD.TOTL.GD.ZS,Gov education spend (% GDP),ARG,Argentina,2009,5.53105020523071
edu_spend,SE.XPD.TOTL.GD.ZS,Gov education spend (% GDP),ARG,Argentina,2008,4.84438991546631
edu_spend,SE.XPD.TOTL.GD.ZS,Gov education spend (% GDP),ARG,Argentina,2007,4.46260976791382
edu_spend,SE.XPD.TOTL.GD.ZS,Gov education spend (% GDP),ARG,Argentina,2006,4.12821006774902
edu_spend,SE.XPD.TOTL.GD.ZS,Gov education spend (% GDP),ARG,Argentina,2005,3.86000990867615
edu_spend,SE.XPD.TOTL.GD.ZS,Gov education spend (% GDP),ARG,Argentina,2004,3.48652005195618
edu_spend,SE.XPD.TOTL.GD.ZS,Gov education spend (% GDP),ARG,Argentina,2003,3.53504991531372
edu_spend,SE.XPD.TOTL.GD.ZS,Gov education spend (% GDP),ARG,Argentina,2002,4.01734018325806
edu_spend,SE.XPD.TOTL.GD.ZS,Gov education spend (% GDP),ARG,Argentina,2001,4.833740234375
edu_spend,SE.XPD.TOTL.GD.ZS,Gov education spend (% GDP),ARG,Argentina,2000,4.58030986785889
edu_spend,SE.XPD.TOTL.GD.ZS,Gov education spend (% GDP),ARG,Argentina,1999,4.52167987823486
edu_spend,SE.XPD.TOTL.GD.ZS,Gov education spend (% GDP),ARG,Argentina,1998,4.03986978530884
edu_spend,SE.XPD.TOTL.GD.ZS,Gov education spend (% GDP),ARG,Argentina,1996,3.73198008537292
edu_spend,SE.XPD.TOTL.GD.ZS,Gov education spend (% GDP),ARG,Argentina,1990,1.06737995147705
edu_spend,SE.XPD.TOTL.GD.ZS,Gov education spend (% GDP),BGR,Bulgaria,2022,4.50109004974365
edu_spend,SE.XPD.TOTL.GD.ZS,Gov education spend (% GDP),BGR,Bulgaria,2021,4.7092399597168
edu_spend,SE.XPD.TOTL.GD.ZS,Gov education spend (% GDP),BGR,Bulgaria,2020,4.48298978805542
edu_spend,SE.XPD.TOTL.GD.ZS,Gov education spend (% GDP),BGR,Bulgaria,2019,4.21430015563965
edu_spend,SE.XPD.TOTL.GD.ZS,Gov education spend (% GDP),BGR,Bulgaria,2018,4.05201005935669
edu_spend,SE.XPD.TOTL.GD.ZS,Gov education spend (% GDP),BGR,Bulgaria,2017,4.07754993438721
edu_spend,SE.XPD.TOTL.GD.ZS,Gov education spend (% GDP),BGR,Bulgaria,2016,3.81435990333557
edu_spend,SE.XPD.TOTL.GD.ZS,Gov education spend (% GDP),BGR,Bulgaria,2015,3.88469004631042
edu_spend,SE.XPD.TOTL.GD.ZS,Gov education spend (% GDP),BGR,Bulgaria,2014,4.19388008117676
edu_spend,SE.XPD.TOTL.GD.ZS,Gov education spend (% GDP),BGR,Bulgaria,2013,4.05766010284424
edu_spend,SE.XPD.TOTL.GD.ZS,Gov education spend (% GDP),BGR,Bulgaria,2012,3.47650003433227
edu_spend,SE.XPD.TOTL.GD.ZS,Gov education spend (% GDP),BGR,Bulgaria,2011,3.54690003395081
edu_spend,SE.XPD.TOTL.GD.ZS,Gov education spend (% GDP),BGR,Bulgaria,2010,3.85746002197266
edu_spend,SE.XPD.TOTL.GD.ZS,Gov education spend (% GDP),BGR,Bulgaria,2009,4.27429008483887
edu_spend,SE.XPD.TOTL.GD.ZS,Gov education spend (% GDP),BGR,Bulgaria,2008,4.2190899848938
edu_spend,SE.XPD.TOTL.GD.ZS,Gov education spend (% GDP),BGR,Bulgaria,2007,3.680340051651
edu_spend,SE.XPD.TOTL.GD.ZS,Gov education spend (% GDP),BGR,Bulgaria,2006,3.90346002578735
edu_spend,SE.XPD.TOTL.GD.ZS,Gov education spend (% GDP),BGR,Bulgaria,2005,4.10879993438721
edu_spend,SE.XPD.TOTL.GD.ZS,Gov education spend (% GDP),BGR,Bulgaria,2004,4.24988985061646
edu_spend,SE.XPD.TOTL.GD.ZS,Gov education spend (% GDP),BGR,Bulgaria,2003,3.99845004081726
edu_spend,SE.XPD.TOTL.GD.ZS,Gov education spend (% GDP),BGR,Bulgaria,2002,3.38608002662659
edu_spend,SE.XPD.TOTL.GD.ZS,Gov education spend (% GDP),BGR,Bulgaria,2001,3.38423991203308
edu_spend,SE.XPD.TOTL.GD.ZS,Gov education spend (% GDP),BGR,Bulgaria,1998,2.73942995071411
edu_spend,SE.XPD.TOTL.GD.ZS,Gov education spend (% GDP),BGR,Bulgaria,1996,2.23007988929748
edu_spend,SE.XPD.TOTL.GD.ZS,Gov education spend (% GDP),BGR,Bulgaria,1995,2.37207007408142
edu_spend,SE.XPD.TOTL.GD.ZS,Gov education spend (% GDP),BGR,Bulgaria,1994,4.1706600189209
edu_spend,SE.XPD.TOTL.GD.ZS,Gov education spend (% GDP),BGR,Bulgaria,1993,4.95048999786377
edu_spend,SE.XPD.TOTL.GD.ZS,Gov education spend (% GDP),BGR,Bulgaria,1992,5.26045989990234
edu_spend,SE.XPD.TOTL.GD.ZS,Gov education spend (% GDP),BGR,Bulgaria,1991,5.42961978912354
edu_spend,SE.XPD.TOTL.GD.ZS,Gov education spend (% GDP),BGR,Bulgaria,1990,4.45406007766724
edu_spend,SE.XPD.TOTL.GD.ZS,Gov education spend (% GDP),BRA,Brazil,2022,5.61920976638794
edu_spend,SE.XPD.TOTL.GD.ZS,Gov education spend (% GDP),BRA,Brazil,2021,5.4969801902771
edu_spend,SE.XPD.TOTL.GD.ZS,Gov education spend (% GDP),BRA,Brazil,2020,5.7714900970459
edu_spend,SE.XPD.TOTL.GD.ZS,Gov education spend (% GDP),BRA,Brazil,2019,5.96346998214722
edu_spend,SE.XPD.TOTL.GD.ZS,Gov education spend (% GDP),BRA,Brazil,2018,6.08851003646851
edu_spend,SE.XPD.TOTL.GD.ZS,Gov education spend (% GDP),BRA,Brazil,2017,6.32047986984253
edu_spend,SE.XPD.TOTL.GD.ZS,Gov education spend (% GDP),BRA,Brazil,2016,6.31403017044067
edu_spend,SE.XPD.TOTL.GD.ZS,Gov education spend (% GDP),BRA,Brazil,2015,6.24105978012085
edu_spend,SE.XPD.TOTL.GD.ZS,Gov education spend (% GDP),BRA,Brazil,2014,5.94848012924194
edu_spend,SE.XPD.TOTL.GD.ZS,Gov education spend (% GDP),BRA,Brazil,2013,5.8388500213623
edu_spend,SE.XPD.TOTL.GD.ZS,Gov education spend (% GDP),BRA,Brazil,2012,5.85510015487671
edu_spend,SE.XPD.TOTL.GD.ZS,Gov education spend (% GDP),BRA,Brazil,2011,5.73741006851196
edu_spend,SE.XPD.TOTL.GD.ZS,Gov education spend (% GDP),BRA,Brazil,2010,5.64879989624023
edu_spend,SE.XPD.TOTL.GD.ZS,Gov education spend (% GDP),BRA,Brazil,2009,5.46355009078979
edu_spend,SE.XPD.TOTL.GD.ZS,Gov education spend (% GDP),BRA,Brazil,2008,5.26884984970093
edu_spend,SE.XPD.TOTL.GD.ZS,Gov education spend (% GDP),BRA,Brazil,2007,4.97426986694336
edu_spend,SE.XPD.TOTL.GD.ZS,Gov education spend (% GDP),BRA,Brazil,2006,4.87060022354126
edu_spend,SE.XPD.TOTL.GD.ZS,Gov education spend (% GDP),BRA,Brazil,2005,4.47909021377563
edu_spend,SE.XPD.TOTL.GD.ZS,Gov education spend (% GDP),BRA,Brazil,2004,3.97448992729187
edu_spend,SE.XPD.TOTL.GD.ZS,Gov education spend (% GDP),BRA,Brazil,2002,3.75037002563477
edu_spend,SE.XPD.TOTL.GD.ZS,Gov education spend (% GDP),BRA,Brazil,2001,3.84467005729675
edu_spend,SE.XPD.TOTL.GD.ZS,Gov education spend (% GDP),BRA,Brazil,2000,3.94893002510071
edu_spend,SE.XPD.TOTL.GD.ZS,Gov education spend (% GDP),BRA,Brazil,1999,3.80062007904053
edu_spend,SE.XPD.TOTL.GD.ZS,Gov education spend (% GDP),BRA,Brazil,1998,4.75666999816895
edu_spend,SE.XPD.TOTL.GD.ZS,Gov education spend (% GDP),BRA,Brazil,1995,4.56816005706787
edu_spend,SE.XPD.TOTL.GD.ZS,Gov education spend (% GDP),CHL,Chile,2022,4.91201019287109
edu_spend,SE.XPD.TOTL.GD.ZS,Gov education spend (% GDP),CHL,Chile,2021,5.00225019454956
edu_spend,SE.XPD.TOTL.GD.ZS,Gov education spend (% GDP),CHL,Chile,2020,5.62992000579834
edu_spend,SE.XPD.TOTL.GD.ZS,Gov education spend (% GDP),CHL,Chile,2019,5.62629985809326
edu_spend,SE.XPD.TOTL.GD.ZS,Gov education spend (% GDP),CHL,Chile,2018,5.473060131073
edu_spend,SE.XPD.TOTL.GD.ZS,Gov education spend (% GDP),CHL,Chile,2017,5.43278980255127
edu_spend,SE.XPD.TOTL.GD.ZS,Gov education spend (% GDP),CHL,Chile,2016,5.36645984649658
edu_spend,SE.XPD.TOTL.GD.ZS,Gov education spend (% GDP),CHL,Chile,2015,4.90390014648438
edu_spend,SE.XPD.TOTL.GD.ZS,Gov education spend (% GDP),CHL,Chile,2014,4.75168991088867
edu_spend,SE.XPD.TOTL.GD.ZS,Gov education spend (% GDP),CHL,Chile,2013,4.54814004898071
edu_spend,SE.XPD.TOTL.GD.ZS,Gov education spend (% GDP),CHL,Chile,2011,4.06173992156982
edu_spend,SE.XPD.TOTL.GD.ZS,Gov education spend (% GDP),CHL,Chile,2010,4.18953990936279
edu_spend,SE.XPD.TOTL.GD.ZS,Gov education spend (% GDP),CHL,Chile,2009,4.25475978851318
edu_spend,SE.XPD.TOTL.GD.ZS,Gov education spend (% GDP),CHL,Chile,2008,3.79189991950989
edu_spend,SE.XPD.TOTL.GD.ZS,Gov education spend (% GDP),CHL,Chile,2007,3.2331600189209
edu_spend,SE.XPD.TOTL.GD.ZS,Gov education spend (% GDP),CHL,Chile,2006,3.04014992713928
edu_spend,SE.XPD.TOTL.GD.ZS,Gov education spend (% GDP),CHL,Chile,2005,3.28016996383667
edu_spend,SE.XPD.TOTL.GD.ZS,Gov education spend (% GDP),CHL,Chile,2004,3.54307007789612
edu_spend,SE.XPD.TOTL.GD.ZS,Gov education spend (% GDP),CHL,Chile,2003,3.91868996620178
edu_spend,SE.XPD.TOTL.GD.ZS,Gov education spend (% GDP),CHL,Chile,2002,4.04881000518799
edu_spend,SE.XPD.TOTL.GD.ZS,Gov education spend (% GDP),CHL,Chile,2000,3.75707006454468
edu_spend,SE.XPD.TOTL.GD.ZS,Gov education spend (% GDP),CHL,Chile,1999,3.7083899974823
edu_spend,SE.XPD.TOTL.GD.ZS,Gov education spend (% GDP),CHL,Chile,1998,3.32312989234924
edu_spend,SE.XPD.TOTL.GD.ZS,Gov education spend (% GDP),CHL,Chile,1997,2.98516988754273
edu_spend,SE.XPD.TOTL.GD.ZS,Gov education spend (% GDP),CHL,Chile,1996,2.77720999717712
edu_spend,SE.XPD.TOTL.GD.ZS,Gov education spend (% GDP),CHL,Chile,1995,2.55165004730225
edu_spend,SE.XPD.TOTL.GD.ZS,Gov education spend (% GDP),CHL,Chile,1994,2.49258995056152
edu_spend,SE.XPD.TOTL.GD.ZS,Gov education spend (% GDP),CHL,Chile,1993,2.35279989242554
edu_spend,SE.XPD.TOTL.GD.ZS,Gov education spend (% GDP),CHL,Chile,1990,2.23059010505676
edu_spend,SE.XPD.TOTL.GD.ZS,Gov education spend (% GDP),CHN,China,2023,3.89714002609253
edu_spend,SE.XPD.TOTL.GD.ZS,Gov education spend (% GDP),CHN,China,1999,1.87120997905731
edu_spend,SE.XPD.TOTL.GD.ZS,Gov education spend (% GDP),CHN,China,1998,1.82997000217438
edu_spend,SE.XPD.TOTL.GD.ZS,Gov education spend (% GDP),CHN,China,1996,1.84320998191833
edu_spend,SE.XPD.TOTL.GD.ZS,Gov education spend (% GDP),CHN,China,1995,1.83266997337341
edu_spend,SE.XPD.TOTL.GD.ZS,Gov education spend (% GDP),CHN,China,1994,1.97658002376556
edu_spend,SE.XPD.TOTL.GD.ZS,Gov education spend (% GDP),CHN,China,1993,1.65106999874115
edu_spend,SE.XPD.TOTL.GD.ZS,Gov education spend (% GDP),CHN,China,1992,1.64842998981476
edu_spend,SE.XPD.TOTL.GD.ZS,Gov education spend (% GDP),COL,Colombia,2020,5.26166009902954
edu_spend,SE.XPD.TOTL.GD.ZS,Gov education spend (% GDP),COL,Colombia,2019,4.51068019866943
edu_spend,SE.XPD.TOTL.GD.ZS,Gov education spend (% GDP),COL,Colombia,2018,4.44910001754761
edu_spend,SE.XPD.TOTL.GD.ZS,Gov education spend (% GDP),COL,Colombia,2017,4.53551006317139
edu_spend,SE.XPD.TOTL.GD.ZS,Gov education spend (% GDP),COL,Colombia,2016,4.47721004486084
edu_spend,SE.XPD.TOTL.GD.ZS,Gov education spend (% GDP),COL,Colombia,2015,4.47038984298706
edu_spend,SE.XPD.TOTL.GD.ZS,Gov education spend (% GDP),COL,Colombia,2014,4.62945985794067
edu_spend,SE.XPD.TOTL.GD.ZS,Gov education spend (% GDP),COL,Colombia,2013,4.87855005264282
edu_spend,SE.XPD.TOTL.GD.ZS,Gov education spend (% GDP),COL,Colombia,2012,4.37038993835449
edu_spend,SE.XPD.TOTL.GD.ZS,Gov education spend (% GDP),COL,Colombia,2011,4.46608018875122
edu_spend,SE.XPD.TOTL.GD.ZS,Gov education spend (% GDP),COL,Colombia,2010,4.83382987976074
edu_spend,SE.XPD.TOTL.GD.ZS,Gov education spend (% GDP),COL,Colombia,2009,4.77651977539062
edu_spend,SE.XPD.TOTL.GD.ZS,Gov education spend (% GDP),COL,Colombia,2008,3.9387800693512
edu_spend,SE.XPD.TOTL.GD.ZS,Gov education spend (% GDP),COL,Colombia,2007,4.08301019668579
edu_spend,SE.XPD.TOTL.GD.ZS,Gov education spend (% GDP),COL,Colombia,2006,3.91671991348267
edu_spend,SE.XPD.TOTL.GD.ZS,Gov education spend (% GDP),COL,Colombia,2005,4.02098989486694
edu_spend,SE.XPD.TOTL.GD.ZS,Gov education spend (% GDP),COL,Colombia,2004,4.07934999465942
edu_spend,SE.XPD.TOTL.GD.ZS,Gov education spend (% GDP),COL,Colombia,2003,4.32513999938965
edu_spend,SE.XPD.TOTL.GD.ZS,Gov education spend (% GDP),COL,Colombia,2002,4.26812982559204
edu_spend,SE.XPD.TOTL.GD.ZS,Gov education spend (% GDP),COL,Colombia,2001,3.70867991447449
edu_spend,SE.XPD.TOTL.GD.ZS,Gov education spend (% GDP),COL,Colombia,2000,3.5112099647522
edu_spend,SE.XPD.TOTL.GD.ZS,Gov education spend (% GDP),COL,Colombia,1999,4.44080018997192
edu_spend,SE.XPD.TOTL.GD.ZS,Gov education spend (% GDP),COL,Colombia,1998,3.92645001411438
edu_spend,SE.XPD.TOTL.GD.ZS,Gov education spend (% GDP),CZE,Czechia,2022,4.30291986465454
edu_spend,SE.XPD.TOTL.GD.ZS,Gov education spend (% GDP),CZE,Czechia,2021,4.65163993835449
edu_spend,SE.XPD.TOTL.GD.ZS,Gov education spend (% GDP),CZE,Czechia,2020,4.62503004074097
edu_spend,SE.XPD.TOTL.GD.ZS,Gov education spend (% GDP),CZE,Czechia,2019,4.46737003326416
edu_spend,SE.XPD.TOTL.GD.ZS,Gov education spend (% GDP),CZE,Czechia,2018,4.21541023254395
edu_spend,SE.XPD.TOTL.GD.ZS,Gov education spend (% GDP),CZE,Czechia,2017,3.75574994087219
edu_spend,SE.XPD.TOTL.GD.ZS,Gov education spend (% GDP),CZE,Czechia,2016,5.50080013275146
edu_spend,SE.XPD.TOTL.GD.ZS,Gov education spend (% GDP),CZE,Czechia,2015,5.71913003921509
edu_spend,SE.XPD.TOTL.GD.ZS,Gov education spend (% GDP),CZE,Czechia,2014,3.93603992462158
edu_spend,SE.XPD.TOTL.GD.ZS,Gov education spend (% GDP),CZE,Czechia,2013,4.02132987976074
edu_spend,SE.XPD.TOTL.GD.ZS,Gov education spend (% GDP),CZE,Czechia,2012,4.19049978256226
edu_spend,SE.XPD.TOTL.GD.ZS,Gov education spend (% GDP),CZE,Czechia,2011,4.20787000656128
edu_spend,SE.XPD.TOTL.GD.ZS,Gov education spend (% GDP),CZE,Czechia,2010,3.99341988563538
edu_spend,SE.XPD.TOTL.GD.ZS,Gov education spend (% GDP),CZE,Czechia,2009,4.1553201675415
edu_spend,SE.XPD.TOTL.GD.ZS,Gov education spend (% GDP),CZE,Czechia,2008,3.73207998275757
edu_spend,SE.XPD.TOTL.GD.ZS,Gov education spend (% GDP),CZE,Czechia,2007,3.85006999969482
edu_spend,SE.XPD.TOTL.GD.ZS,Gov education spend (% GDP),CZE,Czechia,2006,4.19625997543335
edu_spend,SE.XPD.TOTL.GD.ZS,Gov education spend (% GDP),CZE,Czechia,2005,3.86250996589661
edu_spend,SE.XPD.TOTL.GD.ZS,Gov education spend (% GDP),CZE,Czechia,2004,3.98130011558533
edu_spend,SE.XPD.TOTL.GD.ZS,Gov education spend (% GDP),CZE,Czechia,2003,4.10311985015869
edu_spend,SE.XPD.TOTL.GD.ZS,Gov education spend (% GDP),CZE,Czechia,2002,3.9390299320221
edu_spend,SE.XPD.TOTL.GD.ZS,Gov education spend (% GDP),CZE,Czechia,2001,3.71491003036499
edu_spend,SE.XPD.TOTL.GD.ZS,Gov education spend (% GDP),CZE,Czechia,2000,3.61999011039734
edu_spend,SE.XPD.TOTL.GD.ZS,Gov education spend (% GDP),CZE,Czechia,1999,3.64439988136292
edu_spend,SE.XPD.TOTL.GD.ZS,Gov education spend (% GDP),CZE,Czechia,1998,3.55989003181458
edu_spend,SE.XPD.TOTL.GD.ZS,Gov education spend (% GDP),CZE,Czechia,1996,4.2188401222229
edu_spend,SE.XPD.TOTL.GD.ZS,Gov education spend (% GDP),CZE,Czechia,1995,4.48584985733032
edu_spend,SE.XPD.TOTL.GD.ZS,Gov education spend (% GDP),CZE,Czechia,1994,4.61730003356934
edu_spend,SE.XPD.TOTL.GD.ZS,Gov education spend (% GDP),CZE,Czechia,1993,4.12948989868164
edu_spend,SE.XPD.TOTL.GD.ZS,Gov education spend (% GDP),CZE,Czechia,1992,3.72541999816894
edu_spend,SE.XPD.TOTL.GD.ZS,Gov education spend (% GDP),ECU,Ecuador,2024,3.69074988365173
edu_spend,SE.XPD.TOTL.GD.ZS,Gov education spend (% GDP),ECU,Ecuador,2023,3.81964993476868
edu_spend,SE.XPD.TOTL.GD.ZS,Gov education spend (% GDP),ECU,Ecuador,2022,3.61301994323731
edu_spend,SE.XPD.TOTL.GD.ZS,Gov education spend (% GDP),ECU,Ecuador,2021,3.65649008750915
edu_spend,SE.XPD.TOTL.GD.ZS,Gov education spend (% GDP),ECU,Ecuador,2020,4.26103019714355
edu_spend,SE.XPD.TOTL.GD.ZS,Gov education spend (% GDP),ECU,Ecuador,2019,4.24576997756958
edu_spend,SE.XPD.TOTL.GD.ZS,Gov education spend (% GDP),ECU,Ecuador,2018,4.6250260585881
edu_spend,SE.XPD.TOTL.GD.ZS,Gov education spend (% GDP),ECU,Ecuador,2017,4.60667733499397
edu_spend,SE.XPD.TOTL.GD.ZS,Gov education spend (% GDP),ECU,Ecuador,2016,4.46397668804552
edu_spend,SE.XPD.TOTL.GD.ZS,Gov education spend (% GDP),ECU,Ecuador,2015,5.10570001602173
edu_spend,SE.XPD.TOTL.GD.ZS,Gov education spend (% GDP),ECU,Ecuador,2014,5.21019983291626
edu_spend,SE.XPD.TOTL.GD.ZS,Gov education spend (% GDP),ECU,Ecuador,2013,4.92997980117798
edu_spend,SE.XPD.TOTL.GD.ZS,Gov education spend (% GDP),ECU,Ecuador,2012,4.65310001373291
edu_spend,SE.XPD.TOTL.GD.ZS,Gov education spend (% GDP),ECU,Ecuador,2011,4.74424982070923
edu_spend,SE.XPD.TOTL.GD.ZS,Gov education spend (% GDP),ECU,Ecuador,2010,4.60028982162476
edu_spend,SE.XPD.TOTL.GD.ZS,Gov education spend (% GDP),ECU,Ecuador,2009,4.51763010025024
edu_spend,SE.XPD.TOTL.GD.ZS,Gov education spend (% GDP),ECU,Ecuador,2000,1.20265996456146
edu_spend,SE.XPD.TOTL.GD.ZS,Gov education spend (% GDP),ECU,Ecuador,1999,1.54734003543854
edu_spend,SE.XPD.TOTL.GD.ZS,Gov education spend (% GDP),ECU,Ecuador,1998,2.19536995887756
edu_spend,SE.XPD.TOTL.GD.ZS,Gov education spend (% GDP),ECU,Ecuador,1995,1.99764001369476
edu_spend,SE.XPD.TOTL.GD.ZS,Gov education spend (% GDP),HUN,Hungary,2022,3.8011999130249
edu_spend,SE.XPD.TOTL.GD.ZS,Gov education spend (% GDP),HUN,Hungary,2021,4.65407991409302
edu_spend,SE.XPD.TOTL.GD.ZS,Gov education spend (% GDP),HUN,Hungary,2020,4.12265014648438
edu_spend,SE.XPD.TOTL.GD.ZS,Gov education spend (% GDP),HUN,Hungary,2019,4.20140981674194
edu_spend,SE.XPD.TOTL.GD.ZS,Gov education spend (% GDP),HUN,Hungary,2018,4.60567998886108
edu_spend,SE.XPD.TOTL.GD.ZS,Gov education spend (% GDP),HUN,Hungary,2017,4.64034986495972
edu_spend,SE.XPD.TOTL.GD.ZS,Gov education spend (% GDP),HUN,Hungary,2016,4.60210990905762
edu_spend,SE.XPD.TOTL.GD.ZS,Gov education spend (% GDP),HUN,Hungary,2015,4.49287986755371
edu_spend,SE.XPD.TOTL.GD.ZS,Gov education spend (% GDP),HUN,Hungary,2014,4.59878015518188
edu_spend,SE.XPD.TOTL.GD.ZS,Gov education spend (% GDP),HUN,Hungary,2013,4.19040012359619
edu_spend,SE.XPD.TOTL.GD.ZS,Gov education spend (% GDP),HUN,Hungary,2012,4.15359020233154
edu_spend,SE.XPD.TOTL.GD.ZS,Gov education spend (% GDP),HUN,Hungary,2011,4.57056999206543
edu_spend,SE.XPD.TOTL.GD.ZS,Gov education spend (% GDP),HUN,Hungary,2010,4.73365020751953
edu_spend,SE.XPD.TOTL.GD.ZS,Gov education spend (% GDP),HUN,Hungary,2009,4.95626020431519
edu_spend,SE.XPD.TOTL.GD.ZS,Gov education spend (% GDP),HUN,Hungary,2008,4.97069978713989
edu_spend,SE.XPD.TOTL.GD.ZS,Gov education spend (% GDP),HUN,Hungary,2007,5.13725996017456
edu_spend,SE.XPD.TOTL.GD.ZS,Gov education spend (% GDP),HUN,Hungary,2006,5.29485988616943
edu_spend,SE.XPD.TOTL.GD.ZS,Gov education spend (% GDP),HUN,Hungary,2005,5.32539987564087
edu_spend,SE.XPD.TOTL.GD.ZS,Gov education spend (% GDP),HUN,Hungary,2004,5.33301019668579
edu_spend,SE.XPD.TOTL.GD.ZS,Gov education spend (% GDP),HUN,Hungary,2003,5.79872989654541
edu_spend,SE.XPD.TOTL.GD.ZS,Gov education spend (% GDP),HUN,Hungary,2002,5.17711019515991
edu_spend,SE.XPD.TOTL.GD.ZS,Gov education spend (% GDP),HUN,Hungary,2001,4.92643976211548
edu_spend,SE.XPD.TOTL.GD.ZS,Gov education spend (% GDP),HUN,Hungary,2000,4.8624701499939
edu_spend,SE.XPD.TOTL.GD.ZS,Gov education spend (% GDP),HUN,Hungary,1999,4.55900001525879
edu_spend,SE.XPD.TOTL.GD.ZS,Gov education spend (% GDP),HUN,Hungary,1998,4.40161991119385
edu_spend,SE.XPD.TOTL.GD.ZS,Gov education spend (% GDP),HUN,Hungary,1996,4.31855010986328
edu_spend,SE.XPD.TOTL.GD.ZS,Gov education spend (% GDP),HUN,Hungary,1995,4.8316798210144
edu_spend,SE.XPD.TOTL.GD.ZS,Gov education spend (% GDP),HUN,Hungary,1994,5.81584978103638
edu_spend,SE.XPD.TOTL.GD.ZS,Gov education spend (% GDP),HUN,Hungary,1993,5.90029001235962
edu_spend,SE.XPD.TOTL.GD.ZS,Gov education spend (% GDP),HUN,Hungary,1992,6.059730052948
edu_spend,SE.XPD.TOTL.GD.ZS,Gov education spend (% GDP),HUN,Hungary,1991,5.86020994186401
edu_spend,SE.XPD.TOTL.GD.ZS,Gov education spend (% GDP),HUN,Hungary,1990,5.41418981552124
edu_spend,SE.XPD.TOTL.GD.ZS,Gov education spend (% GDP),IDN,Indonesia,2023,1.27517088245674
edu_spend,SE.XPD.TOTL.GD.ZS,Gov education spend (% GDP),IDN,Indonesia,2022,0.863943349575907
edu_spend,SE.XPD.TOTL.GD.ZS,Gov education spend (% GDP),IDN,Indonesia,2021,1.03221750658374
edu_spend,SE.XPD.TOTL.GD.ZS,Gov education spend (% GDP),IDN,Indonesia,2020,1.01593221347809
edu_spend,SE.XPD.TOTL.GD.ZS,Gov education spend (% GDP),IDN,Indonesia,2019,0.964399077622927
edu_spend,SE.XPD.TOTL.GD.ZS,Gov education spend (% GDP),IDN,Indonesia,2018,0.994436460846179
edu_spend,SE.XPD.TOTL.GD.ZS,Gov education spend (% GDP),IDN,Indonesia,2017,1.05324382490056
edu_spend,SE.XPD.TOTL.GD.ZS,Gov education spend (% GDP),IDN,Indonesia,2016,1.21023452496964
edu_spend,SE.XPD.TOTL.GD.ZS,Gov education spend (% GDP),IDN,Indonesia,2015,3.58361005783081
edu_spend,SE.XPD.TOTL.GD.ZS,Gov education spend (% GDP),IDN,Indonesia,2014,3.28800988197327
edu_spend,SE.XPD.TOTL.GD.ZS,Gov education spend (% GDP),IDN,Indonesia,2013,3.35904002189636
edu_spend,SE.XPD.TOTL.GD.ZS,Gov education spend (% GDP),IDN,Indonesia,2012,3.40748000144958
edu_spend,SE.XPD.TOTL.GD.ZS,Gov education spend (% GDP),IDN,Indonesia,2011,3.18944001197815
edu_spend,SE.XPD.TOTL.GD.ZS,Gov education spend (% GDP),IDN,Indonesia,2010,2.81227993965149
edu_spend,SE.XPD.TOTL.GD.ZS,Gov education spend (% GDP),IDN,Indonesia,2009,3.52513003349304
edu_spend,SE.XPD.TOTL.GD.ZS,Gov education spend (% GDP),IDN,Indonesia,2008,2.90190005302429
edu_spend,SE.XPD.TOTL.GD.ZS,Gov education spend (% GDP),IDN,Indonesia,2007,3.04426002502441
edu_spend,SE.XPD.TOTL.GD.ZS,Gov education spend (% GDP),IDN,Indonesia,2005,2.87281990051269
edu_spend,SE.XPD.TOTL.GD.ZS,Gov education spend (% GDP),IDN,Indonesia,2004,2.74846005439758
edu_spend,SE.XPD.TOTL.GD.ZS,Gov education spend (% GDP),IDN,Indonesia,2003,3.21799993515015
edu_spend,SE.XPD.TOTL.GD.ZS,Gov education spend (% GDP),IDN,Indonesia,2002,2.64568996429443
edu_spend,SE.XPD.TOTL.GD.ZS,Gov education spend (% GDP),IDN,Indonesia,2001,2.46003007888794
edu_spend,SE.XPD.TOTL.GD.ZS,Gov education spend (% GDP),IDN,Indonesia,1997,1.07208001613617
edu_spend,SE.XPD.TOTL.GD.ZS,Gov education spend (% GDP),IDN,Indonesia,1996,1.07854998111725
edu_spend,SE.XPD.TOTL.GD.ZS,Gov education spend (% GDP),IDN,Indonesia,1995,1.00434994697571
edu_spend,SE.XPD.TOTL.GD.ZS,Gov education spend (% GDP),IDN,Indonesia,1994,0.998549997806549
edu_spend,SE.XPD.TOTL.GD.ZS,Gov education spend (% GDP),IND,India,2022,4.09865814174589
edu_spend,SE.XPD.TOTL.GD.ZS,Gov education spend (% GDP),IND,India,2021,4.62949991226196
edu_spend,SE.XPD.TOTL.GD.ZS,Gov education spend (% GDP),IND,India,2020,4.29335021972656
edu_spend,SE.XPD.TOTL.GD.ZS,Gov education spend (% GDP),IND,India,2019,3.89732003211975
edu_spend,SE.XPD.TOTL.GD.ZS,Gov education spend (% GDP),IND,India,2018,4.36374998092651
edu_spend,SE.XPD.TOTL.GD.ZS,Gov education spend (% GDP),IND,India,2017,4.30543994903565
edu_spend,SE.XPD.TOTL.GD.ZS,Gov education spend (% GDP),IND,India,2016,4.25406980514526
edu_spend,SE.XPD.TOTL.GD.ZS,Gov education spend (% GDP),IND,India,2015,4.1145601272583
edu_spend,SE.XPD.TOTL.GD.ZS,Gov education spend (% GDP),IND,India,2014,3.89878023242693
edu_spend,SE.XPD.TOTL.GD.ZS,Gov education spend (% GDP),IND,India,2013,3.84467005729675
edu_spend,SE.XPD.TOTL.GD.ZS,Gov education spend (% GDP),IND,India,2012,3.8675000667572
edu_spend,SE.XPD.TOTL.GD.ZS,Gov education spend (% GDP),IND,India,2011,3.79618000984192
edu_spend,SE.XPD.TOTL.GD.ZS,Gov education spend (% GDP),IND,India,2010,3.377690076828
edu_spend,SE.XPD.TOTL.GD.ZS,Gov education spend (% GDP),IND,India,2009,3.27824997901917
edu_spend,SE.XPD.TOTL.GD.ZS,Gov education spend (% GDP),IND,India,2006,3.14284992218018
edu_spend,SE.XPD.TOTL.GD.ZS,Gov education spend (% GDP),IND,India,2005,3.18876004219055
edu_spend,SE.XPD.TOTL.GD.ZS,Gov education spend (% GDP),IND,India,2004,3.35254001617432
edu_spend,SE.XPD.TOTL.GD.ZS,Gov education spend (% GDP),IND,India,2003,3.61342000961304
edu_spend,SE.XPD.TOTL.GD.ZS,Gov education spend (% GDP),IND,India,2000,4.32480001449585
edu_spend,SE.XPD.TOTL.GD.ZS,Gov education spend (% GDP),IND,India,1999,4.41538000106812
edu_spend,SE.XPD.TOTL.GD.ZS,Gov education spend (% GDP),IND,India,1998,3.57257008552551
edu_spend,SE.XPD.TOTL.GD.ZS,Gov education spend (% GDP),IND,India,1997,3.36137008666992
edu_spend,SE.XPD.TOTL.GD.ZS,Gov education spend (% GDP),KOR,"Korea, Rep.",2022,5.40910005569458
edu_spend,SE.XPD.TOTL.GD.ZS,Gov education spend (% GDP),KOR,"Korea, Rep.",2021,4.55590009689331
edu_spend,SE.XPD.TOTL.GD.ZS,Gov education spend (% GDP),KOR,"Korea, Rep.",2020,4.52706003189087
edu_spend,SE.XPD.TOTL.GD.ZS,Gov education spend (% GDP),KOR,"Korea, Rep.",2019,4.41813993453979
edu_spend,SE.XPD.TOTL.GD.ZS,Gov education spend (% GDP),KOR,"Korea, Rep.",2018,4.21645021438599
edu_spend,SE.XPD.TOTL.GD.ZS,Gov education spend (% GDP),KOR,"Korea, Rep.",2017,4.10775995254517
edu_spend,SE.XPD.TOTL.GD.ZS,Gov education spend (% GDP),KOR,"Korea, Rep.",2016,4.11502981185913
edu_spend,SE.XPD.TOTL.GD.ZS,Gov education spend (% GDP),KOR,"Korea, Rep.",2015,4.24247980117798
edu_spend,SE.XPD.TOTL.GD.ZS,Gov education spend (% GDP),KOR,"Korea, Rep.",1999,3.25048995018005
edu_spend,SE.XPD.TOTL.GD.ZS,Gov education spend (% GDP),KOR,"Korea, Rep.",1998,3.24974989891052
edu_spend,SE.XPD.TOTL.GD.ZS,Gov education spend (% GDP),KOR,"Korea, Rep.",1995,2.83677005767822
edu_spend,SE.XPD.TOTL.GD.ZS,Gov education spend (% GDP),KOR,"Korea, Rep.",1994,2.92028999328613
edu_spend,SE.XPD.TOTL.GD.ZS,Gov education spend (% GDP),KOR,"Korea, Rep.",1993,3.57816004753113
edu_spend,SE.XPD.TOTL.GD.ZS,Gov education spend (% GDP),KOR,"Korea, Rep.",1992,3.46676993370056
edu_spend,SE.XPD.TOTL.GD.ZS,Gov education spend (% GDP),KOR,"Korea, Rep.",1991,3.38478994369507
edu_spend,SE.XPD.TOTL.GD.ZS,Gov education spend (% GDP),KOR,"Korea, Rep.",1990,2.94824004173279
edu_spend,SE.XPD.TOTL.GD.ZS,Gov education spend (% GDP),LCN,Latin America & Caribbean,2023,3.81964993476868
edu_spend,SE.XPD.TOTL.GD.ZS,Gov education spend (% GDP),LCN,Latin America & Caribbean,2022,3.86129930773508
edu_spend,SE.XPD.TOTL.GD.ZS,Gov education spend (% GDP),LCN,Latin America & Caribbean,2021,4.08717467298944
edu_spend,SE.XPD.TOTL.GD.ZS,Gov education spend (% GDP),LCN,Latin America & Caribbean,2020,4.53493916058743
edu_spend,SE.XPD.TOTL.GD.ZS,Gov education spend (% GDP),LCN,Latin America & Caribbean,2019,4.51068019866943
edu_spend,SE.XPD.TOTL.GD.ZS,Gov education spend (% GDP),LCN,Latin America & Caribbean,2018,4.46145347505506
edu_spend,SE.XPD.TOTL.GD.ZS,Gov education spend (% GDP),LCN,Latin America & Caribbean,2017,4.40769505500793
edu_spend,SE.XPD.TOTL.GD.ZS,Gov education spend (% GDP),LCN,Latin America & Caribbean,2016,4.41408840162469
edu_spend,SE.XPD.TOTL.GD.ZS,Gov education spend (% GDP),LCN,Latin America & Caribbean,2015,4.44749157539063
edu_spend,SE.XPD.TOTL.GD.ZS,Gov education spend (% GDP),LCN,Latin America & Caribbean,2014,4.69057488441467
edu_spend,SE.XPD.TOTL.GD.ZS,Gov education spend (% GDP),LCN,Latin America & Caribbean,2013,4.87855005264282
edu_spend,SE.XPD.TOTL.GD.ZS,Gov education spend (% GDP),LCN,Latin America & Caribbean,2012,4.76829504966736
edu_spend,SE.XPD.TOTL.GD.ZS,Gov education spend (% GDP),LCN,Latin America & Caribbean,2011,4.14937019348145
edu_spend,SE.XPD.TOTL.GD.ZS,Gov education spend (% GDP),LCN,Latin America & Caribbean,2010,4.60028982162476
edu_spend,SE.XPD.TOTL.GD.ZS,Gov education spend (% GDP),LCN,Latin America & Caribbean,2009,5.46355009078979
edu_spend,SE.XPD.TOTL.GD.ZS,Gov education spend (% GDP),LCN,Latin America & Caribbean,2008,4.60607004165649
edu_spend,SE.XPD.TOTL.GD.ZS,Gov education spend (% GDP),LCN,Latin America & Caribbean,2007,4.08301019668579
edu_spend,SE.XPD.TOTL.GD.ZS,Gov education spend (% GDP),LCN,Latin America & Caribbean,2006,3.91671991348267
edu_spend,SE.XPD.TOTL.GD.ZS,Gov education spend (% GDP),LCN,Latin America & Caribbean,2004,3.73531496524811
edu_spend,SE.XPD.TOTL.GD.ZS,Gov education spend (% GDP),LCN,Latin America & Caribbean,2003,3.53504991531372
edu_spend,SE.XPD.TOTL.GD.ZS,Gov education spend (% GDP),LCN,Latin America & Caribbean,2002,3.88385510444642
edu_spend,SE.XPD.TOTL.GD.ZS,Gov education spend (% GDP),LCN,Latin America & Caribbean,2001,3.84467005729675
edu_spend,SE.XPD.TOTL.GD.ZS,Gov education spend (% GDP),LCN,Latin America & Caribbean,2000,3.75707006454468
edu_spend,SE.XPD.TOTL.GD.ZS,Gov education spend (% GDP),LCN,Latin America & Caribbean,1999,3.75450503826141
edu_spend,SE.XPD.TOTL.GD.ZS,Gov education spend (% GDP),LCN,Latin America & Caribbean,1998,3.27817988395691
edu_spend,SE.XPD.TOTL.GD.ZS,Gov education spend (% GDP),LCN,Latin America & Caribbean,1995,2.98509001731872
edu_spend,SE.XPD.TOTL.GD.ZS,Gov education spend (% GDP),MEX,Mexico,2022,4.05987977981567
edu_spend,SE.XPD.TOTL.GD.ZS,Gov education spend (% GDP),MEX,Mexico,2021,4.23823976516724
edu_spend,SE.XPD.TOTL.GD.ZS,Gov education spend (% GDP),MEX,Mexico,2020,4.4996600151062
edu_spend,SE.XPD.TOTL.GD.ZS,Gov education spend (% GDP),MEX,Mexico,2018,4.13944005966187
edu_spend,SE.XPD.TOTL.GD.ZS,Gov education spend (% GDP),MEX,Mexico,2017,4.39752006530762
edu_spend,SE.XPD.TOTL.GD.ZS,Gov education spend (% GDP),MEX,Mexico,2016,4.75795984268188
edu_spend,SE.XPD.TOTL.GD.ZS,Gov education spend (% GDP),MEX,Mexico,2015,5.05087995529175
edu_spend,SE.XPD.TOTL.GD.ZS,Gov education spend (% GDP),MEX,Mexico,2014,5.06807994842529
edu_spend,SE.XPD.TOTL.GD.ZS,Gov education spend (% GDP),MEX,Mexico,2013,4.50858020782471
edu_spend,SE.XPD.TOTL.GD.ZS,Gov education spend (% GDP),MEX,Mexico,2012,4.88349008560181
edu_spend,SE.XPD.TOTL.GD.ZS,Gov education spend (% GDP),MEX,Mexico,2011,4.9040699005127
edu_spend,SE.XPD.TOTL.GD.ZS,Gov education spend (% GDP),MEX,Mexico,2010,4.93697023391724
edu_spend,SE.XPD.TOTL.GD.ZS,Gov education spend (% GDP),MEX,Mexico,2009,4.94934988021851
edu_spend,SE.XPD.TOTL.GD.ZS,Gov education spend (% GDP),MEX,Mexico,2008,4.60607004165649
edu_spend,SE.XPD.TOTL.GD.ZS,Gov education spend (% GDP),MEX,Mexico,2007,4.47919988632202
edu_spend,SE.XPD.TOTL.GD.ZS,Gov education spend (% GDP),MEX,Mexico,2006,4.49317979812622
edu_spend,SE.XPD.TOTL.GD.ZS,Gov education spend (% GDP),MEX,Mexico,2005,4.63395023345947
edu_spend,SE.XPD.TOTL.GD.ZS,Gov education spend (% GDP),MEX,Mexico,2004,4.51204013824463
edu_spend,SE.XPD.TOTL.GD.ZS,Gov education spend (% GDP),MEX,Mexico,2003,4.83262014389038
edu_spend,SE.XPD.TOTL.GD.ZS,Gov education spend (% GDP),MEX,Mexico,2002,4.24307012557983
edu_spend,SE.XPD.TOTL.GD.ZS,Gov education spend (% GDP),MEX,Mexico,2001,4.0313401222229
edu_spend,SE.XPD.TOTL.GD.ZS,Gov education spend (% GDP),MEX,Mexico,2000,3.80870008468628
edu_spend,SE.XPD.TOTL.GD.ZS,Gov education spend (% GDP),MEX,Mexico,1999,3.36164999008179
edu_spend,SE.XPD.TOTL.GD.ZS,Gov education spend (% GDP),MEX,Mexico,1998,3.17838001251221
edu_spend,SE.XPD.TOTL.GD.ZS,Gov education spend (% GDP),MEX,Mexico,1995,3.49746990203857
edu_spend,SE.XPD.TOTL.GD.ZS,Gov education spend (% GDP),MEX,Mexico,1994,3.47706007957458
edu_spend,SE.XPD.TOTL.GD.ZS,Gov education spend (% GDP),MEX,Mexico,1992,3.00500988960266
edu_spend,SE.XPD.TOTL.GD.ZS,Gov education spend (% GDP),MEX,Mexico,1991,2.54800009727478
edu_spend,SE.XPD.TOTL.GD.ZS,Gov education spend (% GDP),MEX,Mexico,1990,2.32498002052307
edu_spend,SE.XPD.TOTL.GD.ZS,Gov education spend (% GDP),MYS,Malaysia,2023,3.51481008529663
edu_spend,SE.XPD.TOTL.GD.ZS,Gov education spend (% GDP),MYS,Malaysia,2022,3.49933781956284
edu_spend,SE.XPD.TOTL.GD.ZS,Gov education spend (% GDP),MYS,Malaysia,2021,4.26109393398867
edu_spend,SE.XPD.TOTL.GD.ZS,Gov education spend (% GDP),MYS,Malaysia,2020,3.91176009178162
edu_spend,SE.XPD.TOTL.GD.ZS,Gov education spend (% GDP),MYS,Malaysia,2019,4.15775012969971
edu_spend,SE.XPD.TOTL.GD.ZS,Gov education spend (% GDP),MYS,Malaysia,2018,4.47865009307861
edu_spend,SE.XPD.TOTL.GD.ZS,Gov education spend (% GDP),MYS,Malaysia,2017,4.6753101348877
edu_spend,SE.XPD.TOTL.GD.ZS,Gov education spend (% GDP),MYS,Malaysia,2016,4.75191020965576
edu_spend,SE.XPD.TOTL.GD.ZS,Gov education spend (% GDP),MYS,Malaysia,2015,4.89487981796265
edu_spend,SE.XPD.TOTL.GD.ZS,Gov education spend (% GDP),MYS,Malaysia,2014,5.21264982223511
edu_spend,SE.XPD.TOTL.GD.ZS,Gov education spend (% GDP),MYS,Malaysia,2013,5.48122978210449
edu_spend,SE.XPD.TOTL.GD.ZS,Gov education spend (% GDP),MYS,Malaysia,2012,5.73902988433838
edu_spend,SE.XPD.TOTL.GD.ZS,Gov education spend (% GDP),MYS,Malaysia,2011,5.76293992996216
edu_spend,SE.XPD.TOTL.GD.ZS,Gov education spend (% GDP),MYS,Malaysia,2010,4.96645021438599
edu_spend,SE.XPD.TOTL.GD.ZS,Gov education spend (% GDP),MYS,Malaysia,2009,5.97418022155762
edu_spend,SE.XPD.TOTL.GD.ZS,Gov education spend (% GDP),MYS,Malaysia,2008,3.95851993560791
edu_spend,SE.XPD.TOTL.GD.ZS,Gov education spend (% GDP),MYS,Malaysia,2007,4.37253999710083
edu_spend,SE.XPD.TOTL.GD.ZS,Gov education spend (% GDP),MYS,Malaysia,2006,4.48576021194458
edu_spend,SE.XPD.TOTL.GD.ZS,Gov education spend (% GDP),MYS,Malaysia,2004,5.92389011383057
edu_spend,SE.XPD.TOTL.GD.ZS,Gov education spend (% GDP),MYS,Malaysia,2003,7.50288009643555
edu_spend,SE.XPD.TOTL.GD.ZS,Gov education spend (% GDP),MYS,Malaysia,2002,7.65792989730835
edu_spend,SE.XPD.TOTL.GD.ZS,Gov education spend (% GDP),MYS,Malaysia,2001,7.48446989059448
edu_spend,SE.XPD.TOTL.GD.ZS,Gov education spend (% GDP),MYS,Malaysia,2000,5.9716100692749
edu_spend,SE.XPD.TOTL.GD.ZS,Gov education spend (% GDP),MYS,Malaysia,1999,5.68678998947144
edu_spend,SE.XPD.TOTL.GD.ZS,Gov education spend (% GDP),MYS,Malaysia,1997,4.62037992477417
edu_spend,SE.XPD.TOTL.GD.ZS,Gov education spend (% GDP),MYS,Malaysia,1996,4.91384983062744
edu_spend,SE.XPD.TOTL.GD.ZS,Gov education spend (% GDP),MYS,Malaysia,1995,4.3425498008728
edu_spend,SE.XPD.TOTL.GD.ZS,Gov education spend (% GDP),MYS,Malaysia,1994,4.70528984069824
edu_spend,SE.XPD.TOTL.GD.ZS,Gov education spend (% GDP),MYS,Malaysia,1993,4.65463018417358
edu_spend,SE.XPD.TOTL.GD.ZS,Gov education spend (% GDP),MYS,Malaysia,1992,5.11143016815185
edu_spend,SE.XPD.TOTL.GD.ZS,Gov education spend (% GDP),PER,Peru,2024,4.35778999328613
edu_spend,SE.XPD.TOTL.GD.ZS,Gov education spend (% GDP),PER,Peru,2023,4.24538993835449
edu_spend,SE.XPD.TOTL.GD.ZS,Gov education spend (% GDP),PER,Peru,2022,3.83975005149841
edu_spend,SE.XPD.TOTL.GD.ZS,Gov education spend (% GDP),PER,Peru,2021,3.92765998840332
edu_spend,SE.XPD.TOTL.GD.ZS,Gov education spend (% GDP),PER,Peru,2020,4.25937986373901
edu_spend,SE.XPD.TOTL.GD.ZS,Gov education spend (% GDP),PER,Peru,2019,3.822429895401
edu_spend,SE.XPD.TOTL.GD.ZS,Gov education spend (% GDP),PER,Peru,2018,3.71392011642456
edu_spend,SE.XPD.TOTL.GD.ZS,Gov education spend (% GDP),PER,Peru,2017,3.93130993843079
edu_spend,SE.XPD.TOTL.GD.ZS,Gov education spend (% GDP),PER,Peru,2016,3.81316995620727
edu_spend,SE.XPD.TOTL.GD.ZS,Gov education spend (% GDP),PER,Peru,2015,3.96933007240295
edu_spend,SE.XPD.TOTL.GD.ZS,Gov education spend (% GDP),PER,Peru,2014,3.69599008560181
edu_spend,SE.XPD.TOTL.GD.ZS,Gov education spend (% GDP),PER,Peru,2013,3.29729008674622
edu_spend,SE.XPD.TOTL.GD.ZS,Gov education spend (% GDP),PER,Peru,2012,2.92276000976562
edu_spend,SE.XPD.TOTL.GD.ZS,Gov education spend (% GDP),PER,Peru,2011,2.6635000705719
edu_spend,SE.XPD.TOTL.GD.ZS,Gov education spend (% GDP),PER,Peru,2010,2.86730003356934
edu_spend,SE.XPD.TOTL.GD.ZS,Gov education spend (% GDP),PER,Peru,2009,3.13994002342224
edu_spend,SE.XPD.TOTL.GD.ZS,Gov education spend (% GDP),PER,Peru,2008,2.8677499294281
edu_spend,SE.XPD.TOTL.GD.ZS,Gov education spend (% GDP),PER,Peru,2007,2.62940001487732
edu_spend,SE.XPD.TOTL.GD.ZS,Gov education spend (% GDP),PER,Peru,2006,2.65281009674072
edu_spend,SE.XPD.TOTL.GD.ZS,Gov education spend (% GDP),PER,Peru,2005,2.83903002738953
edu_spend,SE.XPD.TOTL.GD.ZS,Gov education spend (% GDP),PER,Peru,2004,2.95787000656128
edu_spend,SE.XPD.TOTL.GD.ZS,Gov education spend (% GDP),PER,Peru,2003,2.93779993057251
edu_spend,SE.XPD.TOTL.GD.ZS,Gov education spend (% GDP),PER,Peru,2002,2.82056999206543
edu_spend,SE.XPD.TOTL.GD.ZS,Gov education spend (% GDP),PER,Peru,2001,3.03712010383606
edu_spend,SE.XPD.TOTL.GD.ZS,Gov education spend (% GDP),PER,Peru,2000,3.22802996635437
edu_spend,SE.XPD.TOTL.GD.ZS,Gov education spend (% GDP),PER,Peru,1999,3.44133996963501
edu_spend,SE.XPD.TOTL.GD.ZS,Gov education spend (% GDP),PER,Peru,1998,3.27817988395691
edu_spend,SE.XPD.TOTL.GD.ZS,Gov education spend (% GDP),PER,Peru,1996,3.11879992485046
edu_spend,SE.XPD.TOTL.GD.ZS,Gov education spend (% GDP),POL,Poland,2022,4.31372976303101
edu_spend,SE.XPD.TOTL.GD.ZS,Gov education spend (% GDP),POL,Poland,2021,4.61998987197876
edu_spend,SE.XPD.TOTL.GD.ZS,Gov education spend (% GDP),POL,Poland,2020,4.80081987380981
edu_spend,SE.XPD.TOTL.GD.ZS,Gov education spend (% GDP),POL,Poland,2019,4.62736988067627
edu_spend,SE.XPD.TOTL.GD.ZS,Gov education spend (% GDP),POL,Poland,2018,4.55985021591187
edu_spend,SE.XPD.TOTL.GD.ZS,Gov education spend (% GDP),POL,Poland,2017,4.54246997833252
edu_spend,SE.XPD.TOTL.GD.ZS,Gov education spend (% GDP),POL,Poland,2016,4.62726020812988
edu_spend,SE.XPD.TOTL.GD.ZS,Gov education spend (% GDP),POL,Poland,2015,4.78748989105225
edu_spend,SE.XPD.TOTL.GD.ZS,Gov education spend (% GDP),POL,Poland,2014,4.93858003616333
edu_spend,SE.XPD.TOTL.GD.ZS,Gov education spend (% GDP),POL,Poland,2013,4.99779987335205
edu_spend,SE.XPD.TOTL.GD.ZS,Gov education spend (% GDP),POL,Poland,2012,4.83311986923218
edu_spend,SE.XPD.TOTL.GD.ZS,Gov education spend (% GDP),POL,Poland,2011,4.82901000976562
edu_spend,SE.XPD.TOTL.GD.ZS,Gov education spend (% GDP),POL,Poland,2010,5.08126020431519
edu_spend,SE.XPD.TOTL.GD.ZS,Gov education spend (% GDP),POL,Poland,2009,4.97665977478027
edu_spend,SE.XPD.TOTL.GD.ZS,Gov education spend (% GDP),POL,Poland,2008,5.02344989776611
edu_spend,SE.XPD.TOTL.GD.ZS,Gov education spend (% GDP),POL,Poland,2007,4.86086988449097
edu_spend,SE.XPD.TOTL.GD.ZS,Gov education spend (% GDP),POL,Poland,2006,5.18848991394043
edu_spend,SE.XPD.TOTL.GD.ZS,Gov education spend (% GDP),POL,Poland,2005,5.41065979003906
edu_spend,SE.XPD.TOTL.GD.ZS,Gov education spend (% GDP),POL,Poland,2004,5.33129978179932
edu_spend,SE.XPD.TOTL.GD.ZS,Gov education spend (% GDP),POL,Poland,2003,5.30664014816284
edu_spend,SE.XPD.TOTL.GD.ZS,Gov education spend (% GDP),POL,Poland,2002,5.37052011489868
edu_spend,SE.XPD.TOTL.GD.ZS,Gov education spend (% GDP),POL,Poland,2001,5.29358005523682
edu_spend,SE.XPD.TOTL.GD.ZS,Gov education spend (% GDP),POL,Poland,2000,4.96281003952026
edu_spend,SE.XPD.TOTL.GD.ZS,Gov education spend (% GDP),POL,Poland,1999,4.57368993759155
edu_spend,SE.XPD.TOTL.GD.ZS,Gov education spend (% GDP),POL,Poland,1998,4.92518997192383
edu_spend,SE.XPD.TOTL.GD.ZS,Gov education spend (% GDP),POL,Poland,1996,6.23327016830444
edu_spend,SE.XPD.TOTL.GD.ZS,Gov education spend (% GDP),POL,Poland,1995,4.31374979019165
edu_spend,SE.XPD.TOTL.GD.ZS,Gov education spend (% GDP),POL,Poland,1993,4.1827597618103
edu_spend,SE.XPD.TOTL.GD.ZS,Gov education spend (% GDP),POL,Poland,1992,4.1879301071167
edu_spend,SE.XPD.TOTL.GD.ZS,Gov education spend (% GDP),POL,Poland,1991,3.89144992828369
edu_spend,SE.XPD.TOTL.GD.ZS,Gov education spend (% GDP),RUS,Russian Federation,2023,4.16454853394225
edu_spend,SE.XPD.TOTL.GD.ZS,Gov education spend (% GDP),RUS,Russian Federation,2022,4.05402755323777
edu_spend,SE.XPD.TOTL.GD.ZS,Gov education spend (% GDP),RUS,Russian Federation,2021,3.99480697864774
edu_spend,SE.XPD.TOTL.GD.ZS,Gov education spend (% GDP),RUS,Russian Federation,2020,4.01641864383637
edu_spend,SE.XPD.TOTL.GD.ZS,Gov education spend (% GDP),RUS,Russian Federation,2019,3.69561429198336
edu_spend,SE.XPD.TOTL.GD.ZS,Gov education spend (% GDP),RUS,Russian Federation,2018,4.67819023132324
edu_spend,SE.XPD.TOTL.GD.ZS,Gov education spend (% GDP),RUS,Russian Federation,2017,4.68990993499756
edu_spend,SE.XPD.TOTL.GD.ZS,Gov education spend (% GDP),RUS,Russian Federation,2016,3.76044011116028
edu_spend,SE.XPD.TOTL.GD.ZS,Gov education spend (% GDP),RUS,Russian Federation,2015,3.83402991294861
edu_spend,SE.XPD.TOTL.GD.ZS,Gov education spend (% GDP),RUS,Russian Federation,2014,4.01387977600098
edu_spend,SE.XPD.TOTL.GD.ZS,Gov education spend (% GDP),RUS,Russian Federation,2013,3.76382994651794
edu_spend,SE.XPD.TOTL.GD.ZS,Gov education spend (% GDP),RUS,Russian Federation,2012,3.79310011863708
edu_spend,SE.XPD.TOTL.GD.ZS,Gov education spend (% GDP),RUS,Russian Federation,2011,3.71261270253186
edu_spend,SE.XPD.TOTL.GD.ZS,Gov education spend (% GDP),RUS,Russian Federation,2010,4.08974230526824
edu_spend,SE.XPD.TOTL.GD.ZS,Gov education spend (% GDP),RUS,Russian Federation,2008,4.10174989700317
edu_spend,SE.XPD.TOTL.GD.ZS,Gov education spend (% GDP),RUS,Russian Federation,2006,3.86626005172729
edu_spend,SE.XPD.TOTL.GD.ZS,Gov education spend (% GDP),RUS,Russian Federation,2005,3.77192997932434
edu_spend,SE.XPD.TOTL.GD.ZS,Gov education spend (% GDP),RUS,Russian Federation,2004,3.54785990715027
edu_spend,SE.XPD.TOTL.GD.ZS,Gov education spend (% GDP),RUS,Russian Federation,2003,3.67855000495911
edu_spend,SE.XPD.TOTL.GD.ZS,Gov education spend (% GDP),RUS,Russian Federation,2002,3.83502006530762
edu_spend,SE.XPD.TOTL.GD.ZS,Gov education spend (% GDP),RUS,Russian Federation,2001,3.10601997375488
edu_spend,SE.XPD.TOTL.GD.ZS,Gov education spend (% GDP),RUS,Russian Federation,2000,2.93979001045227
edu_spend,SE.XPD.TOTL.GD.ZS,Gov education spend (% GDP),THA,Thailand,2023,2.52122219628772
edu_spend,SE.XPD.TOTL.GD.ZS,Gov education spend (% GDP),THA,Thailand,2022,2.61187022798634
edu_spend,SE.XPD.TOTL.GD.ZS,Gov education spend (% GDP),THA,Thailand,2021,2.98212428478268
edu_spend,SE.XPD.TOTL.GD.ZS,Gov education spend (% GDP),THA,Thailand,2020,3.15314171737183
edu_spend,SE.XPD.TOTL.GD.ZS,Gov education spend (% GDP),THA,Thailand,2019,3.02221411183282
edu_spend,SE.XPD.TOTL.GD.ZS,Gov education spend (% GDP),THA,Thailand,2018,3.19769395901619
edu_spend,SE.XPD.TOTL.GD.ZS,Gov education spend (% GDP),THA,Thailand,2017,3.46532147640365
edu_spend,SE.XPD.TOTL.GD.ZS,Gov education spend (% GDP),THA,Thailand,2016,3.76761756770937
edu_spend,SE.XPD.TOTL.GD.ZS,Gov education spend (% GDP),THA,Thailand,2015,3.86397622727286
edu_spend,SE.XPD.TOTL.GD.ZS,Gov education spend (% GDP),THA,Thailand,2014,3.91917751852112
edu_spend,SE.XPD.TOTL.GD.ZS,Gov education spend (% GDP),THA,Thailand,2013,4.12401008605957
edu_spend,SE.XPD.TOTL.GD.ZS,Gov education spend (% GDP),THA,Thailand,2012,4.53672981262207
edu_spend,SE.XPD.TOTL.GD.ZS,Gov education spend (% GDP),THA,Thailand,2011,4.80556011199951
edu_spend,SE.XPD.TOTL.GD.ZS,Gov education spend (% GDP),THA,Thailand,2010,3.50846004486084
edu_spend,SE.XPD.TOTL.GD.ZS,Gov education spend (% GDP),THA,Thailand,2009,3.86193990707398
edu_spend,SE.XPD.TOTL.GD.ZS,Gov education spend (% GDP),THA,Thailand,2008,3.50850009918213
edu_spend,SE.XPD.TOTL.GD.ZS,Gov education spend (% GDP),THA,Thailand,2007,3.60314989089966
edu_spend,SE.XPD.TOTL.GD.ZS,Gov education spend (% GDP),THA,Thailand,2006,4.05038022994995
edu_spend,SE.XPD.TOTL.GD.ZS,Gov education spend (% GDP),THA,Thailand,2005,3.93859004974365
edu_spend,SE.XPD.TOTL.GD.ZS,Gov education spend (% GDP),THA,Thailand,2004,4.03088998794556
edu_spend,SE.XPD.TOTL.GD.ZS,Gov education spend (% GDP),THA,Thailand,2003,3.72561001777649
edu_spend,SE.XPD.TOTL.GD.ZS,Gov education spend (% GDP),THA,Thailand,2002,3.86491990089417
edu_spend,SE.XPD.TOTL.GD.ZS,Gov education spend (% GDP),THA,Thailand,2001,4.81787014007568
edu_spend,SE.XPD.TOTL.GD.ZS,Gov education spend (% GDP),THA,Thailand,2000,5.25345993041992
edu_spend,SE.XPD.TOTL.GD.ZS,Gov education spend (% GDP),THA,Thailand,1999,4.83267021179199
edu_spend,SE.XPD.TOTL.GD.ZS,Gov education spend (% GDP),THA,Thailand,1998,4.62569999694824
edu_spend,SE.XPD.TOTL.GD.ZS,Gov education spend (% GDP),THA,Thailand,1997,4.57718992233276
edu_spend,SE.XPD.TOTL.GD.ZS,Gov education spend (% GDP),THA,Thailand,1996,3.49960994720459
edu_spend,SE.XPD.TOTL.GD.ZS,Gov education spend (% GDP),THA,Thailand,1995,3.14497995376587
edu_spend,SE.XPD.TOTL.GD.ZS,Gov education spend (% GDP),THA,Thailand,1994,3.4052300453186
edu_spend,SE.XPD.TOTL.GD.ZS,Gov education spend (% GDP),THA,Thailand,1992,3.04541993141174
edu_spend,SE.XPD.TOTL.GD.ZS,Gov education spend (% GDP),THA,Thailand,1991,3.08859992027283
edu_spend,SE.XPD.TOTL.GD.ZS,Gov education spend (% GDP),TUR,Turkiye,2022,3.09571003913879
edu_spend,SE.XPD.TOTL.GD.ZS,Gov education spend (% GDP),TUR,Turkiye,2021,3.53787994384766
edu_spend,SE.XPD.TOTL.GD.ZS,Gov education spend (% GDP),TUR,Turkiye,2020,4.03382015228271
edu_spend,SE.XPD.TOTL.GD.ZS,Gov education spend (% GDP),TUR,Turkiye,2019,4.44776010513306
edu_spend,SE.XPD.TOTL.GD.ZS,Gov education spend (% GDP),TUR,Turkiye,2018,4.29729986190796
edu_spend,SE.XPD.TOTL.GD.ZS,Gov education spend (% GDP),TUR,Turkiye,2017,4.32369995117188
edu_spend,SE.XPD.TOTL.GD.ZS,Gov education spend (% GDP),TUR,Turkiye,2016,4.62773990631104
edu_spend,SE.XPD.TOTL.GD.ZS,Gov education spend (% GDP),TUR,Turkiye,2015,4.30550003051758
edu_spend,SE.XPD.TOTL.GD.ZS,Gov education spend (% GDP),TUR,Turkiye,2014,4.41256999969482
edu_spend,SE.XPD.TOTL.GD.ZS,Gov education spend (% GDP),TUR,Turkiye,2013,4.34479999542236
edu_spend,SE.XPD.TOTL.GD.ZS,Gov education spend (% GDP),TUR,Turkiye,2012,4.38721990585327
edu_spend,SE.XPD.TOTL.GD.ZS,Gov education spend (% GDP),TUR,Turkiye,2011,4.22150993347168
edu_spend,SE.XPD.TOTL.GD.ZS,Gov education spend (% GDP),TUR,Turkiye,1998,0
edu_spend,SE.XPD.TOTL.GD.ZS,Gov education spend (% GDP),TUR,Turkiye,1995,2.2511100769043
edu_spend,SE.XPD.TOTL.GD.ZS,Gov education spend (% GDP),TUR,Turkiye,1994,3.42482995986939
edu_spend,SE.XPD.TOTL.GD.ZS,Gov education spend (% GDP),TUR,Turkiye,1993,3.36546993255615
edu_spend,SE.XPD.TOTL.GD.ZS,Gov education spend (% GDP),UKR,Ukraine,2021,5.14010000228882
edu_spend,SE.XPD.TOTL.GD.ZS,Gov education spend (% GDP),UKR,Ukraine,2020,5.38230991363525
edu_spend,SE.XPD.TOTL.GD.ZS,Gov education spend (% GDP),UKR,Ukraine,2019,5.44129991531372
edu_spend,SE.XPD.TOTL.GD.ZS,Gov education spend (% GDP),UKR,Ukraine,2018,5.3199200630188
edu_spend,SE.XPD.TOTL.GD.ZS,Gov education spend (% GDP),UKR,Ukraine,2017,5.41706991195679
edu_spend,SE.XPD.TOTL.GD.ZS,Gov education spend (% GDP),UKR,Ukraine,2016,5.00976991653442
edu_spend,SE.XPD.TOTL.GD.ZS,Gov education spend (% GDP),UKR,Ukraine,2015,5.33951727495092
edu_spend,SE.XPD.TOTL.GD.ZS,Gov education spend (% GDP),UKR,Ukraine,2014,5.87491989135742
edu_spend,SE.XPD.TOTL.GD.ZS,Gov education spend (% GDP),UKR,Ukraine,2013,6.41987991333008
edu_spend,SE.XPD.TOTL.GD.ZS,Gov education spend (% GDP),UKR,Ukraine,2012,6.44267988204956
edu_spend,SE.XPD.TOTL.GD.ZS,Gov education spend (% GDP),UKR,Ukraine,2011,5.93769979476929
edu_spend,SE.XPD.TOTL.GD.ZS,Gov education spend (% GDP),UKR,Ukraine,2009,7.05074977874756
edu_spend,SE.XPD.TOTL.GD.ZS,Gov education spend (% GDP),UKR,Ukraine,2008,6.15242004394531
edu_spend,SE.XPD.TOTL.GD.ZS,Gov education spend (% GDP),UKR,Ukraine,2007,5.90244007110596
edu_spend,SE.XPD.TOTL.GD.ZS,Gov education spend (% GDP),UKR,Ukraine,2006,5.97945976257324
edu_spend,SE.XPD.TOTL.GD.ZS,Gov education spend (% GDP),UKR,Ukraine,2005,5.84819984436035
edu_spend,SE.XPD.TOTL.GD.ZS,Gov education spend (% GDP),UKR,Ukraine,2004,5.12376022338867
edu_spend,SE.XPD.TOTL.GD.ZS,Gov education spend (% GDP),UKR,Ukraine,2003,5.4001898765564
edu_spend,SE.XPD.TOTL.GD.ZS,Gov education spend (% GDP),UKR,Ukraine,2002,5.24006986618042
edu_spend,SE.XPD.TOTL.GD.ZS,Gov education spend (% GDP),UKR,Ukraine,2001,4.52568006515503
edu_spend,SE.XPD.TOTL.GD.ZS,Gov education spend (% GDP),UKR,Ukraine,2000,4.02293014526367
edu_spend,SE.XPD.TOTL.GD.ZS,Gov education spend (% GDP),UKR,Ukraine,1999,3.61807990074158
edu_spend,SE.XPD.TOTL.GD.ZS,Gov education spend (% GDP),UKR,Ukraine,1998,4.44884014129639
edu_spend,SE.XPD.TOTL.GD.ZS,Gov education spend (% GDP),UKR,Ukraine,1997,5.45600986480713
edu_spend,SE.XPD.TOTL.GD.ZS,Gov education spend (% GDP),UMC,Upper middle income,2023,3.6236863467978
edu_spend,SE.XPD.TOTL.GD.ZS,Gov education spend (% GDP),UMC,Upper middle income,2022,3.53946935742355
edu_spend,SE.XPD.TOTL.GD.ZS,Gov education spend (% GDP),UMC,Upper middle income,2021,3.77549505233765
edu_spend,SE.XPD.TOTL.GD.ZS,Gov education spend (% GDP),UMC,Upper middle income,2020,4.14660000801086
edu_spend,SE.XPD.TOTL.GD.ZS,Gov education spend (% GDP),UMC,Upper middle income,2019,3.8701798915863
edu_spend,SE.XPD.TOTL.GD.ZS,Gov education spend (% GDP),UMC,Upper middle income,2018,3.8739988462993
edu_spend,SE.XPD.TOTL.GD.ZS,Gov education spend (% GDP),UMC,Upper middle income,2017,3.93130993843079
edu_spend,SE.XPD.TOTL.GD.ZS,Gov education spend (% GDP),UMC,Upper middle income,2016,3.91997003555298
edu_spend,SE.XPD.TOTL.GD.ZS,Gov education spend (% GDP),UMC,Upper middle income,2015,3.93960499763489
edu_spend,SE.XPD.TOTL.GD.ZS,Gov education spend (% GDP),UMC,Upper middle income,2014,3.87166880877533
edu_spend,SE.XPD.TOTL.GD.ZS,Gov education spend (% GDP),UMC,Upper middle income,2013,4.23440504074097
edu_spend,SE.XPD.TOTL.GD.ZS,Gov education spend (% GDP),UMC,Upper middle income,2012,4.37880492210388
edu_spend,SE.XPD.TOTL.GD.ZS,Gov education spend (% GDP),UMC,Upper middle income,2011,3.98604512214661
edu_spend,SE.XPD.TOTL.GD.ZS,Gov education spend (% GDP),UMC,Upper middle income,2010,3.87756001949311
edu_spend,SE.XPD.TOTL.GD.ZS,Gov education spend (% GDP),UMC,Upper middle income,2009,4.58856511116027
edu_spend,SE.XPD.TOTL.GD.ZS,Gov education spend (% GDP),UMC,Upper middle income,2008,3.94865000247955
edu_spend,SE.XPD.TOTL.GD.ZS,Gov education spend (% GDP),UMC,Upper middle income,2007,4.04881000518799
edu_spend,SE.XPD.TOTL.GD.ZS,Gov education spend (% GDP),UMC,Upper middle income,2006,3.98355007171631
edu_spend,SE.XPD.TOTL.GD.ZS,Gov education spend (% GDP),UMC,Upper middle income,2005,4.02098989486694
edu_spend,SE.XPD.TOTL.GD.ZS,Gov education spend (% GDP),UMC,Upper middle income,2004,4.00268995761872
edu_spend,SE.XPD.TOTL.GD.ZS,Gov education spend (% GDP),UMC,Upper middle income,2003,3.6303299665451
edu_spend,SE.XPD.TOTL.GD.ZS,Gov education spend (% GDP),UMC,Upper middle income,2002,3.57905006408691
edu_spend,SE.XPD.TOTL.GD.ZS,Gov education spend (% GDP),UMC,Upper middle income,2001,3.83911502361298
edu_spend,SE.XPD.TOTL.GD.ZS,Gov education spend (% GDP),UMC,Upper middle income,2000,3.85399007797241
edu_spend,SE.XPD.TOTL.GD.ZS,Gov education spend (% GDP),UMC,Upper middle income,1999,3.89256000518799
edu_spend,SE.XPD.TOTL.GD.ZS,Gov education spend (% GDP),URY,Uruguay,2023,4.76461982727051
edu_spend,SE.XPD.TOTL.GD.ZS,Gov education spend (% GDP),URY,Uruguay,2022,4.4795298576355
edu_spend,SE.XPD.TOTL.GD.ZS,Gov education spend (% GDP),URY,Uruguay,2021,4.46211004257202
edu_spend,SE.XPD.TOTL.GD.ZS,Gov education spend (% GDP),URY,Uruguay,2020,4.55217981338501
edu_spend,SE.XPD.TOTL.GD.ZS,Gov education spend (% GDP),URY,Uruguay,2019,4.62834978103638
edu_spend,SE.XPD.TOTL.GD.ZS,Gov education spend (% GDP),URY,Uruguay,2018,4.60361003875732
edu_spend,SE.XPD.TOTL.GD.ZS,Gov education spend (% GDP),URY,Uruguay,2017,4.41787004470825
edu_spend,SE.XPD.TOTL.GD.ZS,Gov education spend (% GDP),URY,Uruguay,2016,4.36420011520386
edu_spend,SE.XPD.TOTL.GD.ZS,Gov education spend (% GDP),URY,Uruguay,2015,4.20636987686157
edu_spend,SE.XPD.TOTL.GD.ZS,Gov education spend (% GDP),URY,Uruguay,2014,4.26735019683838
edu_spend,SE.XPD.TOTL.GD.ZS,Gov education spend (% GDP),URY,Uruguay,2013,4.23893022537231
edu_spend,SE.XPD.TOTL.GD.ZS,Gov education spend (% GDP),URY,Uruguay,2012,4.09353338283242
edu_spend,SE.XPD.TOTL.GD.ZS,Gov education spend (% GDP),URY,Uruguay,2011,4.14937019348145
edu_spend,SE.XPD.TOTL.GD.ZS,Gov education spend (% GDP),URY,Uruguay,2006,2.85664010047913
edu_spend,SE.XPD.TOTL.GD.ZS,Gov education spend (% GDP),URY,Uruguay,2005,2.71476006507873
edu_spend,SE.XPD.TOTL.GD.ZS,Gov education spend (% GDP),URY,Uruguay,2004,2.49954009056091
edu_spend,SE.XPD.TOTL.GD.ZS,Gov education spend (% GDP),URY,Uruguay,2003,2.0682098865509
edu_spend,SE.XPD.TOTL.GD.ZS,Gov education spend (% GDP),URY,Uruguay,2002,2.32220005989075
edu_spend,SE.XPD.TOTL.GD.ZS,Gov education spend (% GDP),URY,Uruguay,2001,2.80096006393433
edu_spend,SE.XPD.TOTL.GD.ZS,Gov education spend (% GDP),URY,Uruguay,2000,2.42254996299744
edu_spend,SE.XPD.TOTL.GD.ZS,Gov education spend (% GDP),URY,Uruguay,1998,2.24337005615234
edu_spend,SE.XPD.TOTL.GD.ZS,Gov education spend (% GDP),URY,Uruguay,1996,2.86985993385315
edu_spend,SE.XPD.TOTL.GD.ZS,Gov education spend (% GDP),URY,Uruguay,1995,2.521399974823
edu_spend,SE.XPD.TOTL.GD.ZS,Gov education spend (% GDP),URY,Uruguay,1994,2.27171993255615
edu_spend,SE.XPD.TOTL.GD.ZS,Gov education spend (% GDP),URY,Uruguay,1992,2.41153001785278
edu_spend,SE.XPD.TOTL.GD.ZS,Gov education spend (% GDP),URY,Uruguay,1991,2.47907996177673
edu_spend,SE.XPD.TOTL.GD.ZS,Gov education spend (% GDP),ZAF,South Africa,2024,6.02110004425049
edu_spend,SE.XPD.TOTL.GD.ZS,Gov education spend (% GDP),ZAF,South Africa,2023,6.12347984313965
edu_spend,SE.XPD.TOTL.GD.ZS,Gov education spend (% GDP),ZAF,South Africa,2022,6.15599012374878
edu_spend,SE.XPD.TOTL.GD.ZS,Gov education spend (% GDP),ZAF,South Africa,2021,6.5551700592041
edu_spend,SE.XPD.TOTL.GD.ZS,Gov education spend (% GDP),ZAF,South Africa,2020,6.17067003250122
edu_spend,SE.XPD.TOTL.GD.ZS,Gov education spend (% GDP),ZAF,South Africa,2019,5.91159009933472
edu_spend,SE.XPD.TOTL.GD.ZS,Gov education spend (% GDP),ZAF,South Africa,2018,5.64401006698608
edu_spend,SE.XPD.TOTL.GD.ZS,Gov education spend (% GDP),ZAF,South Africa,2017,5.59868001937866
edu_spend,SE.XPD.TOTL.GD.ZS,Gov education spend (% GDP),ZAF,South Africa,2016,5.4442400932312
edu_spend,SE.XPD.TOTL.GD.ZS,Gov education spend (% GDP),ZAF,South Africa,2015,5.48285007476807
edu_spend,SE.XPD.TOTL.GD.ZS,Gov education spend (% GDP),ZAF,South Africa,2014,5.48977994918823
edu_spend,SE.XPD.TOTL.GD.ZS,Gov education spend (% GDP),ZAF,South Africa,2013,5.35070991516113
edu_spend,SE.XPD.TOTL.GD.ZS,Gov education spend (% GDP),ZAF,South Africa,2012,5.52322006225586
edu_spend,SE.XPD.TOTL.GD.ZS,Gov education spend (% GDP),ZAF,South Africa,2011,5.28899002075195
edu_spend,SE.XPD.TOTL.GD.ZS,Gov education spend (% GDP),ZAF,South Africa,2010,5.13496017456055
edu_spend,SE.XPD.TOTL.GD.ZS,Gov education spend (% GDP),ZAF,South Africa,2009,4.76118993759155
edu_spend,SE.XPD.TOTL.GD.ZS,Gov education spend (% GDP),ZAF,South Africa,2008,4.37424993515015
edu_spend,SE.XPD.TOTL.GD.ZS,Gov education spend (% GDP),ZAF,South Africa,2007,4.44668006896973
edu_spend,SE.XPD.TOTL.GD.ZS,Gov education spend (% GDP),ZAF,South Africa,2006,4.52652978897095
edu_spend,SE.XPD.TOTL.GD.ZS,Gov education spend (% GDP),ZAF,South Africa,2005,4.5245099067688
edu_spend,SE.XPD.TOTL.GD.ZS,Gov education spend (% GDP),ZAF,South Africa,2004,4.50897979736328
edu_spend,SE.XPD.TOTL.GD.ZS,Gov education spend (% GDP),ZAF,South Africa,2003,4.35209989547729
edu_spend,SE.XPD.TOTL.GD.ZS,Gov education spend (% GDP),ZAF,South Africa,2002,4.54569005966187
edu_spend,SE.XPD.TOTL.GD.ZS,Gov education spend (% GDP),ZAF,South Africa,2001,4.63617992401123
edu_spend,SE.XPD.TOTL.GD.ZS,Gov education spend (% GDP),ZAF,South Africa,2000,4.90882015228271
edu_spend,SE.XPD.TOTL.GD.ZS,Gov education spend (% GDP),ZAF,South Africa,1999,5.29117012023926
edu_spend,SE.XPD.TOTL.GD.ZS,Gov education spend (% GDP),ZAF,South Africa,1996,5.04734992980957
edu_spend,SE.XPD.TOTL.GD.ZS,Gov education spend (% GDP),ZAF,South Africa,1994,5.29778003692627
edu_spend,SE.XPD.TOTL.GD.ZS,Gov education spend (% GDP),ZAF,South Africa,1993,5.38889980316162
edu_spend,SE.XPD.TOTL.GD.ZS,Gov education spend (% GDP),ZAF,South Africa,1991,5.25961017608643
edu_spend,SE.XPD.TOTL.GD.ZS,Gov education spend (% GDP),ZAF,South Africa,1990,4.69767999649048
reg_quality,GOV_WGI_RQ.EST,WGI Regulatory Quality,ARG,Argentina,2024,-0.235025999999999
reg_quality,GOV_WGI_RQ.EST,WGI Regulatory Quality,ARG,Argentina,2023,-0.5065132
reg_quality,GOV_WGI_RQ.EST,WGI Regulatory Quality,ARG,Argentina,2022,-0.5792423
reg_quality,GOV_WGI_RQ.EST,WGI Regulatory Quality,ARG,Argentina,2021,-0.584024299999999
reg_quality,GOV_WGI_RQ.EST,WGI Regulatory Quality,ARG,Argentina,2020,-0.5471843
reg_quality,GOV_WGI_RQ.EST,WGI Regulatory Quality,ARG,Argentina,2019,-0.449108299999999
reg_quality,GOV_WGI_RQ.EST,WGI Regulatory Quality,ARG,Argentina,2018,-0.190133499999999
reg_quality,GOV_WGI_RQ.EST,WGI Regulatory Quality,ARG,Argentina,2017,-0.1203619
reg_quality,GOV_WGI_RQ.EST,WGI Regulatory Quality,ARG,Argentina,2016,-0.2527044
reg_quality,GOV_WGI_RQ.EST,WGI Regulatory Quality,ARG,Argentina,2015,-0.7973254
reg_quality,GOV_WGI_RQ.EST,WGI Regulatory Quality,ARG,Argentina,2014,-1.012746
reg_quality,GOV_WGI_RQ.EST,WGI Regulatory Quality,ARG,Argentina,2013,-0.835456
reg_quality,GOV_WGI_RQ.EST,WGI Regulatory Quality,ARG,Argentina,2012,-0.841032599999999
reg_quality,GOV_WGI_RQ.EST,WGI Regulatory Quality,ARG,Argentina,2011,-0.7069559
reg_quality,GOV_WGI_RQ.EST,WGI Regulatory Quality,ARG,Argentina,2010,-0.7577834
reg_quality,GOV_WGI_RQ.EST,WGI Regulatory Quality,ARG,Argentina,2009,-0.779930999999999
reg_quality,GOV_WGI_RQ.EST,WGI Regulatory Quality,ARG,Argentina,2008,-0.6633654
reg_quality,GOV_WGI_RQ.EST,WGI Regulatory Quality,ARG,Argentina,2007,-0.6471966
reg_quality,GOV_WGI_RQ.EST,WGI Regulatory Quality,ARG,Argentina,2006,-0.6421161
reg_quality,GOV_WGI_RQ.EST,WGI Regulatory Quality,ARG,Argentina,2005,-0.5984456
reg_quality,GOV_WGI_RQ.EST,WGI Regulatory Quality,ARG,Argentina,2004,-0.6710565
reg_quality,GOV_WGI_RQ.EST,WGI Regulatory Quality,ARG,Argentina,2003,-0.846393899999999
reg_quality,GOV_WGI_RQ.EST,WGI Regulatory Quality,ARG,Argentina,2002,-0.9549711
reg_quality,GOV_WGI_RQ.EST,WGI Regulatory Quality,ARG,Argentina,2000,-0.1029398
reg_quality,GOV_WGI_RQ.EST,WGI Regulatory Quality,ARG,Argentina,1998,0.3453943
reg_quality,GOV_WGI_RQ.EST,WGI Regulatory Quality,ARG,Argentina,1996,0.235173
reg_quality,GOV_WGI_RQ.EST,WGI Regulatory Quality,BGR,Bulgaria,2024,0.2880342
reg_quality,GOV_WGI_RQ.EST,WGI Regulatory Quality,BGR,Bulgaria,2023,0.351784
reg_quality,GOV_WGI_RQ.EST,WGI Regulatory Quality,BGR,Bulgaria,2022,0.2475956
reg_quality,GOV_WGI_RQ.EST,WGI Regulatory Quality,BGR,Bulgaria,2021,0.3229289
reg_quality,GOV_WGI_RQ.EST,WGI Regulatory Quality,BGR,Bulgaria,2020,0.3077122
reg_quality,GOV_WGI_RQ.EST,WGI Regulatory Quality,BGR,Bulgaria,2019,0.4580563
reg_quality,GOV_WGI_RQ.EST,WGI Regulatory Quality,BGR,Bulgaria,2018,0.4816346
reg_quality,GOV_WGI_RQ.EST,WGI Regulatory Quality,BGR,Bulgaria,2017,0.5379574
reg_quality,GOV_WGI_RQ.EST,WGI Regulatory Quality,BGR,Bulgaria,2016,0.5564144
reg_quality,GOV_WGI_RQ.EST,WGI Regulatory Quality,BGR,Bulgaria,2015,0.4178283
reg_quality,GOV_WGI_RQ.EST,WGI Regulatory Quality,BGR,Bulgaria,2014,0.3082609
reg_quality,GOV_WGI_RQ.EST,WGI Regulatory Quality,BGR,Bulgaria,2013,0.2963471
reg_quality,GOV_WGI_RQ.EST,WGI Regulatory Quality,BGR,Bulgaria,2012,0.3314826
reg_quality,GOV_WGI_RQ.EST,WGI Regulatory Quality,BGR,Bulgaria,2011,0.3293894
reg_quality,GOV_WGI_RQ.EST,WGI Regulatory Quality,BGR,Bulgaria,2010,0.4826727
reg_quality,GOV_WGI_RQ.EST,WGI Regulatory Quality,BGR,Bulgaria,2009,0.5008737
reg_quality,GOV_WGI_RQ.EST,WGI Regulatory Quality,BGR,Bulgaria,2008,0.62931
reg_quality,GOV_WGI_RQ.EST,WGI Regulatory Quality,BGR,Bulgaria,2007,0.5972288
reg_quality,GOV_WGI_RQ.EST,WGI Regulatory Quality,BGR,Bulgaria,2006,0.5521691
reg_quality,GOV_WGI_RQ.EST,WGI Regulatory Quality,BGR,Bulgaria,2005,0.6353859
reg_quality,GOV_WGI_RQ.EST,WGI Regulatory Quality,BGR,Bulgaria,2004,0.5420783
reg_quality,GOV_WGI_RQ.EST,WGI Regulatory Quality,BGR,Bulgaria,2003,0.5244916
reg_quality,GOV_WGI_RQ.EST,WGI Regulatory Quality,BGR,Bulgaria,2002,0.3857171
reg_quality,GOV_WGI_RQ.EST,WGI Regulatory Quality,BGR,Bulgaria,2000,0.1382475
reg_quality,GOV_WGI_RQ.EST,WGI Regulatory Quality,BGR,Bulgaria,1998,0.1029515
reg_quality,GOV_WGI_RQ.EST,WGI Regulatory Quality,BGR,Bulgaria,1996,-0.5183842
reg_quality,GOV_WGI_RQ.EST,WGI Regulatory Quality,BRA,Brazil,2024,-0.2945386
reg_quality,GOV_WGI_RQ.EST,WGI Regulatory Quality,BRA,Brazil,2023,-0.2359869
reg_quality,GOV_WGI_RQ.EST,WGI Regulatory Quality,BRA,Brazil,2022,-0.1989311
reg_quality,GOV_WGI_RQ.EST,WGI Regulatory Quality,BRA,Brazil,2021,-0.1510718
reg_quality,GOV_WGI_RQ.EST,WGI Regulatory Quality,BRA,Brazil,2020,-0.1518853
reg_quality,GOV_WGI_RQ.EST,WGI Regulatory Quality,BRA,Brazil,2019,-0.099421
reg_quality,GOV_WGI_RQ.EST,WGI Regulatory Quality,BRA,Brazil,2018,-0.244291999999999
reg_quality,GOV_WGI_RQ.EST,WGI Regulatory Quality,BRA,Brazil,2017,-0.106341399999999
reg_quality,GOV_WGI_RQ.EST,WGI Regulatory Quality,BRA,Brazil,2016,-0.0962291
reg_quality,GOV_WGI_RQ.EST,WGI Regulatory Quality,BRA,Brazil,2015,-0.0963301999999999
reg_quality,GOV_WGI_RQ.EST,WGI Regulatory Quality,BRA,Brazil,2014,-0.0364999
reg_quality,GOV_WGI_RQ.EST,WGI Regulatory Quality,BRA,Brazil,2013,0.1300154
reg_quality,GOV_WGI_RQ.EST,WGI Regulatory Quality,BRA,Brazil,2012,0.1894102
reg_quality,GOV_WGI_RQ.EST,WGI Regulatory Quality,BRA,Brazil,2011,0.1885087
reg_quality,GOV_WGI_RQ.EST,WGI Regulatory Quality,BRA,Brazil,2010,0.1900322
reg_quality,GOV_WGI_RQ.EST,WGI Regulatory Quality,BRA,Brazil,2009,0.1497206
reg_quality,GOV_WGI_RQ.EST,WGI Regulatory Quality,BRA,Brazil,2008,0.1558475
reg_quality,GOV_WGI_RQ.EST,WGI Regulatory Quality,BRA,Brazil,2007,-0.0432525999999999
reg_quality,GOV_WGI_RQ.EST,WGI Regulatory Quality,BRA,Brazil,2006,0.0008242
reg_quality,GOV_WGI_RQ.EST,WGI Regulatory Quality,BRA,Brazil,2005,0.0948275
reg_quality,GOV_WGI_RQ.EST,WGI Regulatory Quality,BRA,Brazil,2004,0.0364364
reg_quality,GOV_WGI_RQ.EST,WGI Regulatory Quality,BRA,Brazil,2003,0.188343
reg_quality,GOV_WGI_RQ.EST,WGI Regulatory Quality,BRA,Brazil,2002,0.0920433
reg_quality,GOV_WGI_RQ.EST,WGI Regulatory Quality,BRA,Brazil,2000,0.0857225
reg_quality,GOV_WGI_RQ.EST,WGI Regulatory Quality,BRA,Brazil,1998,0.0692395
reg_quality,GOV_WGI_RQ.EST,WGI Regulatory Quality,BRA,Brazil,1996,-0.1070223
reg_quality,GOV_WGI_RQ.EST,WGI Regulatory Quality,CHL,Chile,2024,0.7807061
reg_quality,GOV_WGI_RQ.EST,WGI Regulatory Quality,CHL,Chile,2023,0.8474903
reg_quality,GOV_WGI_RQ.EST,WGI Regulatory Quality,CHL,Chile,2022,0.8278003
reg_quality,GOV_WGI_RQ.EST,WGI Regulatory Quality,CHL,Chile,2021,0.8736894
reg_quality,GOV_WGI_RQ.EST,WGI Regulatory Quality,CHL,Chile,2020,0.8902664
reg_quality,GOV_WGI_RQ.EST,WGI Regulatory Quality,CHL,Chile,2019,1.0772532
reg_quality,GOV_WGI_RQ.EST,WGI Regulatory Quality,CHL,Chile,2018,1.1753875
reg_quality,GOV_WGI_RQ.EST,WGI Regulatory Quality,CHL,Chile,2017,1.2402076
reg_quality,GOV_WGI_RQ.EST,WGI Regulatory Quality,CHL,Chile,2016,1.2761322
reg_quality,GOV_WGI_RQ.EST,WGI Regulatory Quality,CHL,Chile,2015,1.2230295
reg_quality,GOV_WGI_RQ.EST,WGI Regulatory Quality,CHL,Chile,2014,1.3238528
reg_quality,GOV_WGI_RQ.EST,WGI Regulatory Quality,CHL,Chile,2013,1.5014762
reg_quality,GOV_WGI_RQ.EST,WGI Regulatory Quality,CHL,Chile,2012,1.5473793
reg_quality,GOV_WGI_RQ.EST,WGI Regulatory Quality,CHL,Chile,2011,1.4886588
reg_quality,GOV_WGI_RQ.EST,WGI Regulatory Quality,CHL,Chile,2010,1.4678973
reg_quality,GOV_WGI_RQ.EST,WGI Regulatory Quality,CHL,Chile,2009,1.5580218
reg_quality,GOV_WGI_RQ.EST,WGI Regulatory Quality,CHL,Chile,2008,1.5972845
reg_quality,GOV_WGI_RQ.EST,WGI Regulatory Quality,CHL,Chile,2007,1.5927258
reg_quality,GOV_WGI_RQ.EST,WGI Regulatory Quality,CHL,Chile,2006,1.5971585
reg_quality,GOV_WGI_RQ.EST,WGI Regulatory Quality,CHL,Chile,2005,1.6182059
reg_quality,GOV_WGI_RQ.EST,WGI Regulatory Quality,CHL,Chile,2004,1.4889358
reg_quality,GOV_WGI_RQ.EST,WGI Regulatory Quality,CHL,Chile,2003,1.5852046
reg_quality,GOV_WGI_RQ.EST,WGI Regulatory Quality,CHL,Chile,2002,1.4956102
reg_quality,GOV_WGI_RQ.EST,WGI Regulatory Quality,CHL,Chile,2000,1.4074448
reg_quality,GOV_WGI_RQ.EST,WGI Regulatory Quality,CHL,Chile,1998,1.2496037
reg_quality,GOV_WGI_RQ.EST,WGI Regulatory Quality,CHL,Chile,1996,1.2894181
reg_quality,GOV_WGI_RQ.EST,WGI Regulatory Quality,CHN,China,2024,-0.0712903
reg_quality,GOV_WGI_RQ.EST,WGI Regulatory Quality,CHN,China,2023,-0.0818839
reg_quality,GOV_WGI_RQ.EST,WGI Regulatory Quality,CHN,China,2022,-0.0908271
reg_quality,GOV_WGI_RQ.EST,WGI Regulatory Quality,CHN,China,2021,-0.0246937
reg_quality,GOV_WGI_RQ.EST,WGI Regulatory Quality,CHN,China,2020,-0.0666201
reg_quality,GOV_WGI_RQ.EST,WGI Regulatory Quality,CHN,China,2019,-0.0619233999999999
reg_quality,GOV_WGI_RQ.EST,WGI Regulatory Quality,CHN,China,2018,-0.0905581
reg_quality,GOV_WGI_RQ.EST,WGI Regulatory Quality,CHN,China,2017,-0.0708427
reg_quality,GOV_WGI_RQ.EST,WGI Regulatory Quality,CHN,China,2016,-0.147913799999999
reg_quality,GOV_WGI_RQ.EST,WGI Regulatory Quality,CHN,China,2015,-0.1789518
reg_quality,GOV_WGI_RQ.EST,WGI Regulatory Quality,CHN,China,2014,-0.1691285
reg_quality,GOV_WGI_RQ.EST,WGI Regulatory Quality,CHN,China,2013,-0.262571999999999
reg_quality,GOV_WGI_RQ.EST,WGI Regulatory Quality,CHN,China,2012,-0.2489079
reg_quality,GOV_WGI_RQ.EST,WGI Regulatory Quality,CHN,China,2011,-0.0991737999999999
reg_quality,GOV_WGI_RQ.EST,WGI Regulatory Quality,CHN,China,2010,-0.1275767
reg_quality,GOV_WGI_RQ.EST,WGI Regulatory Quality,CHN,China,2009,-0.139326099999999
reg_quality,GOV_WGI_RQ.EST,WGI Regulatory Quality,CHN,China,2008,-0.0727936
reg_quality,GOV_WGI_RQ.EST,WGI Regulatory Quality,CHN,China,2007,-0.1438419
reg_quality,GOV_WGI_RQ.EST,WGI Regulatory Quality,CHN,China,2006,-0.1592207
reg_quality,GOV_WGI_RQ.EST,WGI Regulatory Quality,CHN,China,2005,-0.275588599999999
reg_quality,GOV_WGI_RQ.EST,WGI Regulatory Quality,CHN,China,2004,-0.3199809
reg_quality,GOV_WGI_RQ.EST,WGI Regulatory Quality,CHN,China,2003,-0.5718516
reg_quality,GOV_WGI_RQ.EST,WGI Regulatory Quality,CHN,China,2002,-0.6181034
reg_quality,GOV_WGI_RQ.EST,WGI Regulatory Quality,CHN,China,2000,-0.276320399999999
reg_quality,GOV_WGI_RQ.EST,WGI Regulatory Quality,CHN,China,1998,-0.392084799999999
reg_quality,GOV_WGI_RQ.EST,WGI Regulatory Quality,CHN,China,1996,-0.3310381
reg_quality,GOV_WGI_RQ.EST,WGI Regulatory Quality,COL,Colombia,2024,0.0133922
reg_quality,GOV_WGI_RQ.EST,WGI Regulatory Quality,COL,Colombia,2023,0.1365735
reg_quality,GOV_WGI_RQ.EST,WGI Regulatory Quality,COL,Colombia,2022,0.1864213
reg_quality,GOV_WGI_RQ.EST,WGI Regulatory Quality,COL,Colombia,2021,0.2365791
reg_quality,GOV_WGI_RQ.EST,WGI Regulatory Quality,COL,Colombia,2020,0.160839
reg_quality,GOV_WGI_RQ.EST,WGI Regulatory Quality,COL,Colombia,2019,0.2323351
reg_quality,GOV_WGI_RQ.EST,WGI Regulatory Quality,COL,Colombia,2018,0.108854
reg_quality,GOV_WGI_RQ.EST,WGI Regulatory Quality,COL,Colombia,2017,0.1683573
reg_quality,GOV_WGI_RQ.EST,WGI Regulatory Quality,COL,Colombia,2016,0.2729462
reg_quality,GOV_WGI_RQ.EST,WGI Regulatory Quality,COL,Colombia,2015,0.3094832
reg_quality,GOV_WGI_RQ.EST,WGI Regulatory Quality,COL,Colombia,2014,0.2562707
reg_quality,GOV_WGI_RQ.EST,WGI Regulatory Quality,COL,Colombia,2013,0.2360812
reg_quality,GOV_WGI_RQ.EST,WGI Regulatory Quality,COL,Colombia,2012,0.221908
reg_quality,GOV_WGI_RQ.EST,WGI Regulatory Quality,COL,Colombia,2011,0.2180915
reg_quality,GOV_WGI_RQ.EST,WGI Regulatory Quality,COL,Colombia,2010,0.056311
reg_quality,GOV_WGI_RQ.EST,WGI Regulatory Quality,COL,Colombia,2009,0.0558239
reg_quality,GOV_WGI_RQ.EST,WGI Regulatory Quality,COL,Colombia,2008,0.2356723
reg_quality,GOV_WGI_RQ.EST,WGI Regulatory Quality,COL,Colombia,2007,0.1335011
reg_quality,GOV_WGI_RQ.EST,WGI Regulatory Quality,COL,Colombia,2006,0.0977446
reg_quality,GOV_WGI_RQ.EST,WGI Regulatory Quality,COL,Colombia,2005,0.0559858
reg_quality,GOV_WGI_RQ.EST,WGI Regulatory Quality,COL,Colombia,2004,-0.0323592
reg_quality,GOV_WGI_RQ.EST,WGI Regulatory Quality,COL,Colombia,2003,-0.0177115999999999
reg_quality,GOV_WGI_RQ.EST,WGI Regulatory Quality,COL,Colombia,2002,-0.0425074
reg_quality,GOV_WGI_RQ.EST,WGI Regulatory Quality,COL,Colombia,2000,-0.2420244
reg_quality,GOV_WGI_RQ.EST,WGI Regulatory Quality,COL,Colombia,1998,-0.3396647
reg_quality,GOV_WGI_RQ.EST,WGI Regulatory Quality,COL,Colombia,1996,-0.3002389
reg_quality,GOV_WGI_RQ.EST,WGI Regulatory Quality,CZE,Czechia,2024,1.2319075
reg_quality,GOV_WGI_RQ.EST,WGI Regulatory Quality,CZE,Czechia,2023,1.2275231
reg_quality,GOV_WGI_RQ.EST,WGI Regulatory Quality,CZE,Czechia,2022,1.3279348
reg_quality,GOV_WGI_RQ.EST,WGI Regulatory Quality,CZE,Czechia,2021,1.2403943
reg_quality,GOV_WGI_RQ.EST,WGI Regulatory Quality,CZE,Czechia,2020,1.0899444
reg_quality,GOV_WGI_RQ.EST,WGI Regulatory Quality,CZE,Czechia,2019,1.1215213
reg_quality,GOV_WGI_RQ.EST,WGI Regulatory Quality,CZE,Czechia,2018,1.1466245
reg_quality,GOV_WGI_RQ.EST,WGI Regulatory Quality,CZE,Czechia,2017,1.1404044
reg_quality,GOV_WGI_RQ.EST,WGI Regulatory Quality,CZE,Czechia,2016,0.9408369
reg_quality,GOV_WGI_RQ.EST,WGI Regulatory Quality,CZE,Czechia,2015,0.9885827
reg_quality,GOV_WGI_RQ.EST,WGI Regulatory Quality,CZE,Czechia,2014,0.812549
reg_quality,GOV_WGI_RQ.EST,WGI Regulatory Quality,CZE,Czechia,2013,0.947901
reg_quality,GOV_WGI_RQ.EST,WGI Regulatory Quality,CZE,Czechia,2012,0.9257526
reg_quality,GOV_WGI_RQ.EST,WGI Regulatory Quality,CZE,Czechia,2011,1.0263037
reg_quality,GOV_WGI_RQ.EST,WGI Regulatory Quality,CZE,Czechia,2010,1.1026865
reg_quality,GOV_WGI_RQ.EST,WGI Regulatory Quality,CZE,Czechia,2009,1.1533862
reg_quality,GOV_WGI_RQ.EST,WGI Regulatory Quality,CZE,Czechia,2008,1.1737593
reg_quality,GOV_WGI_RQ.EST,WGI Regulatory Quality,CZE,Czechia,2007,1.1204236
reg_quality,GOV_WGI_RQ.EST,WGI Regulatory Quality,CZE,Czechia,2006,1.1629233
reg_quality,GOV_WGI_RQ.EST,WGI Regulatory Quality,CZE,Czechia,2005,1.1663188
reg_quality,GOV_WGI_RQ.EST,WGI Regulatory Quality,CZE,Czechia,2004,1.0252511
reg_quality,GOV_WGI_RQ.EST,WGI Regulatory Quality,CZE,Czechia,2003,1.1756611
reg_quality,GOV_WGI_RQ.EST,WGI Regulatory Quality,CZE,Czechia,2002,1.0712985
reg_quality,GOV_WGI_RQ.EST,WGI Regulatory Quality,CZE,Czechia,2000,0.4962214
reg_quality,GOV_WGI_RQ.EST,WGI Regulatory Quality,CZE,Czechia,1998,0.5138107
reg_quality,GOV_WGI_RQ.EST,WGI Regulatory Quality,CZE,Czechia,1996,0.4601161
reg_quality,GOV_WGI_RQ.EST,WGI Regulatory Quality,ECU,Ecuador,2024,-0.6464312
reg_quality,GOV_WGI_RQ.EST,WGI Regulatory Quality,ECU,Ecuador,2023,-0.5994798
reg_quality,GOV_WGI_RQ.EST,WGI Regulatory Quality,ECU,Ecuador,2022,-0.4783493
reg_quality,GOV_WGI_RQ.EST,WGI Regulatory Quality,ECU,Ecuador,2021,-0.5551263
reg_quality,GOV_WGI_RQ.EST,WGI Regulatory Quality,ECU,Ecuador,2020,-0.7359599
reg_quality,GOV_WGI_RQ.EST,WGI Regulatory Quality,ECU,Ecuador,2019,-0.731576999999999
reg_quality,GOV_WGI_RQ.EST,WGI Regulatory Quality,ECU,Ecuador,2018,-0.8243339
reg_quality,GOV_WGI_RQ.EST,WGI Regulatory Quality,ECU,Ecuador,2017,-0.937257
reg_quality,GOV_WGI_RQ.EST,WGI Regulatory Quality,ECU,Ecuador,2016,-0.8667598
reg_quality,GOV_WGI_RQ.EST,WGI Regulatory Quality,ECU,Ecuador,2015,-0.9664965
reg_quality,GOV_WGI_RQ.EST,WGI Regulatory Quality,ECU,Ecuador,2014,-0.760396899999999
reg_quality,GOV_WGI_RQ.EST,WGI Regulatory Quality,ECU,Ecuador,2013,-0.8297139
reg_quality,GOV_WGI_RQ.EST,WGI Regulatory Quality,ECU,Ecuador,2012,-0.9981981
reg_quality,GOV_WGI_RQ.EST,WGI Regulatory Quality,ECU,Ecuador,2011,-1.1368099
reg_quality,GOV_WGI_RQ.EST,WGI Regulatory Quality,ECU,Ecuador,2010,-1.2560471
reg_quality,GOV_WGI_RQ.EST,WGI Regulatory Quality,ECU,Ecuador,2009,-1.2985597
reg_quality,GOV_WGI_RQ.EST,WGI Regulatory Quality,ECU,Ecuador,2008,-1.1198786
reg_quality,GOV_WGI_RQ.EST,WGI Regulatory Quality,ECU,Ecuador,2007,-0.944539799999999
reg_quality,GOV_WGI_RQ.EST,WGI Regulatory Quality,ECU,Ecuador,2006,-0.9164806
reg_quality,GOV_WGI_RQ.EST,WGI Regulatory Quality,ECU,Ecuador,2005,-0.8610709
reg_quality,GOV_WGI_RQ.EST,WGI Regulatory Quality,ECU,Ecuador,2004,-0.7975237
reg_quality,GOV_WGI_RQ.EST,WGI Regulatory Quality,ECU,Ecuador,2003,-0.760929499999999
reg_quality,GOV_WGI_RQ.EST,WGI Regulatory Quality,ECU,Ecuador,2002,-0.8296019
reg_quality,GOV_WGI_RQ.EST,WGI Regulatory Quality,ECU,Ecuador,2000,-0.7136521
reg_quality,GOV_WGI_RQ.EST,WGI Regulatory Quality,ECU,Ecuador,1998,-0.101252399999999
reg_quality,GOV_WGI_RQ.EST,WGI Regulatory Quality,ECU,Ecuador,1996,-0.4950283
reg_quality,GOV_WGI_RQ.EST,WGI Regulatory Quality,HUN,Hungary,2024,0.3350444
reg_quality,GOV_WGI_RQ.EST,WGI Regulatory Quality,HUN,Hungary,2023,0.2375182
reg_quality,GOV_WGI_RQ.EST,WGI Regulatory Quality,HUN,Hungary,2022,0.2882324
reg_quality,GOV_WGI_RQ.EST,WGI Regulatory Quality,HUN,Hungary,2021,0.4002885
reg_quality,GOV_WGI_RQ.EST,WGI Regulatory Quality,HUN,Hungary,2020,0.4381497
reg_quality,GOV_WGI_RQ.EST,WGI Regulatory Quality,HUN,Hungary,2019,0.4598348
reg_quality,GOV_WGI_RQ.EST,WGI Regulatory Quality,HUN,Hungary,2018,0.4420607
reg_quality,GOV_WGI_RQ.EST,WGI Regulatory Quality,HUN,Hungary,2017,0.5151311
reg_quality,GOV_WGI_RQ.EST,WGI Regulatory Quality,HUN,Hungary,2016,0.4961603
reg_quality,GOV_WGI_RQ.EST,WGI Regulatory Quality,HUN,Hungary,2015,0.5204327
reg_quality,GOV_WGI_RQ.EST,WGI Regulatory Quality,HUN,Hungary,2014,0.4352147
reg_quality,GOV_WGI_RQ.EST,WGI Regulatory Quality,HUN,Hungary,2013,0.6995175
reg_quality,GOV_WGI_RQ.EST,WGI Regulatory Quality,HUN,Hungary,2012,0.7676964
reg_quality,GOV_WGI_RQ.EST,WGI Regulatory Quality,HUN,Hungary,2011,0.8949521
reg_quality,GOV_WGI_RQ.EST,WGI Regulatory Quality,HUN,Hungary,2010,0.9304828
reg_quality,GOV_WGI_RQ.EST,WGI Regulatory Quality,HUN,Hungary,2009,1.1276896
reg_quality,GOV_WGI_RQ.EST,WGI Regulatory Quality,HUN,Hungary,2008,1.196409
reg_quality,GOV_WGI_RQ.EST,WGI Regulatory Quality,HUN,Hungary,2007,1.2913863
reg_quality,GOV_WGI_RQ.EST,WGI Regulatory Quality,HUN,Hungary,2006,1.2767385
reg_quality,GOV_WGI_RQ.EST,WGI Regulatory Quality,HUN,Hungary,2005,1.2519196
reg_quality,GOV_WGI_RQ.EST,WGI Regulatory Quality,HUN,Hungary,2004,1.2155088
reg_quality,GOV_WGI_RQ.EST,WGI Regulatory Quality,HUN,Hungary,2003,1.2144198
reg_quality,GOV_WGI_RQ.EST,WGI Regulatory Quality,HUN,Hungary,2002,1.2581679
reg_quality,GOV_WGI_RQ.EST,WGI Regulatory Quality,HUN,Hungary,2000,0.8153356
reg_quality,GOV_WGI_RQ.EST,WGI Regulatory Quality,HUN,Hungary,1998,0.727756
reg_quality,GOV_WGI_RQ.EST,WGI Regulatory Quality,HUN,Hungary,1996,0.4438443
reg_quality,GOV_WGI_RQ.EST,WGI Regulatory Quality,IDN,Indonesia,2024,0.1247202
reg_quality,GOV_WGI_RQ.EST,WGI Regulatory Quality,IDN,Indonesia,2023,0.3408081
reg_quality,GOV_WGI_RQ.EST,WGI Regulatory Quality,IDN,Indonesia,2022,0.2811244
reg_quality,GOV_WGI_RQ.EST,WGI Regulatory Quality,IDN,Indonesia,2021,0.3421673
reg_quality,GOV_WGI_RQ.EST,WGI Regulatory Quality,IDN,Indonesia,2020,0.2247809
reg_quality,GOV_WGI_RQ.EST,WGI Regulatory Quality,IDN,Indonesia,2019,0.1109827
reg_quality,GOV_WGI_RQ.EST,WGI Regulatory Quality,IDN,Indonesia,2018,0.0734587999999999
reg_quality,GOV_WGI_RQ.EST,WGI Regulatory Quality,IDN,Indonesia,2017,0.1002062
reg_quality,GOV_WGI_RQ.EST,WGI Regulatory Quality,IDN,Indonesia,2016,0.0343509
reg_quality,GOV_WGI_RQ.EST,WGI Regulatory Quality,IDN,Indonesia,2015,-0.1393886
reg_quality,GOV_WGI_RQ.EST,WGI Regulatory Quality,IDN,Indonesia,2014,0.0028168
reg_quality,GOV_WGI_RQ.EST,WGI Regulatory Quality,IDN,Indonesia,2013,-0.0485665
reg_quality,GOV_WGI_RQ.EST,WGI Regulatory Quality,IDN,Indonesia,2012,-0.179268799999999
reg_quality,GOV_WGI_RQ.EST,WGI Regulatory Quality,IDN,Indonesia,2011,-0.151232199999999
reg_quality,GOV_WGI_RQ.EST,WGI Regulatory Quality,IDN,Indonesia,2010,-0.1461447
reg_quality,GOV_WGI_RQ.EST,WGI Regulatory Quality,IDN,Indonesia,2009,-0.1179653
reg_quality,GOV_WGI_RQ.EST,WGI Regulatory Quality,IDN,Indonesia,2008,-0.1516209
reg_quality,GOV_WGI_RQ.EST,WGI Regulatory Quality,IDN,Indonesia,2007,-0.2282939
reg_quality,GOV_WGI_RQ.EST,WGI Regulatory Quality,IDN,Indonesia,2006,-0.1787479
reg_quality,GOV_WGI_RQ.EST,WGI Regulatory Quality,IDN,Indonesia,2005,-0.4030391
reg_quality,GOV_WGI_RQ.EST,WGI Regulatory Quality,IDN,Indonesia,2004,-0.5018689
reg_quality,GOV_WGI_RQ.EST,WGI Regulatory Quality,IDN,Indonesia,2003,-0.5885779
reg_quality,GOV_WGI_RQ.EST,WGI Regulatory Quality,IDN,Indonesia,2002,-0.5720758
reg_quality,GOV_WGI_RQ.EST,WGI Regulatory Quality,IDN,Indonesia,2000,-0.4626283
reg_quality,GOV_WGI_RQ.EST,WGI Regulatory Quality,IDN,Indonesia,1998,-0.559018799999999
reg_quality,GOV_WGI_RQ.EST,WGI Regulatory Quality,IDN,Indonesia,1996,-0.0665817
reg_quality,GOV_WGI_RQ.EST,WGI Regulatory Quality,IND,India,2024,-0.0960695999999999
reg_quality,GOV_WGI_RQ.EST,WGI Regulatory Quality,IND,India,2023,-0.1271699
reg_quality,GOV_WGI_RQ.EST,WGI Regulatory Quality,IND,India,2022,-0.087658
reg_quality,GOV_WGI_RQ.EST,WGI Regulatory Quality,IND,India,2021,-0.169914899999999
reg_quality,GOV_WGI_RQ.EST,WGI Regulatory Quality,IND,India,2020,-0.1486534
reg_quality,GOV_WGI_RQ.EST,WGI Regulatory Quality,IND,India,2019,-0.0981205
reg_quality,GOV_WGI_RQ.EST,WGI Regulatory Quality,IND,India,2018,-0.1555625
reg_quality,GOV_WGI_RQ.EST,WGI Regulatory Quality,IND,India,2017,-0.215826699999999
reg_quality,GOV_WGI_RQ.EST,WGI Regulatory Quality,IND,India,2016,-0.2535746
reg_quality,GOV_WGI_RQ.EST,WGI Regulatory Quality,IND,India,2015,-0.3303195
reg_quality,GOV_WGI_RQ.EST,WGI Regulatory Quality,IND,India,2014,-0.380901899999999
reg_quality,GOV_WGI_RQ.EST,WGI Regulatory Quality,IND,India,2013,-0.3722425
reg_quality,GOV_WGI_RQ.EST,WGI Regulatory Quality,IND,India,2012,-0.3740965
reg_quality,GOV_WGI_RQ.EST,WGI Regulatory Quality,IND,India,2011,-0.3395793
reg_quality,GOV_WGI_RQ.EST,WGI Regulatory Quality,IND,India,2010,-0.277761
reg_quality,GOV_WGI_RQ.EST,WGI Regulatory Quality,IND,India,2009,-0.2438041
reg_quality,GOV_WGI_RQ.EST,WGI Regulatory Quality,IND,India,2008,-0.2663175
reg_quality,GOV_WGI_RQ.EST,WGI Regulatory Quality,IND,India,2007,-0.2088541
reg_quality,GOV_WGI_RQ.EST,WGI Regulatory Quality,IND,India,2006,-0.1925709
reg_quality,GOV_WGI_RQ.EST,WGI Regulatory Quality,IND,India,2005,-0.177473699999999
reg_quality,GOV_WGI_RQ.EST,WGI Regulatory Quality,IND,India,2004,-0.2047551
reg_quality,GOV_WGI_RQ.EST,WGI Regulatory Quality,IND,India,2003,-0.441382
reg_quality,GOV_WGI_RQ.EST,WGI Regulatory Quality,IND,India,2002,-0.389617799999999
reg_quality,GOV_WGI_RQ.EST,WGI Regulatory Quality,IND,India,2000,-0.3746035
reg_quality,GOV_WGI_RQ.EST,WGI Regulatory Quality,IND,India,1998,-0.5863328
reg_quality,GOV_WGI_RQ.EST,WGI Regulatory Quality,IND,India,1996,-0.6386341
reg_quality,GOV_WGI_RQ.EST,WGI Regulatory Quality,KOR,"Korea, Rep.",2024,1.013674
reg_quality,GOV_WGI_RQ.EST,WGI Regulatory Quality,KOR,"Korea, Rep.",2023,0.9996554
reg_quality,GOV_WGI_RQ.EST,WGI Regulatory Quality,KOR,"Korea, Rep.",2022,1.01728
reg_quality,GOV_WGI_RQ.EST,WGI Regulatory Quality,KOR,"Korea, Rep.",2021,0.9879995
reg_quality,GOV_WGI_RQ.EST,WGI Regulatory Quality,KOR,"Korea, Rep.",2020,0.9083199
reg_quality,GOV_WGI_RQ.EST,WGI Regulatory Quality,KOR,"Korea, Rep.",2019,0.9120155
reg_quality,GOV_WGI_RQ.EST,WGI Regulatory Quality,KOR,"Korea, Rep.",2018,0.9569194
reg_quality,GOV_WGI_RQ.EST,WGI Regulatory Quality,KOR,"Korea, Rep.",2017,0.9593042
reg_quality,GOV_WGI_RQ.EST,WGI Regulatory Quality,KOR,"Korea, Rep.",2016,0.9758957
reg_quality,GOV_WGI_RQ.EST,WGI Regulatory Quality,KOR,"Korea, Rep.",2015,0.996129
reg_quality,GOV_WGI_RQ.EST,WGI Regulatory Quality,KOR,"Korea, Rep.",2014,0.9937598
reg_quality,GOV_WGI_RQ.EST,WGI Regulatory Quality,KOR,"Korea, Rep.",2013,1.0180914
reg_quality,GOV_WGI_RQ.EST,WGI Regulatory Quality,KOR,"Korea, Rep.",2012,0.9288607
reg_quality,GOV_WGI_RQ.EST,WGI Regulatory Quality,KOR,"Korea, Rep.",2011,0.9312521
reg_quality,GOV_WGI_RQ.EST,WGI Regulatory Quality,KOR,"Korea, Rep.",2010,0.8025338
reg_quality,GOV_WGI_RQ.EST,WGI Regulatory Quality,KOR,"Korea, Rep.",2009,0.7514494
reg_quality,GOV_WGI_RQ.EST,WGI Regulatory Quality,KOR,"Korea, Rep.",2008,0.6842496
reg_quality,GOV_WGI_RQ.EST,WGI Regulatory Quality,KOR,"Korea, Rep.",2007,0.9818245
reg_quality,GOV_WGI_RQ.EST,WGI Regulatory Quality,KOR,"Korea, Rep.",2006,0.785485
reg_quality,GOV_WGI_RQ.EST,WGI Regulatory Quality,KOR,"Korea, Rep.",2005,0.8756782
reg_quality,GOV_WGI_RQ.EST,WGI Regulatory Quality,KOR,"Korea, Rep.",2004,0.8058782
reg_quality,GOV_WGI_RQ.EST,WGI Regulatory Quality,KOR,"Korea, Rep.",2003,0.5898687
reg_quality,GOV_WGI_RQ.EST,WGI Regulatory Quality,KOR,"Korea, Rep.",2002,0.6891944
reg_quality,GOV_WGI_RQ.EST,WGI Regulatory Quality,KOR,"Korea, Rep.",2000,0.4605056
reg_quality,GOV_WGI_RQ.EST,WGI Regulatory Quality,KOR,"Korea, Rep.",1998,0.1171564
reg_quality,GOV_WGI_RQ.EST,WGI Regulatory Quality,KOR,"Korea, Rep.",1996,0.2101695
reg_quality,GOV_WGI_RQ.EST,WGI Regulatory Quality,MEX,Mexico,2024,-0.1957883
reg_quality,GOV_WGI_RQ.EST,WGI Regulatory Quality,MEX,Mexico,2023,-0.1760497
reg_quality,GOV_WGI_RQ.EST,WGI Regulatory Quality,MEX,Mexico,2022,-0.156337
reg_quality,GOV_WGI_RQ.EST,WGI Regulatory Quality,MEX,Mexico,2021,-0.191282199999999
reg_quality,GOV_WGI_RQ.EST,WGI Regulatory Quality,MEX,Mexico,2020,-0.1196879
reg_quality,GOV_WGI_RQ.EST,WGI Regulatory Quality,MEX,Mexico,2019,-0.0417639999999999
reg_quality,GOV_WGI_RQ.EST,WGI Regulatory Quality,MEX,Mexico,2018,-0.00317669999999999
reg_quality,GOV_WGI_RQ.EST,WGI Regulatory Quality,MEX,Mexico,2017,0.1640815
reg_quality,GOV_WGI_RQ.EST,WGI Regulatory Quality,MEX,Mexico,2016,0.1610393
reg_quality,GOV_WGI_RQ.EST,WGI Regulatory Quality,MEX,Mexico,2015,0.1825598
reg_quality,GOV_WGI_RQ.EST,WGI Regulatory Quality,MEX,Mexico,2014,0.2083406
reg_quality,GOV_WGI_RQ.EST,WGI Regulatory Quality,MEX,Mexico,2013,0.2862275
reg_quality,GOV_WGI_RQ.EST,WGI Regulatory Quality,MEX,Mexico,2012,0.2864858
reg_quality,GOV_WGI_RQ.EST,WGI Regulatory Quality,MEX,Mexico,2011,0.1727169
reg_quality,GOV_WGI_RQ.EST,WGI Regulatory Quality,MEX,Mexico,2010,0.1160396
reg_quality,GOV_WGI_RQ.EST,WGI Regulatory Quality,MEX,Mexico,2009,0.3417056
reg_quality,GOV_WGI_RQ.EST,WGI Regulatory Quality,MEX,Mexico,2008,0.3449351
reg_quality,GOV_WGI_RQ.EST,WGI Regulatory Quality,MEX,Mexico,2007,0.359664
reg_quality,GOV_WGI_RQ.EST,WGI Regulatory Quality,MEX,Mexico,2006,0.3855941
reg_quality,GOV_WGI_RQ.EST,WGI Regulatory Quality,MEX,Mexico,2005,0.3326887
reg_quality,GOV_WGI_RQ.EST,WGI Regulatory Quality,MEX,Mexico,2004,0.3851401
reg_quality,GOV_WGI_RQ.EST,WGI Regulatory Quality,MEX,Mexico,2003,0.5160342
reg_quality,GOV_WGI_RQ.EST,WGI Regulatory Quality,MEX,Mexico,2002,0.5430047
reg_quality,GOV_WGI_RQ.EST,WGI Regulatory Quality,MEX,Mexico,2000,0.265601
reg_quality,GOV_WGI_RQ.EST,WGI Regulatory Quality,MEX,Mexico,1998,0.2688993
reg_quality,GOV_WGI_RQ.EST,WGI Regulatory Quality,MEX,Mexico,1996,0.1693645
reg_quality,GOV_WGI_RQ.EST,WGI Regulatory Quality,MYS,Malaysia,2024,0.6804759
reg_quality,GOV_WGI_RQ.EST,WGI Regulatory Quality,MYS,Malaysia,2023,0.588407
reg_quality,GOV_WGI_RQ.EST,WGI Regulatory Quality,MYS,Malaysia,2022,0.6557654
reg_quality,GOV_WGI_RQ.EST,WGI Regulatory Quality,MYS,Malaysia,2021,0.7295908
reg_quality,GOV_WGI_RQ.EST,WGI Regulatory Quality,MYS,Malaysia,2020,0.637551
reg_quality,GOV_WGI_RQ.EST,WGI Regulatory Quality,MYS,Malaysia,2019,0.755754
reg_quality,GOV_WGI_RQ.EST,WGI Regulatory Quality,MYS,Malaysia,2018,0.7479363
reg_quality,GOV_WGI_RQ.EST,WGI Regulatory Quality,MYS,Malaysia,2017,0.7662252
reg_quality,GOV_WGI_RQ.EST,WGI Regulatory Quality,MYS,Malaysia,2016,0.729094
reg_quality,GOV_WGI_RQ.EST,WGI Regulatory Quality,MYS,Malaysia,2015,0.7623928
reg_quality,GOV_WGI_RQ.EST,WGI Regulatory Quality,MYS,Malaysia,2014,0.8827965
reg_quality,GOV_WGI_RQ.EST,WGI Regulatory Quality,MYS,Malaysia,2013,0.844693
reg_quality,GOV_WGI_RQ.EST,WGI Regulatory Quality,MYS,Malaysia,2012,0.754922
reg_quality,GOV_WGI_RQ.EST,WGI Regulatory Quality,MYS,Malaysia,2011,0.5248523
reg_quality,GOV_WGI_RQ.EST,WGI Regulatory Quality,MYS,Malaysia,2010,0.6535173
reg_quality,GOV_WGI_RQ.EST,WGI Regulatory Quality,MYS,Malaysia,2009,0.5057859
reg_quality,GOV_WGI_RQ.EST,WGI Regulatory Quality,MYS,Malaysia,2008,0.6129115
reg_quality,GOV_WGI_RQ.EST,WGI Regulatory Quality,MYS,Malaysia,2007,0.7212038
reg_quality,GOV_WGI_RQ.EST,WGI Regulatory Quality,MYS,Malaysia,2006,0.6788802
reg_quality,GOV_WGI_RQ.EST,WGI Regulatory Quality,MYS,Malaysia,2005,0.5598434
reg_quality,GOV_WGI_RQ.EST,WGI Regulatory Quality,MYS,Malaysia,2004,0.5752968
reg_quality,GOV_WGI_RQ.EST,WGI Regulatory Quality,MYS,Malaysia,2003,0.7165569
reg_quality,GOV_WGI_RQ.EST,WGI Regulatory Quality,MYS,Malaysia,2002,0.5675736
reg_quality,GOV_WGI_RQ.EST,WGI Regulatory Quality,MYS,Malaysia,2000,0.4097446
reg_quality,GOV_WGI_RQ.EST,WGI Regulatory Quality,MYS,Malaysia,1998,0.3917479
reg_quality,GOV_WGI_RQ.EST,WGI Regulatory Quality,MYS,Malaysia,1996,0.4603765
reg_quality,GOV_WGI_RQ.EST,WGI Regulatory Quality,PER,Peru,2024,0.0828146
reg_quality,GOV_WGI_RQ.EST,WGI Regulatory Quality,PER,Peru,2023,0.1292945
reg_quality,GOV_WGI_RQ.EST,WGI Regulatory Quality,PER,Peru,2022,0.0716412999999999
reg_quality,GOV_WGI_RQ.EST,WGI Regulatory Quality,PER,Peru,2021,0.0848324999999999
reg_quality,GOV_WGI_RQ.EST,WGI Regulatory Quality,PER,Peru,2020,0.2250935
reg_quality,GOV_WGI_RQ.EST,WGI Regulatory Quality,PER,Peru,2019,0.3449805
reg_quality,GOV_WGI_RQ.EST,WGI Regulatory Quality,PER,Peru,2018,0.2978144
reg_quality,GOV_WGI_RQ.EST,WGI Regulatory Quality,PER,Peru,2017,0.2708614
reg_quality,GOV_WGI_RQ.EST,WGI Regulatory Quality,PER,Peru,2016,0.3221782
reg_quality,GOV_WGI_RQ.EST,WGI Regulatory Quality,PER,Peru,2015,0.3176036
reg_quality,GOV_WGI_RQ.EST,WGI Regulatory Quality,PER,Peru,2014,0.2603805
reg_quality,GOV_WGI_RQ.EST,WGI Regulatory Quality,PER,Peru,2013,0.2335481
reg_quality,GOV_WGI_RQ.EST,WGI Regulatory Quality,PER,Peru,2012,0.2530528
reg_quality,GOV_WGI_RQ.EST,WGI Regulatory Quality,PER,Peru,2011,0.3419375
reg_quality,GOV_WGI_RQ.EST,WGI Regulatory Quality,PER,Peru,2010,0.3099239
reg_quality,GOV_WGI_RQ.EST,WGI Regulatory Quality,PER,Peru,2009,0.2839239
reg_quality,GOV_WGI_RQ.EST,WGI Regulatory Quality,PER,Peru,2008,0.2285396
reg_quality,GOV_WGI_RQ.EST,WGI Regulatory Quality,PER,Peru,2007,0.2283845
reg_quality,GOV_WGI_RQ.EST,WGI Regulatory Quality,PER,Peru,2006,0.1525912
reg_quality,GOV_WGI_RQ.EST,WGI Regulatory Quality,PER,Peru,2005,0.0032096
reg_quality,GOV_WGI_RQ.EST,WGI Regulatory Quality,PER,Peru,2004,0.0691972
reg_quality,GOV_WGI_RQ.EST,WGI Regulatory Quality,PER,Peru,2003,-0.0742275999999999
reg_quality,GOV_WGI_RQ.EST,WGI Regulatory Quality,PER,Peru,2002,-0.1589446
reg_quality,GOV_WGI_RQ.EST,WGI Regulatory Quality,PER,Peru,2000,0.2074244
reg_quality,GOV_WGI_RQ.EST,WGI Regulatory Quality,PER,Peru,1998,0.5218164
reg_quality,GOV_WGI_RQ.EST,WGI Regulatory Quality,PER,Peru,1996,0.3422517
reg_quality,GOV_WGI_RQ.EST,WGI Regulatory Quality,POL,Poland,2024,0.6858353
reg_quality,GOV_WGI_RQ.EST,WGI Regulatory Quality,POL,Poland,2023,0.7253164
reg_quality,GOV_WGI_RQ.EST,WGI Regulatory Quality,POL,Poland,2022,0.6870197
reg_quality,GOV_WGI_RQ.EST,WGI Regulatory Quality,POL,Poland,2021,0.6736094
reg_quality,GOV_WGI_RQ.EST,WGI Regulatory Quality,POL,Poland,2020,0.6854992
reg_quality,GOV_WGI_RQ.EST,WGI Regulatory Quality,POL,Poland,2019,0.8277446
reg_quality,GOV_WGI_RQ.EST,WGI Regulatory Quality,POL,Poland,2018,0.7623048
reg_quality,GOV_WGI_RQ.EST,WGI Regulatory Quality,POL,Poland,2017,0.7219296
reg_quality,GOV_WGI_RQ.EST,WGI Regulatory Quality,POL,Poland,2016,0.811158
reg_quality,GOV_WGI_RQ.EST,WGI Regulatory Quality,POL,Poland,2015,0.8123641
reg_quality,GOV_WGI_RQ.EST,WGI Regulatory Quality,POL,Poland,2014,0.8657653
reg_quality,GOV_WGI_RQ.EST,WGI Regulatory Quality,POL,Poland,2013,0.902271
reg_quality,GOV_WGI_RQ.EST,WGI Regulatory Quality,POL,Poland,2012,0.8536768
reg_quality,GOV_WGI_RQ.EST,WGI Regulatory Quality,POL,Poland,2011,0.8434692
reg_quality,GOV_WGI_RQ.EST,WGI Regulatory Quality,POL,Poland,2010,0.9204541
reg_quality,GOV_WGI_RQ.EST,WGI Regulatory Quality,POL,Poland,2009,0.8694733
reg_quality,GOV_WGI_RQ.EST,WGI Regulatory Quality,POL,Poland,2008,0.7867103
reg_quality,GOV_WGI_RQ.EST,WGI Regulatory Quality,POL,Poland,2007,0.7734317
reg_quality,GOV_WGI_RQ.EST,WGI Regulatory Quality,POL,Poland,2006,0.6906126
reg_quality,GOV_WGI_RQ.EST,WGI Regulatory Quality,POL,Poland,2005,0.7800228
reg_quality,GOV_WGI_RQ.EST,WGI Regulatory Quality,POL,Poland,2004,0.6420823
reg_quality,GOV_WGI_RQ.EST,WGI Regulatory Quality,POL,Poland,2003,0.7142139
reg_quality,GOV_WGI_RQ.EST,WGI Regulatory Quality,POL,Poland,2002,0.636497
reg_quality,GOV_WGI_RQ.EST,WGI Regulatory Quality,POL,Poland,2000,0.5737875
reg_quality,GOV_WGI_RQ.EST,WGI Regulatory Quality,POL,Poland,1998,0.558081
reg_quality,GOV_WGI_RQ.EST,WGI Regulatory Quality,POL,Poland,1996,0.3127336
reg_quality,GOV_WGI_RQ.EST,WGI Regulatory Quality,RUS,Russian Federation,2024,-1.0682839
reg_quality,GOV_WGI_RQ.EST,WGI Regulatory Quality,RUS,Russian Federation,2023,-0.888925299999999
reg_quality,GOV_WGI_RQ.EST,WGI Regulatory Quality,RUS,Russian Federation,2022,-0.8919419
reg_quality,GOV_WGI_RQ.EST,WGI Regulatory Quality,RUS,Russian Federation,2021,-0.3720054
reg_quality,GOV_WGI_RQ.EST,WGI Regulatory Quality,RUS,Russian Federation,2020,-0.4450265
reg_quality,GOV_WGI_RQ.EST,WGI Regulatory Quality,RUS,Russian Federation,2019,-0.3542324
reg_quality,GOV_WGI_RQ.EST,WGI Regulatory Quality,RUS,Russian Federation,2018,-0.357656
reg_quality,GOV_WGI_RQ.EST,WGI Regulatory Quality,RUS,Russian Federation,2017,-0.3965476
reg_quality,GOV_WGI_RQ.EST,WGI Regulatory Quality,RUS,Russian Federation,2016,-0.4243033
reg_quality,GOV_WGI_RQ.EST,WGI Regulatory Quality,RUS,Russian Federation,2015,-0.5155363
reg_quality,GOV_WGI_RQ.EST,WGI Regulatory Quality,RUS,Russian Federation,2014,-0.450162599999999
reg_quality,GOV_WGI_RQ.EST,WGI Regulatory Quality,RUS,Russian Federation,2013,-0.405733599999999
reg_quality,GOV_WGI_RQ.EST,WGI Regulatory Quality,RUS,Russian Federation,2012,-0.4318993
reg_quality,GOV_WGI_RQ.EST,WGI Regulatory Quality,RUS,Russian Federation,2011,-0.381015899999999
reg_quality,GOV_WGI_RQ.EST,WGI Regulatory Quality,RUS,Russian Federation,2010,-0.3620188
reg_quality,GOV_WGI_RQ.EST,WGI Regulatory Quality,RUS,Russian Federation,2009,-0.3406416
reg_quality,GOV_WGI_RQ.EST,WGI Regulatory Quality,RUS,Russian Federation,2008,-0.2972532
reg_quality,GOV_WGI_RQ.EST,WGI Regulatory Quality,RUS,Russian Federation,2007,-0.1586062
reg_quality,GOV_WGI_RQ.EST,WGI Regulatory Quality,RUS,Russian Federation,2006,-0.314386799999999
reg_quality,GOV_WGI_RQ.EST,WGI Regulatory Quality,RUS,Russian Federation,2005,-0.2338844
reg_quality,GOV_WGI_RQ.EST,WGI Regulatory Quality,RUS,Russian Federation,2004,-0.153804599999999
reg_quality,GOV_WGI_RQ.EST,WGI Regulatory Quality,RUS,Russian Federation,2003,-0.3141585
reg_quality,GOV_WGI_RQ.EST,WGI Regulatory Quality,RUS,Russian Federation,2002,-0.370502999999999
reg_quality,GOV_WGI_RQ.EST,WGI Regulatory Quality,RUS,Russian Federation,2000,-0.7831363
reg_quality,GOV_WGI_RQ.EST,WGI Regulatory Quality,RUS,Russian Federation,1998,-0.8033636
reg_quality,GOV_WGI_RQ.EST,WGI Regulatory Quality,RUS,Russian Federation,1996,-0.6383112
reg_quality,GOV_WGI_RQ.EST,WGI Regulatory Quality,THA,Thailand,2024,0.106412
reg_quality,GOV_WGI_RQ.EST,WGI Regulatory Quality,THA,Thailand,2023,0.1189791
reg_quality,GOV_WGI_RQ.EST,WGI Regulatory Quality,THA,Thailand,2022,0.1135856
reg_quality,GOV_WGI_RQ.EST,WGI Regulatory Quality,THA,Thailand,2021,0.1032065
reg_quality,GOV_WGI_RQ.EST,WGI Regulatory Quality,THA,Thailand,2020,0.0858661
reg_quality,GOV_WGI_RQ.EST,WGI Regulatory Quality,THA,Thailand,2019,0.0906488
reg_quality,GOV_WGI_RQ.EST,WGI Regulatory Quality,THA,Thailand,2018,0.1451222
reg_quality,GOV_WGI_RQ.EST,WGI Regulatory Quality,THA,Thailand,2017,0.2103023
reg_quality,GOV_WGI_RQ.EST,WGI Regulatory Quality,THA,Thailand,2016,0.1702952
reg_quality,GOV_WGI_RQ.EST,WGI Regulatory Quality,THA,Thailand,2015,0.2068741
reg_quality,GOV_WGI_RQ.EST,WGI Regulatory Quality,THA,Thailand,2014,0.159735
reg_quality,GOV_WGI_RQ.EST,WGI Regulatory Quality,THA,Thailand,2013,0.1317821
reg_quality,GOV_WGI_RQ.EST,WGI Regulatory Quality,THA,Thailand,2012,0.0807324
reg_quality,GOV_WGI_RQ.EST,WGI Regulatory Quality,THA,Thailand,2011,0.1832602
reg_quality,GOV_WGI_RQ.EST,WGI Regulatory Quality,THA,Thailand,2010,0.1736167
reg_quality,GOV_WGI_RQ.EST,WGI Regulatory Quality,THA,Thailand,2009,0.2582863
reg_quality,GOV_WGI_RQ.EST,WGI Regulatory Quality,THA,Thailand,2008,0.1161174
reg_quality,GOV_WGI_RQ.EST,WGI Regulatory Quality,THA,Thailand,2007,0.1040205
reg_quality,GOV_WGI_RQ.EST,WGI Regulatory Quality,THA,Thailand,2006,0.2329061
reg_quality,GOV_WGI_RQ.EST,WGI Regulatory Quality,THA,Thailand,2005,0.3176707
reg_quality,GOV_WGI_RQ.EST,WGI Regulatory Quality,THA,Thailand,2004,0.3068536
reg_quality,GOV_WGI_RQ.EST,WGI Regulatory Quality,THA,Thailand,2003,0.1680068
reg_quality,GOV_WGI_RQ.EST,WGI Regulatory Quality,THA,Thailand,2002,0.0998766
reg_quality,GOV_WGI_RQ.EST,WGI Regulatory Quality,THA,Thailand,2000,0.3293766
reg_quality,GOV_WGI_RQ.EST,WGI Regulatory Quality,THA,Thailand,1998,-0.1241654
reg_quality,GOV_WGI_RQ.EST,WGI Regulatory Quality,THA,Thailand,1996,-0.0575059
reg_quality,GOV_WGI_RQ.EST,WGI Regulatory Quality,TUR,Turkiye,2024,-0.2112376
reg_quality,GOV_WGI_RQ.EST,WGI Regulatory Quality,TUR,Turkiye,2023,-0.2108777
reg_quality,GOV_WGI_RQ.EST,WGI Regulatory Quality,TUR,Turkiye,2022,-0.229146699999999
reg_quality,GOV_WGI_RQ.EST,WGI Regulatory Quality,TUR,Turkiye,2021,-0.123133799999999
reg_quality,GOV_WGI_RQ.EST,WGI Regulatory Quality,TUR,Turkiye,2020,-0.1651388
reg_quality,GOV_WGI_RQ.EST,WGI Regulatory Quality,TUR,Turkiye,2019,-0.0157501
reg_quality,GOV_WGI_RQ.EST,WGI Regulatory Quality,TUR,Turkiye,2018,0.0517731
reg_quality,GOV_WGI_RQ.EST,WGI Regulatory Quality,TUR,Turkiye,2017,0.1437151
reg_quality,GOV_WGI_RQ.EST,WGI Regulatory Quality,TUR,Turkiye,2016,0.1543103
reg_quality,GOV_WGI_RQ.EST,WGI Regulatory Quality,TUR,Turkiye,2015,0.2171826
reg_quality,GOV_WGI_RQ.EST,WGI Regulatory Quality,TUR,Turkiye,2014,0.368902
reg_quality,GOV_WGI_RQ.EST,WGI Regulatory Quality,TUR,Turkiye,2013,0.4789095
reg_quality,GOV_WGI_RQ.EST,WGI Regulatory Quality,TUR,Turkiye,2012,0.4714134
reg_quality,GOV_WGI_RQ.EST,WGI Regulatory Quality,TUR,Turkiye,2011,0.3816131
reg_quality,GOV_WGI_RQ.EST,WGI Regulatory Quality,TUR,Turkiye,2010,0.3744715
reg_quality,GOV_WGI_RQ.EST,WGI Regulatory Quality,TUR,Turkiye,2009,0.3810079
reg_quality,GOV_WGI_RQ.EST,WGI Regulatory Quality,TUR,Turkiye,2008,0.3175233
reg_quality,GOV_WGI_RQ.EST,WGI Regulatory Quality,TUR,Turkiye,2007,0.3245614
reg_quality,GOV_WGI_RQ.EST,WGI Regulatory Quality,TUR,Turkiye,2006,0.2843555
reg_quality,GOV_WGI_RQ.EST,WGI Regulatory Quality,TUR,Turkiye,2005,0.1284345
reg_quality,GOV_WGI_RQ.EST,WGI Regulatory Quality,TUR,Turkiye,2004,-0.0314
reg_quality,GOV_WGI_RQ.EST,WGI Regulatory Quality,TUR,Turkiye,2003,0.0851509
reg_quality,GOV_WGI_RQ.EST,WGI Regulatory Quality,TUR,Turkiye,2002,0.0360878
reg_quality,GOV_WGI_RQ.EST,WGI Regulatory Quality,TUR,Turkiye,2000,0.2149671
reg_quality,GOV_WGI_RQ.EST,WGI Regulatory Quality,TUR,Turkiye,1998,0.1031403
reg_quality,GOV_WGI_RQ.EST,WGI Regulatory Quality,TUR,Turkiye,1996,-0.1352065
reg_quality,GOV_WGI_RQ.EST,WGI Regulatory Quality,UKR,Ukraine,2024,-0.300852399999999
reg_quality,GOV_WGI_RQ.EST,WGI Regulatory Quality,UKR,Ukraine,2023,-0.3782819
reg_quality,GOV_WGI_RQ.EST,WGI Regulatory Quality,UKR,Ukraine,2022,-0.412279199999999
reg_quality,GOV_WGI_RQ.EST,WGI Regulatory Quality,UKR,Ukraine,2021,-0.3585413
reg_quality,GOV_WGI_RQ.EST,WGI Regulatory Quality,UKR,Ukraine,2020,-0.349632599999999
reg_quality,GOV_WGI_RQ.EST,WGI Regulatory Quality,UKR,Ukraine,2019,-0.2900464
reg_quality,GOV_WGI_RQ.EST,WGI Regulatory Quality,UKR,Ukraine,2018,-0.3505756
reg_quality,GOV_WGI_RQ.EST,WGI Regulatory Quality,UKR,Ukraine,2017,-0.368446699999999
reg_quality,GOV_WGI_RQ.EST,WGI Regulatory Quality,UKR,Ukraine,2016,-0.522695
reg_quality,GOV_WGI_RQ.EST,WGI Regulatory Quality,UKR,Ukraine,2015,-0.6169589
reg_quality,GOV_WGI_RQ.EST,WGI Regulatory Quality,UKR,Ukraine,2014,-0.622940199999999
reg_quality,GOV_WGI_RQ.EST,WGI Regulatory Quality,UKR,Ukraine,2013,-0.6663049
reg_quality,GOV_WGI_RQ.EST,WGI Regulatory Quality,UKR,Ukraine,2012,-0.691518299999999
reg_quality,GOV_WGI_RQ.EST,WGI Regulatory Quality,UKR,Ukraine,2011,-0.7940784
reg_quality,GOV_WGI_RQ.EST,WGI Regulatory Quality,UKR,Ukraine,2010,-0.5820073
reg_quality,GOV_WGI_RQ.EST,WGI Regulatory Quality,UKR,Ukraine,2009,-0.6679509
reg_quality,GOV_WGI_RQ.EST,WGI Regulatory Quality,UKR,Ukraine,2008,-0.5991555
reg_quality,GOV_WGI_RQ.EST,WGI Regulatory Quality,UKR,Ukraine,2007,-0.3296088
reg_quality,GOV_WGI_RQ.EST,WGI Regulatory Quality,UKR,Ukraine,2006,-0.3384871
reg_quality,GOV_WGI_RQ.EST,WGI Regulatory Quality,UKR,Ukraine,2005,-0.423319499999999
reg_quality,GOV_WGI_RQ.EST,WGI Regulatory Quality,UKR,Ukraine,2004,-0.4457248
reg_quality,GOV_WGI_RQ.EST,WGI Regulatory Quality,UKR,Ukraine,2003,-0.7460564
reg_quality,GOV_WGI_RQ.EST,WGI Regulatory Quality,UKR,Ukraine,2002,-0.8356555
reg_quality,GOV_WGI_RQ.EST,WGI Regulatory Quality,UKR,Ukraine,2000,-0.9020265
reg_quality,GOV_WGI_RQ.EST,WGI Regulatory Quality,UKR,Ukraine,1998,-0.972688799999999
reg_quality,GOV_WGI_RQ.EST,WGI Regulatory Quality,UKR,Ukraine,1996,-0.7274754
reg_quality,GOV_WGI_RQ.EST,WGI Regulatory Quality,URY,Uruguay,2024,0.6468484
reg_quality,GOV_WGI_RQ.EST,WGI Regulatory Quality,URY,Uruguay,2023,0.737625
reg_quality,GOV_WGI_RQ.EST,WGI Regulatory Quality,URY,Uruguay,2022,0.7251419
reg_quality,GOV_WGI_RQ.EST,WGI Regulatory Quality,URY,Uruguay,2021,0.7331802
reg_quality,GOV_WGI_RQ.EST,WGI Regulatory Quality,URY,Uruguay,2020,0.6994509
reg_quality,GOV_WGI_RQ.EST,WGI Regulatory Quality,URY,Uruguay,2019,0.6290701
reg_quality,GOV_WGI_RQ.EST,WGI Regulatory Quality,URY,Uruguay,2018,0.5998986
reg_quality,GOV_WGI_RQ.EST,WGI Regulatory Quality,URY,Uruguay,2017,0.697186
reg_quality,GOV_WGI_RQ.EST,WGI Regulatory Quality,URY,Uruguay,2016,0.7356692
reg_quality,GOV_WGI_RQ.EST,WGI Regulatory Quality,URY,Uruguay,2015,0.6538176
reg_quality,GOV_WGI_RQ.EST,WGI Regulatory Quality,URY,Uruguay,2014,0.7213547
reg_quality,GOV_WGI_RQ.EST,WGI Regulatory Quality,URY,Uruguay,2013,0.7567232
reg_quality,GOV_WGI_RQ.EST,WGI Regulatory Quality,URY,Uruguay,2012,0.673071
reg_quality,GOV_WGI_RQ.EST,WGI Regulatory Quality,URY,Uruguay,2011,0.5344837
reg_quality,GOV_WGI_RQ.EST,WGI Regulatory Quality,URY,Uruguay,2010,0.5530161
reg_quality,GOV_WGI_RQ.EST,WGI Regulatory Quality,URY,Uruguay,2009,0.3817669
reg_quality,GOV_WGI_RQ.EST,WGI Regulatory Quality,URY,Uruguay,2008,0.4574726
reg_quality,GOV_WGI_RQ.EST,WGI Regulatory Quality,URY,Uruguay,2007,0.3975365
reg_quality,GOV_WGI_RQ.EST,WGI Regulatory Quality,URY,Uruguay,2006,0.3849319
reg_quality,GOV_WGI_RQ.EST,WGI Regulatory Quality,URY,Uruguay,2005,0.3255794
reg_quality,GOV_WGI_RQ.EST,WGI Regulatory Quality,URY,Uruguay,2004,0.2591788
reg_quality,GOV_WGI_RQ.EST,WGI Regulatory Quality,URY,Uruguay,2003,0.2544708
reg_quality,GOV_WGI_RQ.EST,WGI Regulatory Quality,URY,Uruguay,2002,0.5083321
reg_quality,GOV_WGI_RQ.EST,WGI Regulatory Quality,URY,Uruguay,2000,0.6882126
reg_quality,GOV_WGI_RQ.EST,WGI Regulatory Quality,URY,Uruguay,1998,0.7197775
reg_quality,GOV_WGI_RQ.EST,WGI Regulatory Quality,URY,Uruguay,1996,0.3941203
reg_quality,GOV_WGI_RQ.EST,WGI Regulatory Quality,ZAF,South Africa,2024,-0.0601163
reg_quality,GOV_WGI_RQ.EST,WGI Regulatory Quality,ZAF,South Africa,2023,-0.06209
reg_quality,GOV_WGI_RQ.EST,WGI Regulatory Quality,ZAF,South Africa,2022,-0.0622982
reg_quality,GOV_WGI_RQ.EST,WGI Regulatory Quality,ZAF,South Africa,2021,0.0177391
reg_quality,GOV_WGI_RQ.EST,WGI Regulatory Quality,ZAF,South Africa,2020,0.0899066999999999
reg_quality,GOV_WGI_RQ.EST,WGI Regulatory Quality,ZAF,South Africa,2019,0.1188
reg_quality,GOV_WGI_RQ.EST,WGI Regulatory Quality,ZAF,South Africa,2018,0.0685404999999999
reg_quality,GOV_WGI_RQ.EST,WGI Regulatory Quality,ZAF,South Africa,2017,0.2296787
reg_quality,GOV_WGI_RQ.EST,WGI Regulatory Quality,ZAF,South Africa,2016,0.2611304
reg_quality,GOV_WGI_RQ.EST,WGI Regulatory Quality,ZAF,South Africa,2015,0.2946623
reg_quality,GOV_WGI_RQ.EST,WGI Regulatory Quality,ZAF,South Africa,2014,0.401664
reg_quality,GOV_WGI_RQ.EST,WGI Regulatory Quality,ZAF,South Africa,2013,0.6247044
reg_quality,GOV_WGI_RQ.EST,WGI Regulatory Quality,ZAF,South Africa,2012,0.6421404
reg_quality,GOV_WGI_RQ.EST,WGI Regulatory Quality,ZAF,South Africa,2011,0.6548859
reg_quality,GOV_WGI_RQ.EST,WGI Regulatory Quality,ZAF,South Africa,2010,0.7034161
reg_quality,GOV_WGI_RQ.EST,WGI Regulatory Quality,ZAF,South Africa,2009,0.6774741
reg_quality,GOV_WGI_RQ.EST,WGI Regulatory Quality,ZAF,South Africa,2008,0.645614
reg_quality,GOV_WGI_RQ.EST,WGI Regulatory Quality,ZAF,South Africa,2007,0.6390174
reg_quality,GOV_WGI_RQ.EST,WGI Regulatory Quality,ZAF,South Africa,2006,0.7044307
reg_quality,GOV_WGI_RQ.EST,WGI Regulatory Quality,ZAF,South Africa,2005,0.6342862
reg_quality,GOV_WGI_RQ.EST,WGI Regulatory Quality,ZAF,South Africa,2004,0.6369322
reg_quality,GOV_WGI_RQ.EST,WGI Regulatory Quality,ZAF,South Africa,2003,0.8420522
reg_quality,GOV_WGI_RQ.EST,WGI Regulatory Quality,ZAF,South Africa,2002,0.8125419
reg_quality,GOV_WGI_RQ.EST,WGI Regulatory Quality,ZAF,South Africa,2000,0.4823623
reg_quality,GOV_WGI_RQ.EST,WGI Regulatory Quality,ZAF,South Africa,1998,0.4147874
reg_quality,GOV_WGI_RQ.EST,WGI Regulatory Quality,ZAF,South Africa,1996,0.1770943
start_days,IC.REG.DURS,Time to start a business (days),ARG,Argentina,2003,65.5
start_days,IC.REG.DURS,Time to start a business (days),ARG,Argentina,2004,29.5
start_days,IC.REG.DURS,Time to start a business (days),ARG,Argentina,2005,29.5
start_days,IC.REG.DURS,Time to start a business (days),ARG,Argentina,2006,29.5
start_days,IC.REG.DURS,Time to start a business (days),ARG,Argentina,2007,29.5
start_days,IC.REG.DURS,Time to start a business (days),ARG,Argentina,2008,30.0
start_days,IC.REG.DURS,Time to start a business (days),ARG,Argentina,2009,25.0
start_days,IC.REG.DURS,Time to start a business (days),ARG,Argentina,2010,24.5
start_days,IC.REG.DURS,Time to start a business (days),ARG,Argentina,2011,24.5
start_days,IC.REG.DURS,Time to start a business (days),ARG,Argentina,2012,24.5
start_days,IC.REG.DURS,Time to start a business (days),ARG,Argentina,2013,24.5
start_days,IC.REG.DURS,Time to start a business (days),ARG,Argentina,2014,24.5
start_days,IC.REG.DURS,Time to start a business (days),ARG,Argentina,2015,24.5
start_days,IC.REG.DURS,Time to start a business (days),ARG,Argentina,2016,24.5
start_days,IC.REG.DURS,Time to start a business (days),ARG,Argentina,2017,24.5
start_days,IC.REG.DURS,Time to start a business (days),ARG,Argentina,2018,11.0
start_days,IC.REG.DURS,Time to start a business (days),ARG,Argentina,2019,11.5
start_days,IC.REG.DURS,Time to start a business (days),BRA,Brazil,2013,86.6
start_days,IC.REG.DURS,Time to start a business (days),BRA,Brazil,2014,83.6
start_days,IC.REG.DURS,Time to start a business (days),BRA,Brazil,2015,86.0
start_days,IC.REG.DURS,Time to start a business (days),BRA,Brazil,2016,82.5
start_days,IC.REG.DURS,Time to start a business (days),BRA,Brazil,2017,82.5
start_days,IC.REG.DURS,Time to start a business (days),BRA,Brazil,2018,20.1
start_days,IC.REG.DURS,Time to start a business (days),BRA,Brazil,2019,16.6
start_days,IC.REG.DURS,Time to start a business (days),BGR,Bulgaria,2003,39.0
start_days,IC.REG.DURS,Time to start a business (days),BGR,Bulgaria,2004,39.0
start_days,IC.REG.DURS,Time to start a business (days),BGR,Bulgaria,2005,39.0
start_days,IC.REG.DURS,Time to start a business (days),BGR,Bulgaria,2006,39.0
start_days,IC.REG.DURS,Time to start a business (days),BGR,Bulgaria,2007,39.0
start_days,IC.REG.DURS,Time to start a business (days),BGR,Bulgaria,2008,56.0
start_days,IC.REG.DURS,Time to start a business (days),BGR,Bulgaria,2009,25.0
start_days,IC.REG.DURS,Time to start a business (days),BGR,Bulgaria,2010,25.0
start_days,IC.REG.DURS,Time to start a business (days),BGR,Bulgaria,2011,25.0
start_days,IC.REG.DURS,Time to start a business (days),BGR,Bulgaria,2012,25.0
start_days,IC.REG.DURS,Time to start a business (days),BGR,Bulgaria,2013,25.0
start_days,IC.REG.DURS,Time to start a business (days),BGR,Bulgaria,2014,25.0
start_days,IC.REG.DURS,Time to start a business (days),BGR,Bulgaria,2015,25.0
start_days,IC.REG.DURS,Time to start a business (days),BGR,Bulgaria,2016,23.0
start_days,IC.REG.DURS,Time to start a business (days),BGR,Bulgaria,2017,23.0
start_days,IC.REG.DURS,Time to start a business (days),BGR,Bulgaria,2018,23.0
start_days,IC.REG.DURS,Time to start a business (days),BGR,Bulgaria,2019,23.0
start_days,IC.REG.DURS,Time to start a business (days),CHL,Chile,2003,42.0
start_days,IC.REG.DURS,Time to start a business (days),CHL,Chile,2004,42.0
start_days,IC.REG.DURS,Time to start a business (days),CHL,Chile,2005,42.0
start_days,IC.REG.DURS,Time to start a business (days),CHL,Chile,2006,40.0
start_days,IC.REG.DURS,Time to start a business (days),CHL,Chile,2007,40.0
start_days,IC.REG.DURS,Time to start a business (days),CHL,Chile,2008,40.0
start_days,IC.REG.DURS,Time to start a business (days),CHL,Chile,2009,40.0
start_days,IC.REG.DURS,Time to start a business (days),CHL,Chile,2010,36.5
start_days,IC.REG.DURS,Time to start a business (days),CHL,Chile,2011,9.5
start_days,IC.REG.DURS,Time to start a business (days),CHL,Chile,2012,7.5
start_days,IC.REG.DURS,Time to start a business (days),CHL,Chile,2013,7.5
start_days,IC.REG.DURS,Time to start a business (days),CHL,Chile,2014,7.5
start_days,IC.REG.DURS,Time to start a business (days),CHL,Chile,2015,7.5
start_days,IC.REG.DURS,Time to start a business (days),CHL,Chile,2016,7.5
start_days,IC.REG.DURS,Time to start a business (days),CHL,Chile,2017,7.5
start_days,IC.REG.DURS,Time to start a business (days),CHL,Chile,2018,6.0
start_days,IC.REG.DURS,Time to start a business (days),CHL,Chile,2019,4.0
start_days,IC.REG.DURS,Time to start a business (days),CHN,China,2013,34.4
start_days,IC.REG.DURS,Time to start a business (days),CHN,China,2014,31.3
start_days,IC.REG.DURS,Time to start a business (days),CHN,China,2015,31.4
start_days,IC.REG.DURS,Time to start a business (days),CHN,China,2016,28.9
start_days,IC.REG.DURS,Time to start a business (days),CHN,China,2017,24.9
start_days,IC.REG.DURS,Time to start a business (days),CHN,China,2018,8.6
start_days,IC.REG.DURS,Time to start a business (days),CHN,China,2019,8.6
start_days,IC.REG.DURS,Time to start a business (days),COL,Colombia,2003,44.0
start_days,IC.REG.DURS,Time to start a business (days),COL,Colombia,2004,41.0
start_days,IC.REG.DURS,Time to start a business (days),COL,Colombia,2005,41.0
start_days,IC.REG.DURS,Time to start a business (days),COL,Colombia,2006,42.0
start_days,IC.REG.DURS,Time to start a business (days),COL,Colombia,2007,41.0
start_days,IC.REG.DURS,Time to start a business (days),COL,Colombia,2008,35.0
start_days,IC.REG.DURS,Time to start a business (days),COL,Colombia,2009,19.0
start_days,IC.REG.DURS,Time to start a business (days),COL,Colombia,2010,11.0
start_days,IC.REG.DURS,Time to start a business (days),COL,Colombia,2011,11.0
start_days,IC.REG.DURS,Time to start a business (days),COL,Colombia,2012,12.0
start_days,IC.REG.DURS,Time to start a business (days),COL,Colombia,2013,12.0
start_days,IC.REG.DURS,Time to start a business (days),COL,Colombia,2014,12.0
start_days,IC.REG.DURS,Time to start a business (days),COL,Colombia,2015,12.0
start_days,IC.REG.DURS,Time to start a business (days),COL,Colombia,2016,11.0
start_days,IC.REG.DURS,Time to start a business (days),COL,Colombia,2017,11.0
start_days,IC.REG.DURS,Time to start a business (days),COL,Colombia,2018,11.0
start_days,IC.REG.DURS,Time to start a business (days),COL,Colombia,2019,10.0
start_days,IC.REG.DURS,Time to start a business (days),CZE,Czechia,2003,57.0
start_days,IC.REG.DURS,Time to start a business (days),CZE,Czechia,2004,57.0
start_days,IC.REG.DURS,Time to start a business (days),CZE,Czechia,2005,57.0
start_days,IC.REG.DURS,Time to start a business (days),CZE,Czechia,2006,39.0
start_days,IC.REG.DURS,Time to start a business (days),CZE,Czechia,2007,32.0
start_days,IC.REG.DURS,Time to start a business (days),CZE,Czechia,2008,35.0
start_days,IC.REG.DURS,Time to start a business (days),CZE,Czechia,2009,32.0
start_days,IC.REG.DURS,Time to start a business (days),CZE,Czechia,2010,32.0
start_days,IC.REG.DURS,Time to start a business (days),CZE,Czechia,2011,30.5
start_days,IC.REG.DURS,Time to start a business (days),CZE,Czechia,2012,30.5
start_days,IC.REG.DURS,Time to start a business (days),CZE,Czechia,2013,30.5
start_days,IC.REG.DURS,Time to start a business (days),CZE,Czechia,2014,30.5
start_days,IC.REG.DURS,Time to start a business (days),CZE,Czechia,2015,30.5
start_days,IC.REG.DURS,Time to start a business (days),CZE,Czechia,2016,24.5
start_days,IC.REG.DURS,Time to start a business (days),CZE,Czechia,2017,24.5
start_days,IC.REG.DURS,Time to start a business (days),CZE,Czechia,2018,24.5
start_days,IC.REG.DURS,Time to start a business (days),CZE,Czechia,2019,24.5
start_days,IC.REG.DURS,Time to start a business (days),ECU,Ecuador,2003,92.0
start_days,IC.REG.DURS,Time to start a business (days),ECU,Ecuador,2004,92.0
start_days,IC.REG.DURS,Time to start a business (days),ECU,Ecuador,2005,69.0
start_days,IC.REG.DURS,Time to start a business (days),ECU,Ecuador,2006,65.0
start_days,IC.REG.DURS,Time to start a business (days),ECU,Ecuador,2007,65.0
start_days,IC.REG.DURS,Time to start a business (days),ECU,Ecuador,2008,65.0
start_days,IC.REG.DURS,Time to start a business (days),ECU,Ecuador,2009,64.0
start_days,IC.REG.DURS,Time to start a business (days),ECU,Ecuador,2010,56.0
start_days,IC.REG.DURS,Time to start a business (days),ECU,Ecuador,2011,55.5
start_days,IC.REG.DURS,Time to start a business (days),ECU,Ecuador,2012,55.5
start_days,IC.REG.DURS,Time to start a business (days),ECU,Ecuador,2013,55.5
start_days,IC.REG.DURS,Time to start a business (days),ECU,Ecuador,2014,55.5
start_days,IC.REG.DURS,Time to start a business (days),ECU,Ecuador,2015,50.5
start_days,IC.REG.DURS,Time to start a business (days),ECU,Ecuador,2016,48.5
start_days,IC.REG.DURS,Time to start a business (days),ECU,Ecuador,2017,48.5
start_days,IC.REG.DURS,Time to start a business (days),ECU,Ecuador,2018,48.5
start_days,IC.REG.DURS,Time to start a business (days),ECU,Ecuador,2019,48.5
start_days,IC.REG.DURS,Time to start a business (days),HUN,Hungary,2003,54.0
start_days,IC.REG.DURS,Time to start a business (days),HUN,Hungary,2004,54.0
start_days,IC.REG.DURS,Time to start a business (days),HUN,Hungary,2005,39.0
start_days,IC.REG.DURS,Time to start a business (days),HUN,Hungary,2006,39.0
start_days,IC.REG.DURS,Time to start a business (days),HUN,Hungary,2007,17.0
start_days,IC.REG.DURS,Time to start a business (days),HUN,Hungary,2008,6.0
start_days,IC.REG.DURS,Time to start a business (days),HUN,Hungary,2009,5.0
start_days,IC.REG.DURS,Time to start a business (days),HUN,Hungary,2010,5.0
start_days,IC.REG.DURS,Time to start a business (days),HUN,Hungary,2011,5.0
start_days,IC.REG.DURS,Time to start a business (days),HUN,Hungary,2012,7.0
start_days,IC.REG.DURS,Time to start a business (days),HUN,Hungary,2013,7.0
start_days,IC.REG.DURS,Time to start a business (days),HUN,Hungary,2014,7.0
start_days,IC.REG.DURS,Time to start a business (days),HUN,Hungary,2015,7.0
start_days,IC.REG.DURS,Time to start a business (days),HUN,Hungary,2016,7.0
start_days,IC.REG.DURS,Time to start a business (days),HUN,Hungary,2017,7.0
start_days,IC.REG.DURS,Time to start a business (days),HUN,Hungary,2018,7.0
start_days,IC.REG.DURS,Time to start a business (days),HUN,Hungary,2019,7.0
start_days,IC.REG.DURS,Time to start a business (days),IND,India,2013,32.6
start_days,IC.REG.DURS,Time to start a business (days),IND,India,2014,35.0
start_days,IC.REG.DURS,Time to start a business (days),IND,India,2015,30.0
start_days,IC.REG.DURS,Time to start a business (days),IND,India,2016,28.5
start_days,IC.REG.DURS,Time to start a business (days),IND,India,2017,29.8
start_days,IC.REG.DURS,Time to start a business (days),IND,India,2018,16.5
start_days,IC.REG.DURS,Time to start a business (days),IND,India,2019,17.5
start_days,IC.REG.DURS,Time to start a business (days),IDN,Indonesia,2013,77.0
start_days,IC.REG.DURS,Time to start a business (days),IDN,Indonesia,2014,53.9
start_days,IC.REG.DURS,Time to start a business (days),IDN,Indonesia,2015,49.3
start_days,IC.REG.DURS,Time to start a business (days),IDN,Indonesia,2016,26.3
start_days,IC.REG.DURS,Time to start a business (days),IDN,Indonesia,2017,24.5
start_days,IC.REG.DURS,Time to start a business (days),IDN,Indonesia,2018,21.0
start_days,IC.REG.DURS,Time to start a business (days),IDN,Indonesia,2019,12.6
start_days,IC.REG.DURS,Time to start a business (days),MYS,Malaysia,2003,37.5
start_days,IC.REG.DURS,Time to start a business (days),MYS,Malaysia,2004,37.5
start_days,IC.REG.DURS,Time to start a business (days),MYS,Malaysia,2005,37.5
start_days,IC.REG.DURS,Time to start a business (days),MYS,Malaysia,2006,37.5
start_days,IC.REG.DURS,Time to start a business (days),MYS,Malaysia,2007,31.5
start_days,IC.REG.DURS,Time to start a business (days),MYS,Malaysia,2008,20.5
start_days,IC.REG.DURS,Time to start a business (days),MYS,Malaysia,2009,18.5
start_days,IC.REG.DURS,Time to start a business (days),MYS,Malaysia,2010,17.5
start_days,IC.REG.DURS,Time to start a business (days),MYS,Malaysia,2011,8.5
start_days,IC.REG.DURS,Time to start a business (days),MYS,Malaysia,2012,9.5
start_days,IC.REG.DURS,Time to start a business (days),MYS,Malaysia,2013,9.5
start_days,IC.REG.DURS,Time to start a business (days),MYS,Malaysia,2014,7.5
start_days,IC.REG.DURS,Time to start a business (days),MYS,Malaysia,2015,7.5
start_days,IC.REG.DURS,Time to start a business (days),MYS,Malaysia,2016,23.5
start_days,IC.REG.DURS,Time to start a business (days),MYS,Malaysia,2017,23.5
start_days,IC.REG.DURS,Time to start a business (days),MYS,Malaysia,2018,13.5
start_days,IC.REG.DURS,Time to start a business (days),MYS,Malaysia,2019,17.5
start_days,IC.REG.DURS,Time to start a business (days),MEX,Mexico,2013,8.4
start_days,IC.REG.DURS,Time to start a business (days),MEX,Mexico,2014,8.4
start_days,IC.REG.DURS,Time to start a business (days),MEX,Mexico,2015,8.4
start_days,IC.REG.DURS,Time to start a business (days),MEX,Mexico,2016,8.4
start_days,IC.REG.DURS,Time to start a business (days),MEX,Mexico,2017,8.4
start_days,IC.REG.DURS,Time to start a business (days),MEX,Mexico,2018,8.4
start_days,IC.REG.DURS,Time to start a business (days),MEX,Mexico,2019,8.4
start_days,IC.REG.DURS,Time to start a business (days),PER,Peru,2003,100.5
start_days,IC.REG.DURS,Time to start a business (days),PER,Peru,2004,100.5
start_days,IC.REG.DURS,Time to start a business (days),PER,Peru,2005,104.5
start_days,IC.REG.DURS,Time to start a business (days),PER,Peru,2006,74.5
start_days,IC.REG.DURS,Time to start a business (days),PER,Peru,2007,74.5
start_days,IC.REG.DURS,Time to start a business (days),PER,Peru,2008,67.0
start_days,IC.REG.DURS,Time to start a business (days),PER,Peru,2009,41.0
start_days,IC.REG.DURS,Time to start a business (days),PER,Peru,2010,42.5
start_days,IC.REG.DURS,Time to start a business (days),PER,Peru,2011,41.5
start_days,IC.REG.DURS,Time to start a business (days),PER,Peru,2012,41.5
start_days,IC.REG.DURS,Time to start a business (days),PER,Peru,2013,41.5
start_days,IC.REG.DURS,Time to start a business (days),PER,Peru,2014,41.5
start_days,IC.REG.DURS,Time to start a business (days),PER,Peru,2015,41.5
start_days,IC.REG.DURS,Time to start a business (days),PER,Peru,2016,41.0
start_days,IC.REG.DURS,Time to start a business (days),PER,Peru,2017,41.0
start_days,IC.REG.DURS,Time to start a business (days),PER,Peru,2018,26.0
start_days,IC.REG.DURS,Time to start a business (days),PER,Peru,2019,26.0
start_days,IC.REG.DURS,Time to start a business (days),POL,Poland,2003,63.0
start_days,IC.REG.DURS,Time to start a business (days),POL,Poland,2004,63.0
start_days,IC.REG.DURS,Time to start a business (days),POL,Poland,2005,52.0
start_days,IC.REG.DURS,Time to start a business (days),POL,Poland,2006,45.0
start_days,IC.REG.DURS,Time to start a business (days),POL,Poland,2007,45.0
start_days,IC.REG.DURS,Time to start a business (days),POL,Poland,2008,45.0
start_days,IC.REG.DURS,Time to start a business (days),POL,Poland,2009,39.0
start_days,IC.REG.DURS,Time to start a business (days),POL,Poland,2010,39.0
start_days,IC.REG.DURS,Time to start a business (days),POL,Poland,2011,39.0
start_days,IC.REG.DURS,Time to start a business (days),POL,Poland,2012,39.0
start_days,IC.REG.DURS,Time to start a business (days),POL,Poland,2013,37.0
start_days,IC.REG.DURS,Time to start a business (days),POL,Poland,2014,37.0
start_days,IC.REG.DURS,Time to start a business (days),POL,Poland,2015,37.0
start_days,IC.REG.DURS,Time to start a business (days),POL,Poland,2016,37.0
start_days,IC.REG.DURS,Time to start a business (days),POL,Poland,2017,37.0
start_days,IC.REG.DURS,Time to start a business (days),POL,Poland,2018,37.0
start_days,IC.REG.DURS,Time to start a business (days),POL,Poland,2019,37.0
start_days,IC.REG.DURS,Time to start a business (days),RUS,Russia,2013,13.2
start_days,IC.REG.DURS,Time to start a business (days),RUS,Russia,2014,11.5
start_days,IC.REG.DURS,Time to start a business (days),RUS,Russia,2015,10.8
start_days,IC.REG.DURS,Time to start a business (days),RUS,Russia,2016,10.1
start_days,IC.REG.DURS,Time to start a business (days),RUS,Russia,2017,10.1
start_days,IC.REG.DURS,Time to start a business (days),RUS,Russia,2018,10.1
start_days,IC.REG.DURS,Time to start a business (days),RUS,Russia,2019,10.1
start_days,IC.REG.DURS,Time to start a business (days),ZAF,South Africa,2003,56.0
start_days,IC.REG.DURS,Time to start a business (days),ZAF,South Africa,2004,56.0
start_days,IC.REG.DURS,Time to start a business (days),ZAF,South Africa,2005,53.0
start_days,IC.REG.DURS,Time to start a business (days),ZAF,South Africa,2006,53.0
start_days,IC.REG.DURS,Time to start a business (days),ZAF,South Africa,2007,53.0
start_days,IC.REG.DURS,Time to start a business (days),ZAF,South Africa,2008,45.0
start_days,IC.REG.DURS,Time to start a business (days),ZAF,South Africa,2009,45.0
start_days,IC.REG.DURS,Time to start a business (days),ZAF,South Africa,2010,45.0
start_days,IC.REG.DURS,Time to start a business (days),ZAF,South Africa,2011,45.0
start_days,IC.REG.DURS,Time to start a business (days),ZAF,South Africa,2012,45.0
start_days,IC.REG.DURS,Time to start a business (days),ZAF,South Africa,2013,45.0
start_days,IC.REG.DURS,Time to start a business (days),ZAF,South Africa,2014,46.0
start_days,IC.REG.DURS,Time to start a business (days),ZAF,South Africa,2015,46.0
start_days,IC.REG.DURS,Time to start a business (days),ZAF,South Africa,2016,45.0
start_days,IC.REG.DURS,Time to start a business (days),ZAF,South Africa,2017,45.0
start_days,IC.REG.DURS,Time to start a business (days),ZAF,South Africa,2018,40.0
start_days,IC.REG.DURS,Time to start a business (days),ZAF,South Africa,2019,40.0
start_days,IC.REG.DURS,Time to start a business (days),KOR,South Korea,2003,17.0
start_days,IC.REG.DURS,Time to start a business (days),KOR,South Korea,2004,17.0
start_days,IC.REG.DURS,Time to start a business (days),KOR,South Korea,2005,17.0
start_days,IC.REG.DURS,Time to start a business (days),KOR,South Korea,2006,17.0
start_days,IC.REG.DURS,Time to start a business (days),KOR,South Korea,2007,17.0
start_days,IC.REG.DURS,Time to start a business (days),KOR,South Korea,2008,17.0
start_days,IC.REG.DURS,Time to start a business (days),KOR,South Korea,2009,14.0
start_days,IC.REG.DURS,Time to start a business (days),KOR,South Korea,2010,14.0
start_days,IC.REG.DURS,Time to start a business (days),KOR,South Korea,2011,9.0
start_days,IC.REG.DURS,Time to start a business (days),KOR,South Korea,2012,8.0
start_days,IC.REG.DURS,Time to start a business (days),KOR,South Korea,2013,8.0
start_days,IC.REG.DURS,Time to start a business (days),KOR,South Korea,2014,8.0
start_days,IC.REG.DURS,Time to start a business (days),KOR,South Korea,2015,8.0
start_days,IC.REG.DURS,Time to start a business (days),KOR,South Korea,2016,8.0
start_days,IC.REG.DURS,Time to start a business (days),KOR,South Korea,2017,8.0
start_days,IC.REG.DURS,Time to start a business (days),KOR,South Korea,2018,8.0
start_days,IC.REG.DURS,Time to start a business (days),KOR,South Korea,2019,8.0
start_days,IC.REG.DURS,Time to start a business (days),THA,Thailand,2003,35.0
start_days,IC.REG.DURS,Time to start a business (days),THA,Thailand,2004,35.0
start_days,IC.REG.DURS,Time to start a business (days),THA,Thailand,2005,35.0
start_days,IC.REG.DURS,Time to start a business (days),THA,Thailand,2006,35.0
start_days,IC.REG.DURS,Time to start a business (days),THA,Thailand,2007,35.0
start_days,IC.REG.DURS,Time to start a business (days),THA,Thailand,2008,35.0
start_days,IC.REG.DURS,Time to start a business (days),THA,Thailand,2009,34.0
start_days,IC.REG.DURS,Time to start a business (days),THA,Thailand,2010,34.0
start_days,IC.REG.DURS,Time to start a business (days),THA,Thailand,2011,32.0
start_days,IC.REG.DURS,Time to start a business (days),THA,Thailand,2012,31.0
start_days,IC.REG.DURS,Time to start a business (days),THA,Thailand,2013,31.0
start_days,IC.REG.DURS,Time to start a business (days),THA,Thailand,2014,31.0
start_days,IC.REG.DURS,Time to start a business (days),THA,Thailand,2015,31.0
start_days,IC.REG.DURS,Time to start a business (days),THA,Thailand,2016,29.0
start_days,IC.REG.DURS,Time to start a business (days),THA,Thailand,2017,6.0
start_days,IC.REG.DURS,Time to start a business (days),THA,Thailand,2018,6.0
start_days,IC.REG.DURS,Time to start a business (days),THA,Thailand,2019,6.0
start_days,IC.REG.DURS,Time to start a business (days),TUR,Turkey,2003,40.0
start_days,IC.REG.DURS,Time to start a business (days),TUR,Turkey,2004,10.5
start_days,IC.REG.DURS,Time to start a business (days),TUR,Turkey,2005,10.5
start_days,IC.REG.DURS,Time to start a business (days),TUR,Turkey,2006,10.5
start_days,IC.REG.DURS,Time to start a business (days),TUR,Turkey,2007,10.5
start_days,IC.REG.DURS,Time to start a business (days),TUR,Turkey,2008,10.5
start_days,IC.REG.DURS,Time to start a business (days),TUR,Turkey,2009,10.5
start_days,IC.REG.DURS,Time to start a business (days),TUR,Turkey,2010,10.5
start_days,IC.REG.DURS,Time to start a business (days),TUR,Turkey,2011,10.5
start_days,IC.REG.DURS,Time to start a business (days),TUR,Turkey,2012,10.5
start_days,IC.REG.DURS,Time to start a business (days),TUR,Turkey,2013,10.5
start_days,IC.REG.DURS,Time to start a business (days),TUR,Turkey,2014,11.0
start_days,IC.REG.DURS,Time to start a business (days),TUR,Turkey,2015,11.0
start_days,IC.REG.DURS,Time to start a business (days),TUR,Turkey,2016,10.0
start_days,IC.REG.DURS,Time to start a business (days),TUR,Turkey,2017,10.0
start_days,IC.REG.DURS,Time to start a business (days),TUR,Turkey,2018,7.0
start_days,IC.REG.DURS,Time to start a business (days),TUR,Turkey,2019,7.0
start_days,IC.REG.DURS,Time to start a business (days),UKR,Ukraine,2003,41.0
start_days,IC.REG.DURS,Time to start a business (days),UKR,Ukraine,2004,35.0
start_days,IC.REG.DURS,Time to start a business (days),UKR,Ukraine,2005,35.0
start_days,IC.REG.DURS,Time to start a business (days),UKR,Ukraine,2006,34.0
start_days,IC.REG.DURS,Time to start a business (days),UKR,Ukraine,2007,28.0
start_days,IC.REG.DURS,Time to start a business (days),UKR,Ukraine,2008,28.0
start_days,IC.REG.DURS,Time to start a business (days),UKR,Ukraine,2009,28.0
start_days,IC.REG.DURS,Time to start a business (days),UKR,Ukraine,2010,28.0
start_days,IC.REG.DURS,Time to start a business (days),UKR,Ukraine,2011,25.0
start_days,IC.REG.DURS,Time to start a business (days),UKR,Ukraine,2012,23.0
start_days,IC.REG.DURS,Time to start a business (days),UKR,Ukraine,2013,22.0
start_days,IC.REG.DURS,Time to start a business (days),UKR,Ukraine,2014,22.0
start_days,IC.REG.DURS,Time to start a business (days),UKR,Ukraine,2015,8.0
start_days,IC.REG.DURS,Time to start a business (days),UKR,Ukraine,2016,6.5
start_days,IC.REG.DURS,Time to start a business (days),UKR,Ukraine,2017,6.5
start_days,IC.REG.DURS,Time to start a business (days),UKR,Ukraine,2018,6.5
start_days,IC.REG.DURS,Time to start a business (days),UKR,Ukraine,2019,6.5
start_days,IC.REG.DURS,Time to start a business (days),URY,Uruguay,2003,45.0
start_days,IC.REG.DURS,Time to start a business (days),URY,Uruguay,2004,45.0
start_days,IC.REG.DURS,Time to start a business (days),URY,Uruguay,2005,45.0
start_days,IC.REG.DURS,Time to start a business (days),URY,Uruguay,2006,43.0
start_days,IC.REG.DURS,Time to start a business (days),URY,Uruguay,2007,43.0
start_days,IC.REG.DURS,Time to start a business (days),URY,Uruguay,2008,43.0
start_days,IC.REG.DURS,Time to start a business (days),URY,Uruguay,2009,64.0
start_days,IC.REG.DURS,Time to start a business (days),URY,Uruguay,2010,64.0
start_days,IC.REG.DURS,Time to start a business (days),URY,Uruguay,2011,6.5
start_days,IC.REG.DURS,Time to start a business (days),URY,Uruguay,2012,6.5
start_days,IC.REG.DURS,Time to start a business (days),URY,Uruguay,2013,6.5
start_days,IC.REG.DURS,Time to start a business (days),URY,Uruguay,2014,6.5
start_days,IC.REG.DURS,Time to start a business (days),URY,Uruguay,2015,6.5
start_days,IC.REG.DURS,Time to start a business (days),URY,Uruguay,2016,6.5
start_days,IC.REG.DURS,Time to start a business (days),URY,Uruguay,2017,6.5
start_days,IC.REG.DURS,Time to start a business (days),URY,Uruguay,2018,6.5
start_days,IC.REG.DURS,Time to start a business (days),URY,Uruguay,2019,6.5
efw,fi_index,Fraser EFW (0-10),ARG,Argentina,1990,4.5799999
efw,fi_index,Fraser EFW (0-10),ARG,Argentina,1995,6.79
efw,fi_index,Fraser EFW (0-10),ARG,Argentina,2000,7.2199998
efw,fi_index,Fraser EFW (0-10),ARG,Argentina,2001,6.9200001
efw,fi_index,Fraser EFW (0-10),ARG,Argentina,2002,6.1199999
efw,fi_index,Fraser EFW (0-10),ARG,Argentina,2003,6.1199999
efw,fi_index,Fraser EFW (0-10),ARG,Argentina,2004,6.3800001
efw,fi_index,Fraser EFW (0-10),ARG,Argentina,2005,6.0900002
efw,fi_index,Fraser EFW (0-10),ARG,Argentina,2006,5.9699998
efw,fi_index,Fraser EFW (0-10),ARG,Argentina,2007,6.1500001
efw,fi_index,Fraser EFW (0-10),ARG,Argentina,2008,5.96
efw,fi_index,Fraser EFW (0-10),ARG,Argentina,2009,5.8600001
efw,fi_index,Fraser EFW (0-10),ARG,Argentina,2010,5.6300001
efw,fi_index,Fraser EFW (0-10),ARG,Argentina,2011,5.5900002
efw,fi_index,Fraser EFW (0-10),ARG,Argentina,2012,5.0300002
efw,fi_index,Fraser EFW (0-10),ARG,Argentina,2013,4.8800001
efw,fi_index,Fraser EFW (0-10),ARG,Argentina,2014,4.5
efw,fi_index,Fraser EFW (0-10),ARG,Argentina,2015,4.9499998
efw,fi_index,Fraser EFW (0-10),ARG,Argentina,2016,5.5
efw,fi_index,Fraser EFW (0-10),ARG,Argentina,2017,5.6900001
efw,fi_index,Fraser EFW (0-10),ARG,Argentina,2018,5.5900002
efw,fi_index,Fraser EFW (0-10),ARG,Argentina,2019,5.1599998
efw,fi_index,Fraser EFW (0-10),ARG,Argentina,2020,4.5
efw,fi_index,Fraser EFW (0-10),ARG,Argentina,2021,4.5500002
efw,fi_index,Fraser EFW (0-10),ARG,Argentina,2022,4.5500002
efw,fi_index,Fraser EFW (0-10),BRA,Brazil,1990,4.1799998
efw,fi_index,Fraser EFW (0-10),BRA,Brazil,1995,4.3499999
efw,fi_index,Fraser EFW (0-10),BRA,Brazil,2000,5.6900001
efw,fi_index,Fraser EFW (0-10),BRA,Brazil,2001,5.6300001
efw,fi_index,Fraser EFW (0-10),BRA,Brazil,2002,6.1900001
efw,fi_index,Fraser EFW (0-10),BRA,Brazil,2003,6.0999999
efw,fi_index,Fraser EFW (0-10),BRA,Brazil,2004,6.2800002
efw,fi_index,Fraser EFW (0-10),BRA,Brazil,2005,6.4200001
efw,fi_index,Fraser EFW (0-10),BRA,Brazil,2006,6.3800001
efw,fi_index,Fraser EFW (0-10),BRA,Brazil,2007,6.3800001
efw,fi_index,Fraser EFW (0-10),BRA,Brazil,2008,6.4000001
efw,fi_index,Fraser EFW (0-10),BRA,Brazil,2009,6.4099998
efw,fi_index,Fraser EFW (0-10),BRA,Brazil,2010,6.54
efw,fi_index,Fraser EFW (0-10),BRA,Brazil,2011,6.5599999
efw,fi_index,Fraser EFW (0-10),BRA,Brazil,2012,6.5700002
efw,fi_index,Fraser EFW (0-10),BRA,Brazil,2013,6.4699998
efw,fi_index,Fraser EFW (0-10),BRA,Brazil,2014,6.3600001
efw,fi_index,Fraser EFW (0-10),BRA,Brazil,2015,6.25
efw,fi_index,Fraser EFW (0-10),BRA,Brazil,2016,6.54
efw,fi_index,Fraser EFW (0-10),BRA,Brazil,2017,6.6900001
efw,fi_index,Fraser EFW (0-10),BRA,Brazil,2018,6.6799998
efw,fi_index,Fraser EFW (0-10),BRA,Brazil,2019,6.6599998
efw,fi_index,Fraser EFW (0-10),BRA,Brazil,2020,6.4099998
efw,fi_index,Fraser EFW (0-10),BRA,Brazil,2021,6.4699998
efw,fi_index,Fraser EFW (0-10),BRA,Brazil,2022,6.5599999
efw,fi_index,Fraser EFW (0-10),BGR,Bulgaria,1990,4.6999998
efw,fi_index,Fraser EFW (0-10),BGR,Bulgaria,1995,5.1399999
efw,fi_index,Fraser EFW (0-10),BGR,Bulgaria,2000,5.5300002
efw,fi_index,Fraser EFW (0-10),BGR,Bulgaria,2001,6.1799998
efw,fi_index,Fraser EFW (0-10),BGR,Bulgaria,2002,6.5500002
efw,fi_index,Fraser EFW (0-10),BGR,Bulgaria,2003,6.8400002
efw,fi_index,Fraser EFW (0-10),BGR,Bulgaria,2004,6.8299999
efw,fi_index,Fraser EFW (0-10),BGR,Bulgaria,2005,7.04
efw,fi_index,Fraser EFW (0-10),BGR,Bulgaria,2006,7.1300001
efw,fi_index,Fraser EFW (0-10),BGR,Bulgaria,2007,7.1399999
efw,fi_index,Fraser EFW (0-10),BGR,Bulgaria,2008,7.0999999
efw,fi_index,Fraser EFW (0-10),BGR,Bulgaria,2009,7.2600002
efw,fi_index,Fraser EFW (0-10),BGR,Bulgaria,2010,7.3499999
efw,fi_index,Fraser EFW (0-10),BGR,Bulgaria,2011,7.3499999
efw,fi_index,Fraser EFW (0-10),BGR,Bulgaria,2012,7.46
efw,fi_index,Fraser EFW (0-10),BGR,Bulgaria,2013,7.52
efw,fi_index,Fraser EFW (0-10),BGR,Bulgaria,2014,7.5
efw,fi_index,Fraser EFW (0-10),BGR,Bulgaria,2015,7.48
efw,fi_index,Fraser EFW (0-10),BGR,Bulgaria,2016,7.73
efw,fi_index,Fraser EFW (0-10),BGR,Bulgaria,2017,7.7199998
efw,fi_index,Fraser EFW (0-10),BGR,Bulgaria,2018,7.6799998
efw,fi_index,Fraser EFW (0-10),BGR,Bulgaria,2019,7.6300001
efw,fi_index,Fraser EFW (0-10),BGR,Bulgaria,2020,7.5100002
efw,fi_index,Fraser EFW (0-10),BGR,Bulgaria,2021,7.4699998
efw,fi_index,Fraser EFW (0-10),BGR,Bulgaria,2022,7.1599998
efw,fi_index,Fraser EFW (0-10),CHL,Chile,1990,6.9200001
efw,fi_index,Fraser EFW (0-10),CHL,Chile,1995,7.4400001
efw,fi_index,Fraser EFW (0-10),CHL,Chile,2000,7.7199998
efw,fi_index,Fraser EFW (0-10),CHL,Chile,2001,7.79
efw,fi_index,Fraser EFW (0-10),CHL,Chile,2002,7.8600001
efw,fi_index,Fraser EFW (0-10),CHL,Chile,2003,7.98
efw,fi_index,Fraser EFW (0-10),CHL,Chile,2004,7.98
efw,fi_index,Fraser EFW (0-10),CHL,Chile,2005,8.0500002
efw,fi_index,Fraser EFW (0-10),CHL,Chile,2006,8.0600004
efw,fi_index,Fraser EFW (0-10),CHL,Chile,2007,8.1099997
efw,fi_index,Fraser EFW (0-10),CHL,Chile,2008,7.9899998
efw,fi_index,Fraser EFW (0-10),CHL,Chile,2009,8.0500002
efw,fi_index,Fraser EFW (0-10),CHL,Chile,2010,8.0799999
efw,fi_index,Fraser EFW (0-10),CHL,Chile,2011,8.0699997
efw,fi_index,Fraser EFW (0-10),CHL,Chile,2012,8.04
efw,fi_index,Fraser EFW (0-10),CHL,Chile,2013,8.04
efw,fi_index,Fraser EFW (0-10),CHL,Chile,2014,7.98
efw,fi_index,Fraser EFW (0-10),CHL,Chile,2015,8.0
efw,fi_index,Fraser EFW (0-10),CHL,Chile,2016,8.0299997
efw,fi_index,Fraser EFW (0-10),CHL,Chile,2017,8.0600004
efw,fi_index,Fraser EFW (0-10),CHL,Chile,2018,8.0799999
efw,fi_index,Fraser EFW (0-10),CHL,Chile,2019,8.0
efw,fi_index,Fraser EFW (0-10),CHL,Chile,2020,7.6399999
efw,fi_index,Fraser EFW (0-10),CHL,Chile,2021,7.52
efw,fi_index,Fraser EFW (0-10),CHL,Chile,2022,7.4499998
efw,fi_index,Fraser EFW (0-10),CHN,China,1990,4.0500002
efw,fi_index,Fraser EFW (0-10),CHN,China,1995,4.9499998
efw,fi_index,Fraser EFW (0-10),CHN,China,2000,5.5799999
efw,fi_index,Fraser EFW (0-10),CHN,China,2001,5.6300001
efw,fi_index,Fraser EFW (0-10),CHN,China,2002,5.7399998
efw,fi_index,Fraser EFW (0-10),CHN,China,2003,5.79
efw,fi_index,Fraser EFW (0-10),CHN,China,2004,5.6399999
efw,fi_index,Fraser EFW (0-10),CHN,China,2005,5.6900001
efw,fi_index,Fraser EFW (0-10),CHN,China,2006,5.75
efw,fi_index,Fraser EFW (0-10),CHN,China,2007,5.8099999
efw,fi_index,Fraser EFW (0-10),CHN,China,2008,5.7600002
efw,fi_index,Fraser EFW (0-10),CHN,China,2009,5.8699999
efw,fi_index,Fraser EFW (0-10),CHN,China,2010,5.8699999
efw,fi_index,Fraser EFW (0-10),CHN,China,2011,5.9099998
efw,fi_index,Fraser EFW (0-10),CHN,China,2012,5.98
efw,fi_index,Fraser EFW (0-10),CHN,China,2013,5.9899998
efw,fi_index,Fraser EFW (0-10),CHN,China,2014,6.0500002
efw,fi_index,Fraser EFW (0-10),CHN,China,2015,6.0700002
efw,fi_index,Fraser EFW (0-10),CHN,China,2016,6.0700002
efw,fi_index,Fraser EFW (0-10),CHN,China,2017,6.1500001
efw,fi_index,Fraser EFW (0-10),CHN,China,2018,6.1799998
efw,fi_index,Fraser EFW (0-10),CHN,China,2019,6.1799998
efw,fi_index,Fraser EFW (0-10),CHN,China,2020,6.1599998
efw,fi_index,Fraser EFW (0-10),CHN,China,2021,6.1799998
efw,fi_index,Fraser EFW (0-10),CHN,China,2022,6.1399999
efw,fi_index,Fraser EFW (0-10),COL,Colombia,1990,5.23
efw,fi_index,Fraser EFW (0-10),COL,Colombia,1995,6.0
efw,fi_index,Fraser EFW (0-10),COL,Colombia,2000,5.9099998
efw,fi_index,Fraser EFW (0-10),COL,Colombia,2001,6.0799999
efw,fi_index,Fraser EFW (0-10),COL,Colombia,2002,6.1900001
efw,fi_index,Fraser EFW (0-10),COL,Colombia,2003,6.3099999
efw,fi_index,Fraser EFW (0-10),COL,Colombia,2004,6.3899999
efw,fi_index,Fraser EFW (0-10),COL,Colombia,2005,6.5300002
efw,fi_index,Fraser EFW (0-10),COL,Colombia,2006,6.5300002
efw,fi_index,Fraser EFW (0-10),COL,Colombia,2007,6.5599999
efw,fi_index,Fraser EFW (0-10),COL,Colombia,2008,6.5500002
efw,fi_index,Fraser EFW (0-10),COL,Colombia,2009,6.5700002
efw,fi_index,Fraser EFW (0-10),COL,Colombia,2010,6.6199999
efw,fi_index,Fraser EFW (0-10),COL,Colombia,2011,6.6399999
efw,fi_index,Fraser EFW (0-10),COL,Colombia,2012,6.7199998
efw,fi_index,Fraser EFW (0-10),COL,Colombia,2013,6.6900001
efw,fi_index,Fraser EFW (0-10),COL,Colombia,2014,6.5700002
efw,fi_index,Fraser EFW (0-10),COL,Colombia,2015,6.5700002
efw,fi_index,Fraser EFW (0-10),COL,Colombia,2016,6.5900002
efw,fi_index,Fraser EFW (0-10),COL,Colombia,2017,6.6300001
efw,fi_index,Fraser EFW (0-10),COL,Colombia,2018,6.6599998
efw,fi_index,Fraser EFW (0-10),COL,Colombia,2019,6.7199998
efw,fi_index,Fraser EFW (0-10),COL,Colombia,2020,6.5100002
efw,fi_index,Fraser EFW (0-10),COL,Colombia,2021,6.5500002
efw,fi_index,Fraser EFW (0-10),COL,Colombia,2022,6.54
efw,fi_index,Fraser EFW (0-10),CZE,Czechia,1995,6.5
efw,fi_index,Fraser EFW (0-10),CZE,Czechia,2000,7.1100001
efw,fi_index,Fraser EFW (0-10),CZE,Czechia,2001,7.29
efw,fi_index,Fraser EFW (0-10),CZE,Czechia,2002,7.4499998
efw,fi_index,Fraser EFW (0-10),CZE,Czechia,2003,7.3699999
efw,fi_index,Fraser EFW (0-10),CZE,Czechia,2004,7.5500002
efw,fi_index,Fraser EFW (0-10),CZE,Czechia,2005,7.52
efw,fi_index,Fraser EFW (0-10),CZE,Czechia,2006,7.5500002
efw,fi_index,Fraser EFW (0-10),CZE,Czechia,2007,7.6599998
efw,fi_index,Fraser EFW (0-10),CZE,Czechia,2008,7.5700002
efw,fi_index,Fraser EFW (0-10),CZE,Czechia,2009,7.6100001
efw,fi_index,Fraser EFW (0-10),CZE,Czechia,2010,7.6900001
efw,fi_index,Fraser EFW (0-10),CZE,Czechia,2011,7.7399998
efw,fi_index,Fraser EFW (0-10),CZE,Czechia,2012,7.8200002
efw,fi_index,Fraser EFW (0-10),CZE,Czechia,2013,7.8699999
efw,fi_index,Fraser EFW (0-10),CZE,Czechia,2014,7.9499998
efw,fi_index,Fraser EFW (0-10),CZE,Czechia,2015,7.96
efw,fi_index,Fraser EFW (0-10),CZE,Czechia,2016,8.0100002
efw,fi_index,Fraser EFW (0-10),CZE,Czechia,2017,7.98
efw,fi_index,Fraser EFW (0-10),CZE,Czechia,2018,7.98
efw,fi_index,Fraser EFW (0-10),CZE,Czechia,2019,7.9400001
efw,fi_index,Fraser EFW (0-10),CZE,Czechia,2020,7.71
efw,fi_index,Fraser EFW (0-10),CZE,Czechia,2021,7.7800002
efw,fi_index,Fraser EFW (0-10),CZE,Czechia,2022,7.6500001
efw,fi_index,Fraser EFW (0-10),ECU,Ecuador,1990,5.6700001
efw,fi_index,Fraser EFW (0-10),ECU,Ecuador,1995,6.5999999
efw,fi_index,Fraser EFW (0-10),ECU,Ecuador,2000,5.9200001
efw,fi_index,Fraser EFW (0-10),ECU,Ecuador,2001,5.71
efw,fi_index,Fraser EFW (0-10),ECU,Ecuador,2002,6.0799999
efw,fi_index,Fraser EFW (0-10),ECU,Ecuador,2003,5.9499998
efw,fi_index,Fraser EFW (0-10),ECU,Ecuador,2004,5.75
efw,fi_index,Fraser EFW (0-10),ECU,Ecuador,2005,5.9899998
efw,fi_index,Fraser EFW (0-10),ECU,Ecuador,2006,6.0599999
efw,fi_index,Fraser EFW (0-10),ECU,Ecuador,2007,6.0799999
efw,fi_index,Fraser EFW (0-10),ECU,Ecuador,2008,5.8400002
efw,fi_index,Fraser EFW (0-10),ECU,Ecuador,2009,6.0500002
efw,fi_index,Fraser EFW (0-10),ECU,Ecuador,2010,6.0599999
efw,fi_index,Fraser EFW (0-10),ECU,Ecuador,2011,5.96
efw,fi_index,Fraser EFW (0-10),ECU,Ecuador,2012,6.0100002
efw,fi_index,Fraser EFW (0-10),ECU,Ecuador,2013,5.96
efw,fi_index,Fraser EFW (0-10),ECU,Ecuador,2014,5.7600002
efw,fi_index,Fraser EFW (0-10),ECU,Ecuador,2015,6.1999998
efw,fi_index,Fraser EFW (0-10),ECU,Ecuador,2016,6.1799998
efw,fi_index,Fraser EFW (0-10),ECU,Ecuador,2017,6.3099999
efw,fi_index,Fraser EFW (0-10),ECU,Ecuador,2018,6.4699998
efw,fi_index,Fraser EFW (0-10),ECU,Ecuador,2019,6.48
efw,fi_index,Fraser EFW (0-10),ECU,Ecuador,2020,6.3000002
efw,fi_index,Fraser EFW (0-10),ECU,Ecuador,2021,6.3899999
efw,fi_index,Fraser EFW (0-10),ECU,Ecuador,2022,6.1399999
efw,fi_index,Fraser EFW (0-10),HUN,Hungary,1990,5.4099998
efw,fi_index,Fraser EFW (0-10),HUN,Hungary,1995,6.5700002
efw,fi_index,Fraser EFW (0-10),HUN,Hungary,2000,6.9200001
efw,fi_index,Fraser EFW (0-10),HUN,Hungary,2001,7.3099999
efw,fi_index,Fraser EFW (0-10),HUN,Hungary,2002,7.1100001
efw,fi_index,Fraser EFW (0-10),HUN,Hungary,2003,7.1799998
efw,fi_index,Fraser EFW (0-10),HUN,Hungary,2004,7.3200002
efw,fi_index,Fraser EFW (0-10),HUN,Hungary,2005,7.29
efw,fi_index,Fraser EFW (0-10),HUN,Hungary,2006,7.1900001
efw,fi_index,Fraser EFW (0-10),HUN,Hungary,2007,7.23
efw,fi_index,Fraser EFW (0-10),HUN,Hungary,2008,7.27
efw,fi_index,Fraser EFW (0-10),HUN,Hungary,2009,7.3800001
efw,fi_index,Fraser EFW (0-10),HUN,Hungary,2010,7.4299998
efw,fi_index,Fraser EFW (0-10),HUN,Hungary,2011,7.48
efw,fi_index,Fraser EFW (0-10),HUN,Hungary,2012,7.4899998
efw,fi_index,Fraser EFW (0-10),HUN,Hungary,2013,7.4499998
efw,fi_index,Fraser EFW (0-10),HUN,Hungary,2014,7.5300002
efw,fi_index,Fraser EFW (0-10),HUN,Hungary,2015,7.4400001
efw,fi_index,Fraser EFW (0-10),HUN,Hungary,2016,7.5900002
efw,fi_index,Fraser EFW (0-10),HUN,Hungary,2017,7.48
efw,fi_index,Fraser EFW (0-10),HUN,Hungary,2018,7.4099998
efw,fi_index,Fraser EFW (0-10),HUN,Hungary,2019,7.4099998
efw,fi_index,Fraser EFW (0-10),HUN,Hungary,2020,7.1900001
efw,fi_index,Fraser EFW (0-10),HUN,Hungary,2021,7.3099999
efw,fi_index,Fraser EFW (0-10),HUN,Hungary,2022,7.1199999
efw,fi_index,Fraser EFW (0-10),IND,India,1990,4.9200001
efw,fi_index,Fraser EFW (0-10),IND,India,1995,5.5
efw,fi_index,Fraser EFW (0-10),IND,India,2000,6.0999999
efw,fi_index,Fraser EFW (0-10),IND,India,2001,6.0599999
efw,fi_index,Fraser EFW (0-10),IND,India,2002,6.0799999
efw,fi_index,Fraser EFW (0-10),IND,India,2003,6.1700001
efw,fi_index,Fraser EFW (0-10),IND,India,2004,6.1500001
efw,fi_index,Fraser EFW (0-10),IND,India,2005,6.2800002
efw,fi_index,Fraser EFW (0-10),IND,India,2006,6.0999999
efw,fi_index,Fraser EFW (0-10),IND,India,2007,6.1100001
efw,fi_index,Fraser EFW (0-10),IND,India,2008,6.0300002
efw,fi_index,Fraser EFW (0-10),IND,India,2009,5.9699998
efw,fi_index,Fraser EFW (0-10),IND,India,2010,5.9499998
efw,fi_index,Fraser EFW (0-10),IND,India,2011,6.1199999
efw,fi_index,Fraser EFW (0-10),IND,India,2012,6.1100001
efw,fi_index,Fraser EFW (0-10),IND,India,2013,6.0999999
efw,fi_index,Fraser EFW (0-10),IND,India,2014,5.9899998
efw,fi_index,Fraser EFW (0-10),IND,India,2015,6.3000002
efw,fi_index,Fraser EFW (0-10),IND,India,2016,6.3899999
efw,fi_index,Fraser EFW (0-10),IND,India,2017,6.6100001
efw,fi_index,Fraser EFW (0-10),IND,India,2018,6.5700002
efw,fi_index,Fraser EFW (0-10),IND,India,2019,6.5599999
efw,fi_index,Fraser EFW (0-10),IND,India,2020,6.6199999
efw,fi_index,Fraser EFW (0-10),IND,India,2021,6.5700002
efw,fi_index,Fraser EFW (0-10),IND,India,2022,6.5799999
efw,fi_index,Fraser EFW (0-10),IDN,Indonesia,1990,5.8099999
efw,fi_index,Fraser EFW (0-10),IDN,Indonesia,1995,6.3200002
efw,fi_index,Fraser EFW (0-10),IDN,Indonesia,2000,5.9899998
efw,fi_index,Fraser EFW (0-10),IDN,Indonesia,2001,5.6799998
efw,fi_index,Fraser EFW (0-10),IDN,Indonesia,2002,5.8899999
efw,fi_index,Fraser EFW (0-10),IDN,Indonesia,2003,6.2199998
efw,fi_index,Fraser EFW (0-10),IDN,Indonesia,2004,6.2399998
efw,fi_index,Fraser EFW (0-10),IDN,Indonesia,2005,6.4099998
efw,fi_index,Fraser EFW (0-10),IDN,Indonesia,2006,6.4400001
efw,fi_index,Fraser EFW (0-10),IDN,Indonesia,2007,6.5500002
efw,fi_index,Fraser EFW (0-10),IDN,Indonesia,2008,6.4499998
efw,fi_index,Fraser EFW (0-10),IDN,Indonesia,2009,6.54
efw,fi_index,Fraser EFW (0-10),IDN,Indonesia,2010,6.8099999
efw,fi_index,Fraser EFW (0-10),IDN,Indonesia,2011,6.7800002
efw,fi_index,Fraser EFW (0-10),IDN,Indonesia,2012,6.79
efw,fi_index,Fraser EFW (0-10),IDN,Indonesia,2013,6.8000002
efw,fi_index,Fraser EFW (0-10),IDN,Indonesia,2014,6.8499999
efw,fi_index,Fraser EFW (0-10),IDN,Indonesia,2015,6.9000001
efw,fi_index,Fraser EFW (0-10),IDN,Indonesia,2016,7.0599999
efw,fi_index,Fraser EFW (0-10),IDN,Indonesia,2017,7.0799999
efw,fi_index,Fraser EFW (0-10),IDN,Indonesia,2018,7.1100001
efw,fi_index,Fraser EFW (0-10),IDN,Indonesia,2019,7.0999999
efw,fi_index,Fraser EFW (0-10),IDN,Indonesia,2020,6.9099998
efw,fi_index,Fraser EFW (0-10),IDN,Indonesia,2021,6.9400001
efw,fi_index,Fraser EFW (0-10),IDN,Indonesia,2022,6.96
efw,fi_index,Fraser EFW (0-10),KOR,Korea (the Republic of),1990,6.7800002
efw,fi_index,Fraser EFW (0-10),KOR,Korea (the Republic of),1995,7.1700001
efw,fi_index,Fraser EFW (0-10),KOR,Korea (the Republic of),2000,7.04
efw,fi_index,Fraser EFW (0-10),KOR,Korea (the Republic of),2001,7.1500001
efw,fi_index,Fraser EFW (0-10),KOR,Korea (the Republic of),2002,7.23
efw,fi_index,Fraser EFW (0-10),KOR,Korea (the Republic of),2003,7.23
efw,fi_index,Fraser EFW (0-10),KOR,Korea (the Republic of),2004,7.4099998
efw,fi_index,Fraser EFW (0-10),KOR,Korea (the Republic of),2005,7.5799999
efw,fi_index,Fraser EFW (0-10),KOR,Korea (the Republic of),2006,7.6300001
efw,fi_index,Fraser EFW (0-10),KOR,Korea (the Republic of),2007,7.73
efw,fi_index,Fraser EFW (0-10),KOR,Korea (the Republic of),2008,7.54
efw,fi_index,Fraser EFW (0-10),KOR,Korea (the Republic of),2009,7.5300002
efw,fi_index,Fraser EFW (0-10),KOR,Korea (the Republic of),2010,7.5999999
efw,fi_index,Fraser EFW (0-10),KOR,Korea (the Republic of),2011,7.6399999
efw,fi_index,Fraser EFW (0-10),KOR,Korea (the Republic of),2012,7.6399999
efw,fi_index,Fraser EFW (0-10),KOR,Korea (the Republic of),2013,7.6500001
efw,fi_index,Fraser EFW (0-10),KOR,Korea (the Republic of),2014,7.6999998
efw,fi_index,Fraser EFW (0-10),KOR,Korea (the Republic of),2015,7.71
efw,fi_index,Fraser EFW (0-10),KOR,Korea (the Republic of),2016,7.71
efw,fi_index,Fraser EFW (0-10),KOR,Korea (the Republic of),2017,7.73
efw,fi_index,Fraser EFW (0-10),KOR,Korea (the Republic of),2018,7.6700001
efw,fi_index,Fraser EFW (0-10),KOR,Korea (the Republic of),2019,7.6199999
efw,fi_index,Fraser EFW (0-10),KOR,Korea (the Republic of),2020,7.4400001
efw,fi_index,Fraser EFW (0-10),KOR,Korea (the Republic of),2021,7.4200001
efw,fi_index,Fraser EFW (0-10),KOR,Korea (the Republic of),2022,7.52
efw,fi_index,Fraser EFW (0-10),MYS,Malaysia,1990,6.9200001
efw,fi_index,Fraser EFW (0-10),MYS,Malaysia,1995,7.0700002
efw,fi_index,Fraser EFW (0-10),MYS,Malaysia,2000,6.5300002
efw,fi_index,Fraser EFW (0-10),MYS,Malaysia,2001,6.1399999
efw,fi_index,Fraser EFW (0-10),MYS,Malaysia,2002,6.1399999
efw,fi_index,Fraser EFW (0-10),MYS,Malaysia,2003,6.1799998
efw,fi_index,Fraser EFW (0-10),MYS,Malaysia,2004,6.1900001
efw,fi_index,Fraser EFW (0-10),MYS,Malaysia,2005,6.4499998
efw,fi_index,Fraser EFW (0-10),MYS,Malaysia,2006,6.4099998
efw,fi_index,Fraser EFW (0-10),MYS,Malaysia,2007,6.5100002
efw,fi_index,Fraser EFW (0-10),MYS,Malaysia,2008,6.3200002
efw,fi_index,Fraser EFW (0-10),MYS,Malaysia,2009,6.3499999
efw,fi_index,Fraser EFW (0-10),MYS,Malaysia,2010,6.5100002
efw,fi_index,Fraser EFW (0-10),MYS,Malaysia,2011,6.5500002
efw,fi_index,Fraser EFW (0-10),MYS,Malaysia,2012,6.5900002
efw,fi_index,Fraser EFW (0-10),MYS,Malaysia,2013,7.21
efw,fi_index,Fraser EFW (0-10),MYS,Malaysia,2014,7.3099999
efw,fi_index,Fraser EFW (0-10),MYS,Malaysia,2015,7.3400002
efw,fi_index,Fraser EFW (0-10),MYS,Malaysia,2016,7.4400001
efw,fi_index,Fraser EFW (0-10),MYS,Malaysia,2017,7.5300002
efw,fi_index,Fraser EFW (0-10),MYS,Malaysia,2018,7.6300001
efw,fi_index,Fraser EFW (0-10),MYS,Malaysia,2019,7.6500001
efw,fi_index,Fraser EFW (0-10),MYS,Malaysia,2020,7.52
efw,fi_index,Fraser EFW (0-10),MYS,Malaysia,2021,7.4400001
efw,fi_index,Fraser EFW (0-10),MYS,Malaysia,2022,7.5599999
efw,fi_index,Fraser EFW (0-10),MEX,Mexico,1990,5.9099998
efw,fi_index,Fraser EFW (0-10),MEX,Mexico,1995,6.6900001
efw,fi_index,Fraser EFW (0-10),MEX,Mexico,2000,6.5999999
efw,fi_index,Fraser EFW (0-10),MEX,Mexico,2001,6.6700001
efw,fi_index,Fraser EFW (0-10),MEX,Mexico,2002,6.7600002
efw,fi_index,Fraser EFW (0-10),MEX,Mexico,2003,6.7399998
efw,fi_index,Fraser EFW (0-10),MEX,Mexico,2004,6.8800001
efw,fi_index,Fraser EFW (0-10),MEX,Mexico,2005,6.9699998
efw,fi_index,Fraser EFW (0-10),MEX,Mexico,2006,6.9899998
efw,fi_index,Fraser EFW (0-10),MEX,Mexico,2007,6.9099998
efw,fi_index,Fraser EFW (0-10),MEX,Mexico,2008,6.8899999
efw,fi_index,Fraser EFW (0-10),MEX,Mexico,2009,6.8200002
efw,fi_index,Fraser EFW (0-10),MEX,Mexico,2010,6.9499998
efw,fi_index,Fraser EFW (0-10),MEX,Mexico,2011,6.9000001
efw,fi_index,Fraser EFW (0-10),MEX,Mexico,2012,6.9000001
efw,fi_index,Fraser EFW (0-10),MEX,Mexico,2013,6.9299998
efw,fi_index,Fraser EFW (0-10),MEX,Mexico,2014,7.0300002
efw,fi_index,Fraser EFW (0-10),MEX,Mexico,2015,7.1100001
efw,fi_index,Fraser EFW (0-10),MEX,Mexico,2016,7.02
efw,fi_index,Fraser EFW (0-10),MEX,Mexico,2017,7.0599999
efw,fi_index,Fraser EFW (0-10),MEX,Mexico,2018,7.0700002
efw,fi_index,Fraser EFW (0-10),MEX,Mexico,2019,7.1199999
efw,fi_index,Fraser EFW (0-10),MEX,Mexico,2020,7.0599999
efw,fi_index,Fraser EFW (0-10),MEX,Mexico,2021,7.0
efw,fi_index,Fraser EFW (0-10),MEX,Mexico,2022,6.9400001
efw,fi_index,Fraser EFW (0-10),PER,Peru,1990,4.02
efw,fi_index,Fraser EFW (0-10),PER,Peru,1995,6.0
efw,fi_index,Fraser EFW (0-10),PER,Peru,2000,7.3200002
efw,fi_index,Fraser EFW (0-10),PER,Peru,2001,7.5300002
efw,fi_index,Fraser EFW (0-10),PER,Peru,2002,7.6100001
efw,fi_index,Fraser EFW (0-10),PER,Peru,2003,7.5599999
efw,fi_index,Fraser EFW (0-10),PER,Peru,2004,7.5599999
efw,fi_index,Fraser EFW (0-10),PER,Peru,2005,7.5700002
efw,fi_index,Fraser EFW (0-10),PER,Peru,2006,7.5799999
efw,fi_index,Fraser EFW (0-10),PER,Peru,2007,7.5999999
efw,fi_index,Fraser EFW (0-10),PER,Peru,2008,7.5700002
efw,fi_index,Fraser EFW (0-10),PER,Peru,2009,7.5500002
efw,fi_index,Fraser EFW (0-10),PER,Peru,2010,7.6199999
efw,fi_index,Fraser EFW (0-10),PER,Peru,2011,7.6100001
efw,fi_index,Fraser EFW (0-10),PER,Peru,2012,7.6100001
efw,fi_index,Fraser EFW (0-10),PER,Peru,2013,7.6100001
efw,fi_index,Fraser EFW (0-10),PER,Peru,2014,7.5500002
efw,fi_index,Fraser EFW (0-10),PER,Peru,2015,7.6599998
efw,fi_index,Fraser EFW (0-10),PER,Peru,2016,7.6300001
efw,fi_index,Fraser EFW (0-10),PER,Peru,2017,7.6799998
efw,fi_index,Fraser EFW (0-10),PER,Peru,2018,7.7800002
efw,fi_index,Fraser EFW (0-10),PER,Peru,2019,7.7600002
efw,fi_index,Fraser EFW (0-10),PER,Peru,2020,7.5300002
efw,fi_index,Fraser EFW (0-10),PER,Peru,2021,7.4299998
efw,fi_index,Fraser EFW (0-10),PER,Peru,2022,7.4099998
efw,fi_index,Fraser EFW (0-10),POL,Poland,1990,4.6100001
efw,fi_index,Fraser EFW (0-10),POL,Poland,1995,5.8800001
efw,fi_index,Fraser EFW (0-10),POL,Poland,2000,6.52
efw,fi_index,Fraser EFW (0-10),POL,Poland,2001,6.5599999
efw,fi_index,Fraser EFW (0-10),POL,Poland,2002,6.8299999
efw,fi_index,Fraser EFW (0-10),POL,Poland,2003,6.8200002
efw,fi_index,Fraser EFW (0-10),POL,Poland,2004,6.8400002
efw,fi_index,Fraser EFW (0-10),POL,Poland,2005,6.8699999
efw,fi_index,Fraser EFW (0-10),POL,Poland,2006,6.8699999
efw,fi_index,Fraser EFW (0-10),POL,Poland,2007,6.8400002
efw,fi_index,Fraser EFW (0-10),POL,Poland,2008,6.8499999
efw,fi_index,Fraser EFW (0-10),POL,Poland,2009,6.8600001
efw,fi_index,Fraser EFW (0-10),POL,Poland,2010,6.9299998
efw,fi_index,Fraser EFW (0-10),POL,Poland,2011,6.9699998
efw,fi_index,Fraser EFW (0-10),POL,Poland,2012,7.2199998
efw,fi_index,Fraser EFW (0-10),POL,Poland,2013,7.27
efw,fi_index,Fraser EFW (0-10),POL,Poland,2014,7.4099998
efw,fi_index,Fraser EFW (0-10),POL,Poland,2015,7.4099998
efw,fi_index,Fraser EFW (0-10),POL,Poland,2016,7.3200002
efw,fi_index,Fraser EFW (0-10),POL,Poland,2017,7.3099999
efw,fi_index,Fraser EFW (0-10),POL,Poland,2018,7.1999998
efw,fi_index,Fraser EFW (0-10),POL,Poland,2019,7.27
efw,fi_index,Fraser EFW (0-10),POL,Poland,2020,7.0300002
efw,fi_index,Fraser EFW (0-10),POL,Poland,2021,7.0700002
efw,fi_index,Fraser EFW (0-10),POL,Poland,2022,6.8499999
efw,fi_index,Fraser EFW (0-10),RUS,Russian Federation (the),1995,4.77
efw,fi_index,Fraser EFW (0-10),RUS,Russian Federation (the),2000,4.8899999
efw,fi_index,Fraser EFW (0-10),RUS,Russian Federation (the),2001,4.6900001
efw,fi_index,Fraser EFW (0-10),RUS,Russian Federation (the),2002,4.96
efw,fi_index,Fraser EFW (0-10),RUS,Russian Federation (the),2003,4.9400001
efw,fi_index,Fraser EFW (0-10),RUS,Russian Federation (the),2004,5.23
efw,fi_index,Fraser EFW (0-10),RUS,Russian Federation (the),2005,5.6599998
efw,fi_index,Fraser EFW (0-10),RUS,Russian Federation (the),2006,5.4099998
efw,fi_index,Fraser EFW (0-10),RUS,Russian Federation (the),2007,5.73
efw,fi_index,Fraser EFW (0-10),RUS,Russian Federation (the),2008,5.6599998
efw,fi_index,Fraser EFW (0-10),RUS,Russian Federation (the),2009,5.5500002
efw,fi_index,Fraser EFW (0-10),RUS,Russian Federation (the),2010,6.0100002
efw,fi_index,Fraser EFW (0-10),RUS,Russian Federation (the),2011,6.0500002
efw,fi_index,Fraser EFW (0-10),RUS,Russian Federation (the),2012,6.2600002
efw,fi_index,Fraser EFW (0-10),RUS,Russian Federation (the),2013,6.2800002
efw,fi_index,Fraser EFW (0-10),RUS,Russian Federation (the),2014,6.1599998
efw,fi_index,Fraser EFW (0-10),RUS,Russian Federation (the),2015,6.1100001
efw,fi_index,Fraser EFW (0-10),RUS,Russian Federation (the),2016,6.4200001
efw,fi_index,Fraser EFW (0-10),RUS,Russian Federation (the),2017,6.5799999
efw,fi_index,Fraser EFW (0-10),RUS,Russian Federation (the),2018,6.5599999
efw,fi_index,Fraser EFW (0-10),RUS,Russian Federation (the),2019,6.5500002
efw,fi_index,Fraser EFW (0-10),RUS,Russian Federation (the),2020,6.4200001
efw,fi_index,Fraser EFW (0-10),RUS,Russian Federation (the),2021,6.23
efw,fi_index,Fraser EFW (0-10),RUS,Russian Federation (the),2022,5.9299998
efw,fi_index,Fraser EFW (0-10),ZAF,South Africa,1990,5.6300001
efw,fi_index,Fraser EFW (0-10),ZAF,South Africa,1995,6.7600002
efw,fi_index,Fraser EFW (0-10),ZAF,South Africa,2000,6.8600001
efw,fi_index,Fraser EFW (0-10),ZAF,South Africa,2001,6.8699999
efw,fi_index,Fraser EFW (0-10),ZAF,South Africa,2002,6.77
efw,fi_index,Fraser EFW (0-10),ZAF,South Africa,2003,6.79
efw,fi_index,Fraser EFW (0-10),ZAF,South Africa,2004,6.8699999
efw,fi_index,Fraser EFW (0-10),ZAF,South Africa,2005,6.9400001
efw,fi_index,Fraser EFW (0-10),ZAF,South Africa,2006,6.8299999
efw,fi_index,Fraser EFW (0-10),ZAF,South Africa,2007,6.8099999
efw,fi_index,Fraser EFW (0-10),ZAF,South Africa,2008,6.5700002
efw,fi_index,Fraser EFW (0-10),ZAF,South Africa,2009,6.5900002
efw,fi_index,Fraser EFW (0-10),ZAF,South Africa,2010,6.7399998
efw,fi_index,Fraser EFW (0-10),ZAF,South Africa,2011,6.79
efw,fi_index,Fraser EFW (0-10),ZAF,South Africa,2012,6.8099999
efw,fi_index,Fraser EFW (0-10),ZAF,South Africa,2013,6.8899999
efw,fi_index,Fraser EFW (0-10),ZAF,South Africa,2014,6.71
efw,fi_index,Fraser EFW (0-10),ZAF,South Africa,2015,6.6300001
efw,fi_index,Fraser EFW (0-10),ZAF,South Africa,2016,6.5700002
efw,fi_index,Fraser EFW (0-10),ZAF,South Africa,2017,6.5999999
efw,fi_index,Fraser EFW (0-10),ZAF,South Africa,2018,6.6199999
efw,fi_index,Fraser EFW (0-10),ZAF,South Africa,2019,6.6199999
efw,fi_index,Fraser EFW (0-10),ZAF,South Africa,2020,6.4699998
efw,fi_index,Fraser EFW (0-10),ZAF,South Africa,2021,6.5799999
efw,fi_index,Fraser EFW (0-10),ZAF,South Africa,2022,6.6500001
efw,fi_index,Fraser EFW (0-10),THA,Thailand,1990,6.4299998
efw,fi_index,Fraser EFW (0-10),THA,Thailand,1995,7.3800001
efw,fi_index,Fraser EFW (0-10),THA,Thailand,2000,6.77
efw,fi_index,Fraser EFW (0-10),THA,Thailand,2001,6.7800002
efw,fi_index,Fraser EFW (0-10),THA,Thailand,2002,6.8299999
efw,fi_index,Fraser EFW (0-10),THA,Thailand,2003,6.8600001
efw,fi_index,Fraser EFW (0-10),THA,Thailand,2004,6.9400001
efw,fi_index,Fraser EFW (0-10),THA,Thailand,2005,6.8299999
efw,fi_index,Fraser EFW (0-10),THA,Thailand,2006,6.8699999
efw,fi_index,Fraser EFW (0-10),THA,Thailand,2007,6.8299999
efw,fi_index,Fraser EFW (0-10),THA,Thailand,2008,6.8800001
efw,fi_index,Fraser EFW (0-10),THA,Thailand,2009,6.79
efw,fi_index,Fraser EFW (0-10),THA,Thailand,2010,6.6700001
efw,fi_index,Fraser EFW (0-10),THA,Thailand,2011,6.6300001
efw,fi_index,Fraser EFW (0-10),THA,Thailand,2012,6.6300001
efw,fi_index,Fraser EFW (0-10),THA,Thailand,2013,6.6100001
efw,fi_index,Fraser EFW (0-10),THA,Thailand,2014,6.6300001
efw,fi_index,Fraser EFW (0-10),THA,Thailand,2015,6.8299999
efw,fi_index,Fraser EFW (0-10),THA,Thailand,2016,6.9000001
efw,fi_index,Fraser EFW (0-10),THA,Thailand,2017,6.9499998
efw,fi_index,Fraser EFW (0-10),THA,Thailand,2018,6.96
efw,fi_index,Fraser EFW (0-10),THA,Thailand,2019,6.9899998
efw,fi_index,Fraser EFW (0-10),THA,Thailand,2020,7.0599999
efw,fi_index,Fraser EFW (0-10),THA,Thailand,2021,7.02
efw,fi_index,Fraser EFW (0-10),THA,Thailand,2022,6.9400001
efw,fi_index,Fraser EFW (0-10),TUR,Turkey,1990,5.1500001
efw,fi_index,Fraser EFW (0-10),TUR,Turkey,1995,5.71
efw,fi_index,Fraser EFW (0-10),TUR,Turkey,2000,5.7600002
efw,fi_index,Fraser EFW (0-10),TUR,Turkey,2001,5.5599999
efw,fi_index,Fraser EFW (0-10),TUR,Turkey,2002,5.79
efw,fi_index,Fraser EFW (0-10),TUR,Turkey,2003,5.8400002
efw,fi_index,Fraser EFW (0-10),TUR,Turkey,2004,6.1399999
efw,fi_index,Fraser EFW (0-10),TUR,Turkey,2005,6.2800002
efw,fi_index,Fraser EFW (0-10),TUR,Turkey,2006,6.3400002
efw,fi_index,Fraser EFW (0-10),TUR,Turkey,2007,6.48
efw,fi_index,Fraser EFW (0-10),TUR,Turkey,2008,6.5100002
efw,fi_index,Fraser EFW (0-10),TUR,Turkey,2009,6.79
efw,fi_index,Fraser EFW (0-10),TUR,Turkey,2010,6.8600001
efw,fi_index,Fraser EFW (0-10),TUR,Turkey,2011,7.02
efw,fi_index,Fraser EFW (0-10),TUR,Turkey,2012,6.9699998
efw,fi_index,Fraser EFW (0-10),TUR,Turkey,2013,6.9499998
efw,fi_index,Fraser EFW (0-10),TUR,Turkey,2014,6.8899999
efw,fi_index,Fraser EFW (0-10),TUR,Turkey,2015,6.9099998
efw,fi_index,Fraser EFW (0-10),TUR,Turkey,2016,6.8600001
efw,fi_index,Fraser EFW (0-10),TUR,Turkey,2017,6.6500001
efw,fi_index,Fraser EFW (0-10),TUR,Turkey,2018,6.4899998
efw,fi_index,Fraser EFW (0-10),TUR,Turkey,2019,6.4000001
efw,fi_index,Fraser EFW (0-10),TUR,Turkey,2020,6.4099998
efw,fi_index,Fraser EFW (0-10),TUR,Turkey,2021,6.0599999
efw,fi_index,Fraser EFW (0-10),TUR,Turkey,2022,5.5700002
efw,fi_index,Fraser EFW (0-10),UKR,Ukraine,1995,3.46
efw,fi_index,Fraser EFW (0-10),UKR,Ukraine,2000,4.4499998
efw,fi_index,Fraser EFW (0-10),UKR,Ukraine,2001,4.8400002
efw,fi_index,Fraser EFW (0-10),UKR,Ukraine,2002,5.3600001
efw,fi_index,Fraser EFW (0-10),UKR,Ukraine,2003,5.1999998
efw,fi_index,Fraser EFW (0-10),UKR,Ukraine,2004,5.3200002
efw,fi_index,Fraser EFW (0-10),UKR,Ukraine,2005,5.2600002
efw,fi_index,Fraser EFW (0-10),UKR,Ukraine,2006,5.3400002
efw,fi_index,Fraser EFW (0-10),UKR,Ukraine,2007,5.2600002
efw,fi_index,Fraser EFW (0-10),UKR,Ukraine,2008,5.1300001
efw,fi_index,Fraser EFW (0-10),UKR,Ukraine,2009,5.2199998
efw,fi_index,Fraser EFW (0-10),UKR,Ukraine,2010,5.4699998
efw,fi_index,Fraser EFW (0-10),UKR,Ukraine,2011,5.6599998
efw,fi_index,Fraser EFW (0-10),UKR,Ukraine,2012,5.96
efw,fi_index,Fraser EFW (0-10),UKR,Ukraine,2013,6.0100002
efw,fi_index,Fraser EFW (0-10),UKR,Ukraine,2014,5.6399999
efw,fi_index,Fraser EFW (0-10),UKR,Ukraine,2015,5.25
efw,fi_index,Fraser EFW (0-10),UKR,Ukraine,2016,5.6100001
efw,fi_index,Fraser EFW (0-10),UKR,Ukraine,2017,5.6500001
efw,fi_index,Fraser EFW (0-10),UKR,Ukraine,2018,5.8600001
efw,fi_index,Fraser EFW (0-10),UKR,Ukraine,2019,6.1999998
efw,fi_index,Fraser EFW (0-10),UKR,Ukraine,2020,6.1900001
efw,fi_index,Fraser EFW (0-10),UKR,Ukraine,2021,6.0599999
efw,fi_index,Fraser EFW (0-10),UKR,Ukraine,2022,5.1199999
efw,fi_index,Fraser EFW (0-10),URY,Uruguay,1990,6.9000001
efw,fi_index,Fraser EFW (0-10),URY,Uruguay,1995,6.8000002
efw,fi_index,Fraser EFW (0-10),URY,Uruguay,2000,7.0999999
efw,fi_index,Fraser EFW (0-10),URY,Uruguay,2001,7.0500002
efw,fi_index,Fraser EFW (0-10),URY,Uruguay,2002,6.9899998
efw,fi_index,Fraser EFW (0-10),URY,Uruguay,2003,6.7800002
efw,fi_index,Fraser EFW (0-10),URY,Uruguay,2004,7.0700002
efw,fi_index,Fraser EFW (0-10),URY,Uruguay,2005,7.23
efw,fi_index,Fraser EFW (0-10),URY,Uruguay,2006,7.1500001
efw,fi_index,Fraser EFW (0-10),URY,Uruguay,2007,7.21
efw,fi_index,Fraser EFW (0-10),URY,Uruguay,2008,7.21
efw,fi_index,Fraser EFW (0-10),URY,Uruguay,2009,7.21
efw,fi_index,Fraser EFW (0-10),URY,Uruguay,2010,7.3499999
efw,fi_index,Fraser EFW (0-10),URY,Uruguay,2011,7.3600001
efw,fi_index,Fraser EFW (0-10),URY,Uruguay,2012,7.3400002
efw,fi_index,Fraser EFW (0-10),URY,Uruguay,2013,7.3000002
efw,fi_index,Fraser EFW (0-10),URY,Uruguay,2014,7.1100001
efw,fi_index,Fraser EFW (0-10),URY,Uruguay,2015,7.1500001
efw,fi_index,Fraser EFW (0-10),URY,Uruguay,2016,7.1500001
efw,fi_index,Fraser EFW (0-10),URY,Uruguay,2017,7.1999998
efw,fi_index,Fraser EFW (0-10),URY,Uruguay,2018,7.1799998
efw,fi_index,Fraser EFW (0-10),URY,Uruguay,2019,7.1999998
efw,fi_index,Fraser EFW (0-10),URY,Uruguay,2020,6.9499998
efw,fi_index,Fraser EFW (0-10),URY,Uruguay,2021,6.9299998
efw,fi_index,Fraser EFW (0-10),URY,Uruguay,2022,7.04